name_similarity,address_similarity,state_match,activity_similarity,same_entity
0.25,0.37168141592920356,0.0,0.31746031746031744,0
0.9565217391304348,1.0,1.0,1.0,1
0.7948717948717949,1.0,1.0,1.0,1
0.7777777777777779,1.0,1.0,1.0,1
0.303030303030303,0.23636363636363633,0.0,1.0,0
0.3125,0.33333333333333337,0.0,0.2545454545454545,0
0.3870967741935484,0.23076923076923073,0.0,0.14678899082568808,0
0.9615384615384616,1.0,1.0,1.0,1
0.3829787234042554,0.2666666666666667,0.0,0.3783783783783784,0
0.8518518518518519,1.0,1.0,1.0,1
0.8787878787878788,1.0,1.0,1.0,1
0.9411764705882352,1.0,1.0,1.0,1
0.2857142857142857,0.30000000000000004,1.0,0.2857142857142857,0
0.24,0.328125,0.0,0.35820895522388063,0
0.29268292682926833,0.29702970297029707,0.0,0.3597122302158273,0
0.9565217391304348,1.0,1.0,1.0,1
0.41860465116279066,0.27826086956521734,0.0,1.0,0
0.25,0.3055555555555556,0.0,0.14678899082568808,0
0.7142857142857143,1.0,1.0,1.0,1
0.7777777777777779,1.0,1.0,1.0,1
0.7727272727272727,1.0,1.0,1.0,1
0.967741935483871,1.0,1.0,1.0,1
0.3157894736842105,0.3689320388349514,0.0,0.25,0
0.3076923076923077,0.3023255813953488,0.0,1.0,0
0.975609756097561,1.0,1.0,1.0,1
0.33333333333333337,0.4299065420560748,0.0,1.0,0
0.37209302325581395,0.46,0.0,0.25,0
0.5531914893617021,0.36111111111111116,0.0,0.48,0
0.36363636363636365,0.30000000000000004,0.0,0.42105263157894735,0
0.8787878787878788,1.0,1.0,1.0,1
0.6666666666666667,1.0,1.0,1.0,1
0.38888888888888884,0.3125,0.0,0.3597122302158273,0
0.17142857142857137,0.4411764705882353,0.0,1.0,0
0.3414634146341463,0.3924050632911392,0.0,0.3589743589743589,0
0.4615384615384615,0.2947368421052632,0.0,0.35820895522388063,0
0.30434782608695654,0.2142857142857143,0.0,0.2545454545454545,0
0.2622950819672131,0.2790697674418605,0.0,0.2857142857142857,0
0.8095238095238095,1.0,1.0,1.0,1
0.29268292682926833,0.36363636363636365,0.0,0.4444444444444444,0
0.5365853658536586,0.4307692307692308,0.0,1.0,0
0.2142857142857143,0.3157894736842105,0.0,0.3783783783783784,0
0.3548387096774194,0.24242424242424243,0.0,0.3597122302158273,0
0.814814814814815,1.0,1.0,1.0,1
0.8974358974358975,1.0,1.0,1.0,1
0.34042553191489366,0.29268292682926833,0.0,0.2545454545454545,0
0.3555555555555555,0.2545454545454545,0.0,0.3597122302158273,0
0.26315789473684215,0.32098765432098764,0.0,0.3597122302158273,0
0.68,1.0,1.0,1.0,1
0.28,0.3448275862068966,0.0,0.25,0
0.8484848484848484,1.0,1.0,1.0,1
0.3111111111111111,0.4,0.0,0.36363636363636365,0
0.33333333333333337,0.29885057471264365,0.0,0.4761904761904761,0
0.3157894736842105,0.28125,0.0,0.4,0
0.4864864864864865,0.34285714285714286,0.0,1.0,0
0.9433962264150944,1.0,1.0,1.0,1
0.16000000000000003,0.2857142857142857,0.0,1.0,0
0.8333333333333335,1.0,1.0,1.0,1
0.33333333333333337,0.2909090909090909,0.0,0.20895522388059706,0
0.23255813953488372,0.28148148148148144,0.0,1.0,0
0.19999999999999996,0.3448275862068966,0.0,0.14814814814814814,0
0.8333333333333335,1.0,1.0,1.0,1
0.30188679245283023,0.32258064516129037,0.0,0.35820895522388063,0
0.34042553191489366,0.0,0.0,0.2222222222222222,0
0.33333333333333337,0.42105263157894735,0.0,0.35820895522388063,0
0.9583333333333335,1.0,1.0,1.0,1
0.2666666666666667,0.34042553191489366,0.0,0.25,0
0.7647058823529411,1.0,1.0,1.0,1
0.8787878787878788,1.0,1.0,1.0,1
0.4782608695652174,0.1515151515151515,0.0,1.0,0
0.3448275862068966,0.368421052631579,1.0,0.5454545454545454,0
0.8918918918918919,1.0,1.0,1.0,1
0.7241379310344827,1.0,1.0,1.0,1
0.9583333333333335,1.0,1.0,1.0,1
0.4,0.26168224299065423,0.0,0.3597122302158273,0
0.14814814814814814,0.3157894736842105,0.0,0.5154639175257731,0
0.20512820512820518,0.3424657534246576,0.0,0.36923076923076925,0
0.23529411764705888,0.23076923076923073,0.0,0.36923076923076925,0
0.7727272727272727,1.0,1.0,1.0,1
0.9696969696969697,1.0,1.0,1.0,1
0.7948717948717949,1.0,1.0,1.0,1
0.35,0.3492063492063492,0.0,0.41333333333333333,0
0.9696969696969697,1.0,1.0,1.0,1
0.30508474576271183,0.339622641509434,0.0,0.48,0
0.3157894736842105,0.24,0.0,0.20895522388059706,0
0.4324324324324324,0.36363636363636365,0.0,0.25,0
0.48275862068965514,0.35,0.0,0.3597122302158273,0
0.8709677419354839,1.0,1.0,1.0,1
0.7241379310344827,1.0,1.0,1.0,1
0.8,1.0,1.0,1.0,1
0.3846153846153846,0.3025210084033614,0.0,0.35820895522388063,0
0.9523809523809522,1.0,1.0,1.0,1
0.2564102564102564,0.24,0.0,0.4761904761904761,0
0.26086956521739135,0.4069767441860465,0.0,0.48,0
0.8181818181818181,1.0,1.0,1.0,1
0.25806451612903225,0.30188679245283023,0.0,0.22857142857142854,0
0.26415094339622647,0.28915662650602414,0.0,0.14678899082568808,0
0.4324324324324324,0.2295081967213115,0.0,1.0,0
0.2666666666666667,0.3584905660377359,0.0,0.25,0
0.1333333333333333,0.31746031746031744,0.0,1.0,0
0.8214285714285714,1.0,1.0,1.0,1
0.2727272727272727,0.32258064516129037,0.0,0.4545454545454546,0
0.9655172413793103,1.0,1.0,1.0,1
0.826086956521739,1.0,1.0,1.0,1
0.3076923076923077,0.41379310344827597,0.0,0.25,0
0.8648648648648648,1.0,1.0,1.0,1
0.8181818181818181,1.0,1.0,1.0,1
0.2222222222222222,0.23529411764705888,0.0,0.14678899082568808,0
0.37209302325581395,0.33720930232558144,0.0,0.42666666666666664,0
0.4736842105263158,0.35398230088495575,0.0,1.0,0
0.9696969696969697,1.0,1.0,1.0,1
0.19354838709677424,0.3564356435643564,0.0,1.0,0
0.6363636363636364,1.0,1.0,1.0,1
0.9538461538461537,1.0,1.0,1.0,1
0.4,0.27941176470588236,0.0,0.25,0
0.36363636363636365,0.367816091954023,0.0,0.25,0
0.2978723404255319,0.3559322033898306,0.0,0.35820895522388063,0
0.8095238095238095,1.0,1.0,1.0,1
0.2222222222222222,0.23076923076923073,0.0,0.38095238095238093,0
0.9696969696969697,1.0,1.0,1.0,1
0.967741935483871,1.0,1.0,1.0,1
0.8,1.0,1.0,1.0,1
0.9285714285714286,1.0,1.0,1.0,1
0.9111111111111111,1.0,1.0,1.0,1
0.782608695652174,1.0,1.0,1.0,1
0.7142857142857143,1.0,1.0,1.0,1
0.9565217391304348,1.0,1.0,1.0,1
0.8709677419354839,1.0,1.0,1.0,1
0.7241379310344827,1.0,1.0,1.0,1
0.17647058823529416,0.28260869565217395,0.0,0.4,0
0.33333333333333337,0.3312101910828026,0.0,0.31746031746031744,0
0.92,1.0,1.0,1.0,1
0.3728813559322034,0.2264150943396226,0.0,0.35820895522388063,0
0.967741935483871,1.0,1.0,1.0,1
0.3448275862068966,0.3559322033898306,0.0,0.2941176470588235,0
0.3111111111111111,0.33009708737864074,0.0,0.23333333333333328,0
0.9743589743589743,1.0,1.0,1.0,1
0.7619047619047619,1.0,1.0,1.0,1
0.3278688524590164,0.2727272727272727,0.0,1.0,0
0.26315789473684215,0.303030303030303,0.0,0.36363636363636365,0
0.30000000000000004,0.30000000000000004,0.0,0.5154639175257731,0
0.1428571428571429,0.3529411764705882,0.0,1.0,0
0.25,0.3305785123966942,0.0,1.0,0
0.8571428571428572,1.0,1.0,1.0,1
0.7619047619047619,1.0,1.0,1.0,1
0.7647058823529411,1.0,1.0,1.0,1
0.31818181818181823,0.3529411764705882,0.0,0.35820895522388063,0
0.44999999999999996,0.3857142857142857,0.0,0.45569620253164556,0
0.24242424242424243,0.3218390804597702,0.0,0.35820895522388063,0
0.8787878787878788,1.0,1.0,1.0,1
0.84,1.0,1.0,1.0,1
0.8571428571428572,1.0,1.0,1.0,1
0.6923076923076923,1.0,1.0,1.0,1
0.7647058823529411,1.0,1.0,1.0,1
0.17142857142857137,0.32432432432432434,0.0,0.4,0
0.2777777777777778,0.3076923076923077,0.0,0.23333333333333328,0
0.9767441860465115,1.0,1.0,1.0,1
0.8709677419354839,1.0,1.0,1.0,1
0.3125,0.25,0.0,0.3597122302158273,0
0.9583333333333335,1.0,1.0,1.0,1
0.8461538461538461,1.0,1.0,1.0,1
0.26415094339622647,0.34375,0.0,0.4444444444444444,0
0.9696969696969697,1.0,1.0,1.0,1
0.4324324324324324,0.42307692307692313,0.0,0.2545454545454545,0
0.6666666666666667,1.0,1.0,1.0,1
0.7727272727272727,1.0,1.0,1.0,1
0.7777777777777779,1.0,1.0,1.0,1
0.3076923076923077,0.31999999999999995,0.0,0.25,0
0.7727272727272727,1.0,1.0,1.0,1
0.9024390243902439,0.0,1.0,1.0,1
0.96,1.0,1.0,1.0,1
0.826086956521739,1.0,1.0,1.0,1
0.33333333333333337,0.34343434343434337,0.0,1.0,0
0.38888888888888884,0.34285714285714286,0.0,0.14814814814814814,0
0.96,1.0,1.0,1.0,1
0.9655172413793103,1.0,1.0,1.0,1
0.7777777777777779,1.0,1.0,1.0,1
0.24489795918367352,0.38,1.0,0.24,0
0.3157894736842105,0.3492063492063492,0.0,1.0,0
0.3846153846153846,0.291970802919708,0.0,0.35820895522388063,0
0.9615384615384616,1.0,1.0,1.0,1
0.3111111111111111,0.43373493975903604,0.0,1.0,0
0.8333333333333335,1.0,1.0,1.0,1
0.2666666666666667,0.30000000000000004,0.0,0.25,0
0.3555555555555555,0.17721518987341767,0.0,0.41379310344827597,0
0.2857142857142857,0.2828282828282829,0.0,0.3783783783783784,0
0.75,1.0,1.0,1.0,1
0.2702702702702703,0.339622641509434,0.0,0.45569620253164556,0
0.75,1.0,1.0,1.0,1
0.9714285714285714,1.0,1.0,1.0,1
0.4878048780487805,0.3063063063063063,0.0,0.25,0
0.8333333333333335,1.0,1.0,1.0,1
0.9523809523809522,1.0,1.0,1.0,1
0.84,1.0,1.0,1.0,1
0.2142857142857143,0.27956989247311825,0.0,1.0,0
0.975609756097561,1.0,1.0,1.0,1
0.3076923076923077,0.19999999999999996,0.0,0.25,0
0.68,1.0,1.0,1.0,1
0.8620689655172413,1.0,1.0,1.0,1
0.8666666666666667,1.0,1.0,1.0,1
0.5,0.30612244897959184,0.0,0.14678899082568808,0
0.3157894736842105,0.20202020202020202,1.0,0.3597122302158273,0
0.975609756097561,1.0,1.0,1.0,1
0.17647058823529416,0.291970802919708,0.0,0.25,0
0.9411764705882352,1.0,1.0,1.0,1
0.5,0.15652173913043477,0.0,0.3597122302158273,0
0.7333333333333334,1.0,1.0,1.0,1
0.2777777777777778,0.3880597014925373,0.0,0.2545454545454545,0
0.7037037037037037,1.0,1.0,1.0,1
0.375,0.0,0.0,0.4761904761904761,0
0.9545454545454546,1.0,1.0,1.0,1
0.8181818181818181,1.0,1.0,1.0,1
0.24615384615384617,0.3783783783783784,0.0,0.48,0
0.3508771929824561,0.3055555555555556,0.0,0.2222222222222222,0
0.9565217391304348,1.0,1.0,1.0,1
0.7777777777777779,1.0,1.0,1.0,1
0.3414634146341463,0.1686746987951807,0.0,1.0,0
0.96,1.0,1.0,1.0,1
0.96,1.0,1.0,1.0,1
0.8181818181818181,1.0,1.0,1.0,1
0.3448275862068966,0.25,0.0,0.48,0
0.972972972972973,1.0,1.0,1.0,1
0.4444444444444444,0.37362637362637363,0.0,1.0,0
0.3870967741935484,0.28865979381443296,0.0,0.25,0
0.2962962962962963,0.3846153846153846,1.0,0.14678899082568808,0
0.8,1.0,1.0,1.0,1
0.9375,1.0,1.0,1.0,1
0.8333333333333335,1.0,1.0,1.0,1
0.3157894736842105,0.3232323232323232,0.0,1.0,0
0.25,0.32167832167832167,0.0,0.48,0
0.6521739130434783,1.0,1.0,1.0,1
0.27450980392156865,0.3661971830985915,0.0,1.0,0
0.9714285714285714,1.0,1.0,1.0,1
0.8181818181818181,1.0,1.0,1.0,1
0.84,1.0,1.0,1.0,1
0.6666666666666667,1.0,1.0,1.0,1
0.9245283018867925,1.0,1.0,1.0,1
0.40816326530612246,0.2647058823529411,0.0,0.45569620253164556,0
0.967741935483871,1.0,1.0,1.0,1
0.967741935483871,1.0,1.0,1.0,1
0.29850746268656714,0.40476190476190477,0.0,0.35820895522388063,0
0.32258064516129037,0.31707317073170727,0.0,0.4,0
0.8518518518518519,1.0,1.0,1.0,1
0.9583333333333335,1.0,1.0,1.0,1
0.9743589743589743,1.0,1.0,1.0,1
0.26086956521739135,0.2857142857142857,0.0,0.45569620253164556,0
0.4285714285714286,0.32432432432432434,0.0,0.5154639175257731,0
0.30434782608695654,0.3571428571428571,0.0,0.36923076923076925,0
0.9545454545454546,1.0,1.0,1.0,1
0.32432432432432434,0.3291139240506329,0.0,0.45569620253164556,0
0.18181818181818177,0.3291139240506329,0.0,0.3214285714285714,0
0.23529411764705888,0.2912621359223301,0.0,0.45569620253164556,0
0.18181818181818177,0.30612244897959184,0.0,0.14678899082568808,0
0.7241379310344827,1.0,1.0,1.0,1
0.9696969696969697,1.0,1.0,1.0,1
0.5483870967741935,0.35789473684210527,0.0,0.43333333333333335,0
0.38095238095238093,0.35,0.0,0.25,0
0.6923076923076923,1.0,1.0,1.0,1
0.4,0.20869565217391306,1.0,0.2545454545454545,0
0.3157894736842105,0.30000000000000004,0.0,0.25,0
0.8620689655172413,1.0,1.0,1.0,1
0.19354838709677424,0.3055555555555556,0.0,0.3597122302158273,0
0.34615384615384615,0.2857142857142857,0.0,0.25,0
0.32258064516129037,0.36363636363636365,0.0,0.23076923076923073,0
0.8,1.0,1.0,1.0,1
0.33333333333333337,0.2857142857142857,0.0,1.0,0
0.6190476190476191,1.0,1.0,1.0,1
0.8620689655172413,1.0,1.0,1.0,1
0.33333333333333337,0.25396825396825395,0.0,0.36923076923076925,0
0.95,1.0,1.0,1.0,1
0.13793103448275867,0.33333333333333337,0.0,0.14678899082568808,0
0.9696969696969697,1.0,1.0,1.0,1
0.23255813953488372,0.36,0.0,0.23333333333333328,0
0.6190476190476191,1.0,1.0,1.0,1
0.26086956521739135,0.2947368421052632,0.0,0.3597122302158273,0
0.2666666666666667,0.31746031746031744,0.0,0.23333333333333328,0
0.6521739130434783,1.0,1.0,1.0,1
0.4242424242424242,0.3232323232323232,0.0,1.0,0
0.3589743589743589,0.326530612244898,0.0,0.25,0
0.5531914893617021,0.2222222222222222,0.0,0.2545454545454545,0
0.18181818181818177,0.20202020202020202,1.0,0.31746031746031744,0
0.8181818181818181,1.0,1.0,1.0,1
0.5,0.2931034482758621,0.0,1.0,0
0.9655172413793103,1.0,1.0,1.0,1
0.6,0.3551401869158879,0.0,0.3597122302158273,0
0.27586206896551724,0.2597402597402597,0.0,0.25,0
0.36734693877551017,0.35398230088495575,1.0,0.14678899082568808,0
0.3111111111111111,0.26086956521739135,0.0,0.3597122302158273,0
0.7575757575757575,1.0,1.0,1.0,1
0.3157894736842105,0.3055555555555556,1.0,0.33333333333333337,0
0.7142857142857143,1.0,1.0,1.0,1
0.29268292682926833,0.1609195402298851,0.0,1.0,0
0.7037037037037037,1.0,1.0,1.0,1
0.41860465116279066,0.39534883720930236,0.0,0.25,0
0.30000000000000004,0.24,0.0,0.35820895522388063,0
0.25806451612903225,0.32352941176470584,0.0,0.25,0
0.6875,1.0,1.0,1.0,1
0.31818181818181823,0.26530612244897955,0.0,0.35820895522388063,0
0.826086956521739,1.0,1.0,1.0,1
0.975609756097561,1.0,1.0,1.0,1
0.826086956521739,1.0,1.0,1.0,1
0.32432432432432434,0.33684210526315794,0.0,0.25,0
0.8571428571428572,1.0,1.0,1.0,1
0.2142857142857143,0.3589743589743589,0.0,0.48,0
0.8095238095238095,1.0,1.0,1.0,1
0.18181818181818177,0.25287356321839083,0.0,0.48,0
0.2857142857142857,0.30666666666666664,0.0,0.31746031746031744,0
0.36363636363636365,0.23376623376623373,0.0,0.2222222222222222,0
0.7222222222222221,1.0,1.0,1.0,1
0.5263157894736843,0.37254901960784315,0.0,0.45569620253164556,0
0.32432432432432434,0.17977528089887643,1.0,0.25,0
0.3157894736842105,0.2777777777777778,0.0,0.5154639175257731,0
0.782608695652174,1.0,1.0,1.0,1
0.3125,0.29166666666666663,0.0,0.25,0
0.972972972972973,1.0,1.0,1.0,1
0.75,1.0,1.0,1.0,1
0.9714285714285714,1.0,1.0,1.0,1
0.5217391304347826,0.3571428571428571,0.0,0.3597122302158273,0
0.3555555555555555,0.38095238095238093,0.0,0.31746031746031744,0
0.3076923076923077,0.2222222222222222,0.0,0.25,0
0.5185185185185186,0.32727272727272727,1.0,1.0,0
0.7777777777777779,1.0,1.0,1.0,1
0.9777777777777777,1.0,1.0,1.0,1
0.8666666666666667,1.0,1.0,1.0,1
0.8620689655172413,1.0,1.0,1.0,1
0.1333333333333333,0.3529411764705882,0.0,0.25,0
0.3829787234042554,0.3116883116883117,0.0,0.14814814814814814,0
0.9473684210526316,1.0,1.0,1.0,1
0.42553191489361697,0.202247191011236,0.0,0.33333333333333337,0
0.9523809523809522,1.0,1.0,1.0,1
0.8974358974358975,1.0,1.0,1.0,1
0.9523809523809522,1.0,1.0,1.0,1
0.8823529411764706,1.0,1.0,1.0,1
0.84,1.0,1.0,1.0,1
0.8857142857142857,1.0,1.0,1.0,1
0.4,0.3296703296703297,0.0,1.0,0
0.24242424242424243,0.36065573770491793,0.0,0.31746031746031744,0
0.2692307692307693,0.3191489361702128,0.0,0.1333333333333333,0
0.25,0.31858407079646023,0.0,0.42666666666666664,0
0.30000000000000004,0.25287356321839083,0.0,1.0,0
0.3157894736842105,0.3855421686746988,0.0,0.25,0
0.6875,1.0,1.0,1.0,1
0.42105263157894735,0.3666666666666667,0.0,0.48,0
0.9411764705882352,1.0,1.0,1.0,1
0.8095238095238095,1.0,1.0,1.0,1
0.19999999999999996,0.3137254901960784,0.0,0.33333333333333337,0
0.7777777777777779,1.0,1.0,1.0,1
0.3846153846153846,0.24444444444444446,1.0,1.0,0
0.33333333333333337,0.3410852713178295,0.0,0.25,0
0.2564102564102564,0.27586206896551724,1.0,0.3597122302158273,0
0.75,1.0,1.0,1.0,1
0.68,1.0,1.0,1.0,1
0.5555555555555556,1.0,1.0,1.0,1
0.9565217391304348,1.0,1.0,1.0,1
0.3783783783783784,0.37623762376237624,0.0,1.0,0
0.2162162162162162,0.39520958083832336,0.0,0.14814814814814814,0
0.631578947368421,0.36144578313253023,0.0,0.35820895522388063,0
0.38095238095238093,0.32098765432098764,0.0,0.33333333333333337,0
0.6,1.0,1.0,1.0,1
0.7894736842105263,1.0,1.0,1.0,1
0.25,0.28985507246376807,1.0,0.14814814814814814,0
0.2857142857142857,0.4301075268817204,1.0,0.4444444444444444,0
0.8823529411764706,1.0,1.0,1.0,1
0.9545454545454546,1.0,1.0,1.0,1
0.2162162162162162,0.2962962962962963,0.0,1.0,0
0.8666666666666667,1.0,1.0,1.0,1
0.42105263157894735,0.33599999999999997,0.0,0.4675324675324676,0
0.2857142857142857,0.2222222222222222,0.0,0.2222222222222222,0
0.2564102564102564,0.3125,0.0,0.14678899082568808,0
0.44999999999999996,0.33112582781456956,0.0,0.4761904761904761,0
0.24390243902439024,0.32727272727272727,0.0,0.5154639175257731,0
0.30434782608695654,0.3829787234042554,0.0,0.2857142857142857,0
0.7916666666666665,1.0,1.0,1.0,1
0.6190476190476191,1.0,1.0,1.0,1
0.9523809523809522,1.0,1.0,1.0,1
0.8275862068965517,1.0,1.0,1.0,1
0.303030303030303,0.30000000000000004,0.0,0.33333333333333337,0
0.7647058823529411,1.0,1.0,1.0,1
0.375,0.3076923076923077,0.0,0.3492063492063492,0
0.8181818181818181,1.0,1.0,1.0,1
0.303030303030303,0.38,0.0,0.25,0
0.23529411764705888,0.2682926829268293,0.0,0.34285714285714286,0
0.33333333333333337,0.41463414634146345,0.0,0.45569620253164556,0
0.8484848484848484,1.0,1.0,1.0,1
0.9375,1.0,1.0,1.0,1
0.826086956521739,1.0,1.0,1.0,1
0.814814814814815,1.0,1.0,1.0,1
0.3589743589743589,0.27586206896551724,0.0,0.2545454545454545,0
0.967741935483871,1.0,1.0,1.0,1
0.35,0.2647058823529411,0.0,0.5154639175257731,0
0.8,1.0,1.0,1.0,1
0.4,0.29508196721311475,0.0,1.0,0
0.9444444444444444,1.0,1.0,1.0,1
0.826086956521739,1.0,1.0,1.0,1
0.303030303030303,0.3414634146341463,0.0,0.25,0
0.22857142857142854,0.3146067415730337,1.0,0.2857142857142857,0
0.32558139534883723,0.31858407079646023,0.0,1.0,0
0.3548387096774194,0.34343434343434337,0.0,1.0,0
0.23529411764705888,0.3287671232876712,0.0,0.3783783783783784,0
0.6666666666666667,1.0,1.0,1.0,1
0.9523809523809522,1.0,1.0,1.0,1
0.6923076923076923,1.0,1.0,1.0,1
0.2777777777777778,0.34042553191489366,0.0,0.36363636363636365,0
0.375,0.33333333333333337,0.0,0.2545454545454545,0
0.2777777777777778,0.29508196721311475,0.0,0.48,0
0.7948717948717949,1.0,1.0,1.0,1
0.8095238095238095,1.0,1.0,1.0,1
0.2222222222222222,0.31304347826086953,0.0,0.3597122302158273,0
0.7777777777777779,1.0,1.0,1.0,1
0.7714285714285716,1.0,1.0,1.0,1
0.3555555555555555,0.24137931034482762,0.0,0.14678899082568808,0
0.6666666666666667,1.0,1.0,1.0,1
0.34285714285714286,0.34,0.0,0.35820895522388063,0
0.7037037037037037,1.0,1.0,1.0,1
0.9696969696969697,1.0,1.0,1.0,1
0.9655172413793103,1.0,1.0,1.0,1
0.8461538461538461,1.0,1.0,1.0,1
0.7142857142857143,1.0,1.0,1.0,1
0.9714285714285714,1.0,1.0,1.0,1
0.7222222222222221,1.0,1.0,1.0,1
0.2857142857142857,0.2680412371134021,0.0,0.14678899082568808,0
0.2222222222222222,0.2857142857142857,0.0,0.5154639175257731,0
0.34285714285714286,0.31818181818181823,0.0,0.48,0
0.3555555555555555,0.2597402597402597,0.0,0.45569620253164556,0
0.9090909090909091,1.0,1.0,1.0,1
0.37735849056603776,0.288135593220339,0.0,0.41666666666666663,0
0.7333333333333334,1.0,1.0,1.0,1
0.32432432432432434,0.3537414965986394,0.0,0.25,0
0.96,1.0,1.0,1.0,1
0.2727272727272727,0.3555555555555555,0.0,0.4,0
0.3125,0.29333333333333333,0.0,0.25,0
0.782608695652174,1.0,1.0,1.0,1
0.75,1.0,1.0,1.0,1
0.84,1.0,1.0,1.0,1
0.9285714285714286,1.0,1.0,1.0,1
0.2727272727272727,0.2954545454545454,1.0,1.0,0
0.29268292682926833,0.23529411764705888,0.0,0.25,0
0.9473684210526316,1.0,1.0,1.0,1
0.9787234042553191,1.0,1.0,1.0,1
0.33333333333333337,0.23333333333333328,0.0,0.3783783783783784,0
0.8974358974358975,1.0,1.0,1.0,1
0.2857142857142857,0.23529411764705888,1.0,0.4242424242424242,0
0.7037037037037037,1.0,1.0,1.0,1
0.26315789473684215,0.25,0.0,0.23333333333333328,0
0.7142857142857143,1.0,1.0,1.0,1
0.326530612244898,0.3362831858407079,0.0,1.0,0
0.3902439024390244,0.3529411764705882,0.0,0.2545454545454545,0
0.9523809523809522,1.0,1.0,1.0,1
0.9583333333333335,1.0,1.0,1.0,1
0.7333333333333334,1.0,1.0,1.0,1
0.3571428571428571,0.3157894736842105,0.0,0.3597122302158273,0
0.7777777777777779,1.0,1.0,1.0,1
0.35,0.3067484662576687,0.0,1.0,0
0.9473684210526316,1.0,1.0,1.0,1
0.8863636363636364,1.0,1.0,1.0,1
0.8333333333333335,1.0,1.0,1.0,1
0.375,0.33599999999999997,0.0,1.0,0
0.38888888888888884,0.24,0.0,0.2545454545454545,0
0.7894736842105263,1.0,1.0,1.0,1
0.4736842105263158,0.30000000000000004,0.0,0.35820895522388063,0
0.8461538461538461,1.0,1.0,1.0,1
0.2702702702702703,0.34951456310679613,0.0,0.3783783783783784,0
0.42105263157894735,0.24761904761904763,0.0,0.36923076923076925,0
0.34782608695652173,0.3448275862068966,0.0,0.4545454545454546,0
0.24,0.31932773109243695,0.0,0.3941605839416058,0
0.3571428571428571,0.23636363636363633,0.0,1.0,0
0.34375,0.31007751937984496,0.0,1.0,0
0.9523809523809522,1.0,1.0,1.0,1
0.37735849056603776,0.33898305084745756,0.0,1.0,0
0.875,1.0,1.0,1.0,1
0.23529411764705888,0.3880597014925373,1.0,0.4444444444444444,0
0.7647058823529411,1.0,1.0,1.0,1
0.9393939393939393,1.0,1.0,1.0,1
0.6923076923076923,1.0,1.0,1.0,1
0.3589743589743589,0.3366336633663366,1.0,0.14678899082568808,0
0.8333333333333335,1.0,1.0,1.0,1
0.926829268292683,1.0,1.0,1.0,1
0.814814814814815,1.0,1.0,1.0,1
0.36111111111111116,0.2941176470588235,0.0,0.14814814814814814,0
0.27586206896551724,0.3561643835616438,0.0,0.35820895522388063,0
0.7619047619047619,1.0,1.0,1.0,1
0.2790697674418605,0.4615384615384615,0.0,0.23333333333333328,0
0.8611111111111112,1.0,1.0,1.0,1
0.30508474576271183,0.21875,0.0,0.48,0
0.6923076923076923,1.0,1.0,1.0,1
0.7619047619047619,1.0,1.0,1.0,1
0.6923076923076923,1.0,1.0,1.0,1
0.962962962962963,1.0,1.0,1.0,1
0.9473684210526316,1.0,1.0,1.0,1
0.8461538461538461,1.0,1.0,1.0,1
0.9433962264150944,1.0,1.0,1.0,1
0.3529411764705882,0.3423423423423423,0.0,0.2857142857142857,0
0.962962962962963,1.0,1.0,1.0,1
0.8666666666666667,1.0,1.0,1.0,1
0.8461538461538461,1.0,1.0,1.0,1
0.7037037037037037,1.0,1.0,1.0,1
0.2545454545454545,0.2909090909090909,1.0,0.4761904761904761,0
0.68,1.0,1.0,1.0,1
0.96,1.0,1.0,1.0,1
0.3125,0.326530612244898,0.0,0.25,0
0.7241379310344827,1.0,1.0,1.0,1
0.9473684210526316,1.0,1.0,1.0,1
0.3508771929824561,0.29059829059829057,0.0,0.4545454545454546,0
0.21739130434782605,0.2909090909090909,0.0,0.25,0
0.9444444444444444,1.0,1.0,1.0,1
0.68,1.0,1.0,1.0,1
0.30508474576271183,0.2912621359223301,0.0,0.2941176470588235,0
0.7727272727272727,1.0,1.0,1.0,1
0.7894736842105263,1.0,1.0,1.0,1
0.9565217391304348,1.0,1.0,1.0,1
0.8484848484848484,1.0,1.0,1.0,1
0.3728813559322034,0.273972602739726,0.0,0.3597122302158273,0
0.3703703703703704,0.27118644067796616,0.0,0.5454545454545454,0
0.29268292682926833,0.3571428571428571,0.0,0.19047619047619047,0
0.8076923076923077,1.0,1.0,1.0,1
0.33333333333333337,0.24,0.0,0.3783783783783784,0
0.9508196721311475,1.0,1.0,1.0,1
0.41379310344827597,0.46601941747572817,0.0,0.5454545454545454,0
0.8214285714285714,1.0,1.0,1.0,1
0.8333333333333335,1.0,1.0,1.0,1
0.9411764705882352,1.0,1.0,1.0,1
0.2666666666666667,0.288135593220339,0.0,0.2545454545454545,0
0.5185185185185186,0.21333333333333335,0.0,0.2857142857142857,0
0.3571428571428571,0.19047619047619047,0.0,0.14814814814814814,0
0.9523809523809522,1.0,1.0,1.0,1
0.32432432432432434,0.27586206896551724,0.0,0.14678899082568808,0
0.17647058823529416,0.24444444444444446,0.0,0.5154639175257731,0
0.2978723404255319,0.19999999999999996,0.0,0.3597122302158273,0
0.8,1.0,1.0,1.0,1
0.7727272727272727,1.0,1.0,1.0,1
0.7916666666666665,1.0,1.0,1.0,1
0.26315789473684215,0.3302752293577982,0.0,1.0,0
0.7241379310344827,1.0,1.0,1.0,1
0.9743589743589743,1.0,1.0,1.0,1
0.8,1.0,1.0,1.0,1
0.9696969696969697,1.0,1.0,1.0,1
0.7419354838709676,1.0,1.0,1.0,1
0.32432432432432434,0.3726708074534162,1.0,0.20895522388059706,0
0.782608695652174,1.0,1.0,1.0,1
0.3125,0.36111111111111116,0.0,0.14678899082568808,0
0.24,0.33333333333333337,0.0,0.14678899082568808,0
0.75,1.0,1.0,1.0,1
0.962962962962963,1.0,1.0,1.0,1
0.8387096774193549,1.0,1.0,1.0,1
0.7777777777777779,1.0,1.0,1.0,1
0.9545454545454546,1.0,1.0,1.0,1
0.9642857142857143,1.0,1.0,1.0,1
0.9473684210526316,1.0,1.0,1.0,1
0.33333333333333337,0.375,0.0,1.0,0
0.4705882352941176,0.2857142857142857,0.0,1.0,0
0.24390243902439024,0.37241379310344824,0.0,0.4444444444444444,0
0.9583333333333335,1.0,1.0,1.0,1
0.8333333333333335,1.0,1.0,1.0,1
0.3508771929824561,0.32727272727272727,0.0,0.2857142857142857,0
0.25,0.30508474576271183,0.0,0.25,0
0.8518518518518519,1.0,1.0,1.0,1
0.34615384615384615,0.31746031746031744,0.0,0.22857142857142854,0
0.3902439024390244,0.2857142857142857,0.0,0.31746031746031744,0
0.8518518518518519,1.0,1.0,1.0,1
0.30000000000000004,0.4032258064516129,0.0,1.0,0
0.8461538461538461,1.0,1.0,1.0,1
0.6190476190476191,1.0,1.0,1.0,1
0.3870967741935484,0.3458646616541353,0.0,1.0,0
0.2857142857142857,0.21818181818181814,0.0,0.3214285714285714,0
0.25531914893617025,0.19512195121951215,0.0,0.3941605839416058,0
0.96,1.0,1.0,1.0,1
0.8333333333333335,1.0,1.0,1.0,1
0.84,1.0,1.0,1.0,1
0.6923076923076923,1.0,1.0,1.0,1
0.25,0.23423423423423428,0.0,0.1333333333333333,0
0.8518518518518519,1.0,1.0,1.0,1
0.7222222222222221,1.0,1.0,1.0,1
0.2727272727272727,0.4383561643835616,0.0,0.3597122302158273,0
0.8181818181818181,1.0,1.0,1.0,1
0.8214285714285714,1.0,1.0,1.0,1
0.8620689655172413,1.0,1.0,1.0,1
0.9655172413793103,1.0,1.0,1.0,1
0.9615384615384616,1.0,1.0,1.0,1
0.2777777777777778,0.31034482758620685,0.0,0.48,0
0.2592592592592593,0.2909090909090909,0.0,0.3597122302158273,0
0.29268292682926833,0.36065573770491793,0.0,0.2068965517241379,0
0.2941176470588235,0.32608695652173914,0.0,0.4,0
0.962962962962963,1.0,1.0,1.0,1
0.75,1.0,1.0,1.0,1
0.7948717948717949,1.0,1.0,1.0,1
0.2857142857142857,0.2823529411764706,0.0,0.14678899082568808,0
0.8709677419354839,1.0,1.0,1.0,1
0.8666666666666667,1.0,1.0,1.0,1
0.814814814814815,1.0,1.0,1.0,1
0.8333333333333335,1.0,1.0,1.0,1
0.84,1.0,1.0,1.0,1
0.8,1.0,1.0,1.0,1
0.368421052631579,0.4,0.0,0.48,0
0.19512195121951215,0.26315789473684215,0.0,0.2857142857142857,0
0.8095238095238095,0.0,1.0,1.0,1
0.923076923076923,1.0,1.0,1.0,1
0.7142857142857143,1.0,1.0,1.0,1
0.36363636363636365,0.25806451612903225,0.0,0.48,0
0.8275862068965517,1.0,1.0,1.0,1
0.96,1.0,1.0,1.0,1
0.9696969696969697,1.0,1.0,1.0,1
0.3076923076923077,0.3584905660377359,0.0,0.14678899082568808,0
0.2857142857142857,0.2666666666666667,0.0,0.25,0
0.878048780487805,1.0,1.0,1.0,1
0.9433962264150944,1.0,1.0,1.0,1
0.26315789473684215,0.33333333333333337,1.0,0.25,0
0.3529411764705882,0.3846153846153846,0.0,1.0,0
0.2777777777777778,0.3513513513513513,0.0,0.20895522388059706,0
0.8076923076923077,1.0,1.0,1.0,1
0.9523809523809522,1.0,1.0,1.0,1
0.6923076923076923,1.0,1.0,1.0,1
0.7619047619047619,1.0,1.0,1.0,1
0.7619047619047619,1.0,1.0,1.0,1
0.23529411764705888,0.34355828220858897,1.0,1.0,0
0.3589743589743589,0.30107526881720426,0.0,1.0,0
0.42553191489361697,0.28125,0.0,0.5454545454545454,0
0.96,1.0,1.0,1.0,1
0.4,0.38095238095238093,0.0,1.0,0
0.7777777777777779,1.0,1.0,1.0,1
0.7142857142857143,1.0,1.0,1.0,1
0.3448275862068966,0.30952380952380953,0.0,0.2545454545454545,0
0.32432432432432434,0.3076923076923077,0.0,1.0,0
0.25,0.3513513513513513,0.0,0.20895522388059706,0
0.96,1.0,1.0,1.0,1
0.1875,0.345679012345679,0.0,0.36923076923076925,0
0.3214285714285714,0.33333333333333337,0.0,1.0,0
0.42105263157894735,0.26865671641791045,0.0,0.36363636363636365,0
0.8620689655172413,1.0,1.0,1.0,1
0.7916666666666665,1.0,1.0,1.0,1
0.3076923076923077,0.3538461538461538,0.0,1.0,0
0.826086956521739,1.0,1.0,1.0,1
0.826086956521739,1.0,1.0,1.0,1
0.8974358974358975,1.0,1.0,1.0,1
0.7222222222222221,1.0,1.0,1.0,1
0.9473684210526316,1.0,1.0,1.0,1
0.36,0.29508196721311475,0.0,0.3597122302158273,0
0.29032258064516125,0.33333333333333337,0.0,0.3783783783783784,0
0.9523809523809522,1.0,1.0,1.0,1
0.8518518518518519,0.0,1.0,1.0,1
0.8484848484848484,1.0,1.0,1.0,1
0.2666666666666667,0.0,0.0,0.3941605839416058,0
0.826086956521739,1.0,1.0,1.0,1
0.8275862068965517,1.0,1.0,1.0,1
0.33333333333333337,0.34615384615384615,1.0,0.14814814814814814,0
0.6923076923076923,1.0,1.0,1.0,1
0.2666666666666667,0.2857142857142857,0.0,0.30434782608695654,0
0.6190476190476191,1.0,1.0,1.0,1
0.96,1.0,1.0,1.0,1
0.33333333333333337,0.34,0.0,0.3597122302158273,0
0.3111111111111111,0.3555555555555555,0.0,1.0,0
0.3902439024390244,0.38167938931297707,1.0,0.48,0
0.875,1.0,1.0,1.0,1
0.29268292682926833,0.4126984126984127,1.0,0.25,0
0.3157894736842105,0.3653846153846154,0.0,0.42666666666666664,0
0.5106382978723405,0.2564102564102564,1.0,1.0,0
0.8,1.0,1.0,1.0,1
0.31818181818181823,0.27692307692307694,0.0,0.3941605839416058,0
0.962962962962963,1.0,1.0,1.0,1
0.9552238805970148,1.0,1.0,1.0,1
0.3125,0.4126984126984127,1.0,0.4761904761904761,0
0.8648648648648648,1.0,1.0,1.0,1
0.8787878787878788,1.0,1.0,1.0,1
0.5789473684210527,1.0,1.0,1.0,1
0.972972972972973,1.0,1.0,1.0,1
0.33898305084745756,0.2857142857142857,0.0,0.35820895522388063,0
0.8918918918918919,1.0,1.0,1.0,1
0.2692307692307693,0.3653846153846154,0.0,0.3278688524590164,0
0.2941176470588235,0.27118644067796616,0.0,0.2222222222222222,0
0.375,0.17582417582417587,0.0,0.3597122302158273,0
0.9473684210526316,1.0,1.0,1.0,1
0.967741935483871,1.0,1.0,1.0,1
0.3555555555555555,0.3065693430656934,0.0,0.4444444444444444,0
0.9444444444444444,1.0,1.0,1.0,1
0.25531914893617025,0.2909090909090909,0.0,0.22857142857142854,0
0.813953488372093,1.0,1.0,1.0,1
0.3571428571428571,0.2909090909090909,0.0,0.14678899082568808,0
0.84,1.0,1.0,1.0,1
0.7727272727272727,1.0,1.0,1.0,1
0.9444444444444444,1.0,1.0,1.0,1
0.9253731343283582,1.0,1.0,1.0,1
0.34782608695652173,0.3076923076923077,1.0,0.48,0
0.8,1.0,1.0,1.0,1
0.7894736842105263,1.0,1.0,1.0,1
0.4444444444444444,0.19469026548672563,0.0,0.25,0
0.7894736842105263,1.0,1.0,1.0,1
0.9411764705882352,1.0,1.0,1.0,1
0.2222222222222222,0.24,0.0,1.0,0
0.36,0.30188679245283023,1.0,0.3597122302158273,0
0.42553191489361697,0.3025210084033614,0.0,0.2545454545454545,0
0.9655172413793103,1.0,1.0,1.0,1
0.2666666666666667,0.3076923076923077,0.0,0.2941176470588235,0
0.2790697674418605,0.375,0.0,0.25,0
0.9777777777777777,1.0,1.0,1.0,1
0.96,1.0,1.0,1.0,1
0.8333333333333335,1.0,1.0,1.0,1
0.24242424242424243,0.0,0.0,0.42105263157894735,0
0.7037037037037037,1.0,1.0,1.0,1
0.9302325581395349,1.0,1.0,1.0,1
0.4,0.2857142857142857,1.0,0.5154639175257731,0
0.2666666666666667,0.22580645161290325,0.0,1.0,0
0.7222222222222221,1.0,1.0,1.0,1
0.2857142857142857,0.2807017543859649,0.0,0.4242424242424242,0
0.3870967741935484,0.23913043478260865,1.0,0.31746031746031744,0
0.2777777777777778,0.3218390804597702,1.0,1.0,0
0.7575757575757575,1.0,1.0,1.0,1
0.3414634146341463,0.3294117647058824,0.0,0.48,0
0.9696969696969697,1.0,1.0,1.0,1
0.7058823529411764,1.0,1.0,1.0,1
0.3870967741935484,0.2162162162162162,0.0,0.2727272727272727,0
0.8461538461538461,1.0,1.0,1.0,1
0.7894736842105263,1.0,1.0,1.0,1
0.9666666666666667,1.0,1.0,1.0,1
0.9696969696969697,1.0,1.0,1.0,1
0.962962962962963,1.0,1.0,1.0,1
0.2941176470588235,0.23376623376623373,0.0,0.5154639175257731,0
0.8709677419354839,1.0,1.0,1.0,1
0.3076923076923077,0.4,0.0,0.2545454545454545,0
0.38596491228070173,0.3414634146341463,1.0,0.48,0
0.8214285714285714,1.0,1.0,1.0,1
0.25806451612903225,0.29702970297029707,0.0,0.4444444444444444,0
0.2941176470588235,0.2597402597402597,0.0,0.25,0
0.9743589743589743,1.0,1.0,1.0,1
0.3448275862068966,0.2816901408450704,0.0,1.0,0
0.41860465116279066,0.33333333333333337,0.0,0.4666666666666666,0
0.826086956521739,1.0,1.0,1.0,1
0.27586206896551724,0.13636363636363635,0.0,0.14678899082568808,0
0.962962962962963,1.0,1.0,1.0,1
0.736842105263158,1.0,1.0,1.0,1
0.27450980392156865,0.3132530120481928,0.0,1.0,0
0.7333333333333334,1.0,1.0,1.0,1
0.30000000000000004,0.3188405797101449,1.0,0.23333333333333328,0
0.967741935483871,1.0,1.0,1.0,1
0.96,1.0,1.0,1.0,1
0.3783783783783784,0.0,1.0,0.2545454545454545,0
0.9411764705882352,1.0,1.0,1.0,1
0.9714285714285714,1.0,1.0,1.0,1
0.34782608695652173,0.2962962962962963,0.0,0.25,0
0.2857142857142857,0.3076923076923077,0.0,0.38095238095238093,0
0.2790697674418605,0.3008849557522124,0.0,1.0,0
0.4444444444444444,0.4324324324324324,1.0,1.0,0
0.8918918918918919,1.0,1.0,1.0,1
0.736842105263158,1.0,1.0,1.0,1
0.7727272727272727,1.0,1.0,1.0,1
0.9024390243902439,1.0,1.0,1.0,1
0.2702702702702703,0.3111111111111111,0.0,0.25,0
0.7619047619047619,1.0,1.0,1.0,1
0.38095238095238093,0.25396825396825395,0.0,0.5154639175257731,0
0.2962962962962963,0.35,0.0,1.0,0
0.8620689655172413,1.0,1.0,1.0,1
0.43999999999999995,0.23076923076923073,0.0,0.4,0
0.36,0.36363636363636365,0.0,0.3597122302158273,0
0.33333333333333337,1.0,1.0,1.0,1
0.95,1.0,1.0,1.0,1
0.35,0.32258064516129037,0.0,1.0,0
0.4,0.30000000000000004,0.0,0.24242424242424243,0
0.9615384615384616,1.0,1.0,1.0,1
0.7894736842105263,1.0,1.0,1.0,1
0.36,0.36111111111111116,0.0,0.3783783783783784,0
0.23076923076923073,0.27826086956521734,0.0,1.0,0
0.9473684210526316,1.0,1.0,1.0,1
0.3571428571428571,0.32727272727272727,0.0,0.33333333333333337,0
0.7714285714285716,1.0,1.0,1.0,1
0.8214285714285714,1.0,1.0,1.0,1
0.8387096774193549,1.0,1.0,1.0,1
0.5,0.31746031746031744,0.0,0.30508474576271183,0
0.35,0.31999999999999995,0.0,0.36363636363636365,0
0.6923076923076923,1.0,1.0,1.0,1
0.303030303030303,0.3278688524590164,0.0,0.38095238095238093,0
0.8461538461538461,1.0,1.0,1.0,1
0.33333333333333337,0.35789473684210527,0.0,1.0,0
0.5142857142857142,0.3589743589743589,0.0,0.2068965517241379,0
0.2564102564102564,0.29850746268656714,0.0,0.2941176470588235,0
0.40909090909090906,0.28787878787878785,0.0,1.0,0
0.2777777777777778,0.23076923076923073,0.0,0.3597122302158273,0
0.8214285714285714,1.0,1.0,1.0,1
0.8181818181818181,1.0,1.0,1.0,1
0.2666666666666667,0.28125,0.0,0.25,0
0.2702702702702703,0.39655172413793105,0.0,0.31746031746031744,0
0.38888888888888884,0.22784810126582278,0.0,1.0,0
0.17391304347826086,0.3296703296703297,1.0,0.2545454545454545,0
0.8333333333333335,1.0,1.0,1.0,1
0.2857142857142857,0.23376623376623373,1.0,0.2857142857142857,0
0.962962962962963,1.0,1.0,1.0,1
0.75,1.0,1.0,1.0,1
0.34285714285714286,0.3090909090909091,0.0,0.2222222222222222,0
0.6,1.0,1.0,1.0,1
0.7647058823529411,1.0,1.0,1.0,1
0.7916666666666665,1.0,1.0,1.0,1
0.30000000000000004,0.3142857142857143,0.0,0.30508474576271183,0
0.20833333333333337,0.2698412698412699,1.0,0.25,0
0.6428571428571428,1.0,1.0,1.0,1
0.6190476190476191,1.0,1.0,1.0,1
0.8421052631578947,1.0,1.0,1.0,1
0.25531914893617025,0.3125,0.0,0.3597122302158273,0
0.8181818181818181,1.0,1.0,1.0,1
0.33333333333333337,0.3931623931623932,0.0,0.31746031746031744,0
0.36,0.2571428571428571,0.0,0.25,0
0.7333333333333334,1.0,1.0,1.0,1
0.9473684210526316,1.0,1.0,1.0,1
0.967741935483871,1.0,1.0,1.0,1
0.24,0.24742268041237114,0.0,0.25,0
0.4666666666666666,0.2644628099173554,0.0,0.3597122302158273,0
0.8181818181818181,1.0,1.0,1.0,1
0.8918918918918919,1.0,1.0,1.0,1
0.2222222222222222,0.3302752293577982,1.0,0.36923076923076925,0
0.24242424242424243,0.3561643835616438,0.0,1.0,0
0.8,1.0,1.0,1.0,1
0.3076923076923077,0.3382352941176471,0.0,0.2545454545454545,0
0.3728813559322034,0.3373493975903614,0.0,0.25,0
0.3414634146341463,0.34408602150537637,0.0,1.0,0
0.95,1.0,1.0,1.0,1
0.9411764705882352,1.0,1.0,1.0,1
0.36734693877551017,0.21978021978021978,0.0,0.23333333333333328,0
0.967741935483871,1.0,1.0,1.0,1
0.9130434782608696,1.0,1.0,1.0,1
0.4375,0.28888888888888886,0.0,0.25,0
0.3448275862068966,0.24561403508771928,0.0,1.0,0
0.34285714285714286,0.47916666666666663,1.0,0.2857142857142857,0
0.32558139534883723,0.2857142857142857,0.0,1.0,0
0.9714285714285714,1.0,1.0,1.0,1
0.84,1.0,1.0,1.0,1
0.31818181818181823,0.36363636363636365,0.0,1.0,0
0.975609756097561,1.0,1.0,1.0,1
0.375,0.22857142857142854,0.0,1.0,0
0.339622641509434,0.29268292682926833,0.0,0.14814814814814814,0
0.8181818181818181,1.0,1.0,1.0,1
0.9545454545454546,1.0,1.0,1.0,1
0.2857142857142857,0.25531914893617025,0.0,0.25,0
0.9714285714285714,1.0,1.0,1.0,1
0.7727272727272727,1.0,1.0,1.0,1
0.9696969696969697,1.0,1.0,1.0,1
0.9333333333333332,1.0,1.0,1.0,1
0.2142857142857143,0.29702970297029707,0.0,0.2545454545454545,0
0.25,0.4794520547945206,1.0,1.0,0
0.8974358974358975,1.0,1.0,1.0,1
0.2857142857142857,0.3384615384615385,0.0,1.0,0
0.7727272727272727,1.0,1.0,1.0,1
0.3870967741935484,0.379746835443038,0.0,0.3076923076923077,0
0.41379310344827597,0.32727272727272727,0.0,0.4666666666666666,0
0.39473684210526316,0.4130434782608695,0.0,0.5154639175257731,0
0.8518518518518519,1.0,1.0,1.0,1
0.8181818181818181,1.0,1.0,1.0,1
0.2790697674418605,0.3464566929133859,0.0,0.2545454545454545,0
0.38095238095238093,0.3287671232876712,0.0,0.48,0
0.7419354838709676,1.0,1.0,1.0,1
0.962962962962963,1.0,1.0,1.0,1
0.3414634146341463,0.33333333333333337,0.0,0.25,0
0.9696969696969697,1.0,1.0,1.0,1
0.68,1.0,1.0,1.0,1
0.36363636363636365,0.0,0.0,0.35820895522388063,0
0.8095238095238095,1.0,1.0,1.0,1
0.2666666666666667,0.30612244897959184,0.0,0.35820895522388063,0
0.32727272727272727,0.288135593220339,0.0,0.25,0
0.34285714285714286,0.31999999999999995,0.0,0.14678899082568808,0
0.17142857142857137,0.3089430894308943,0.0,0.3597122302158273,0
0.9743589743589743,1.0,1.0,1.0,1
0.23529411764705888,0.23333333333333328,0.0,0.2545454545454545,0
0.7037037037037037,1.0,1.0,1.0,1
0.2702702702702703,0.2807017543859649,0.0,0.25,0
0.8958333333333335,0.0,1.0,1.0,1
0.18604651162790697,0.3496503496503497,0.0,0.31746031746031744,0
0.3529411764705882,0.3551401869158879,0.0,0.2857142857142857,0
0.9583333333333335,1.0,1.0,1.0,1
0.7222222222222221,1.0,1.0,1.0,1
0.962962962962963,1.0,1.0,1.0,1
0.25806451612903225,0.31707317073170727,0.0,0.25,0
0.2162162162162162,0.36363636363636365,0.0,0.5154639175257731,0
0.6521739130434783,1.0,1.0,1.0,1
0.34285714285714286,0.25,0.0,0.48,0
0.9130434782608696,1.0,1.0,1.0,1
0.3157894736842105,0.37777777777777777,0.0,0.14814814814814814,0
0.3076923076923077,0.3571428571428571,0.0,0.3597122302158273,0
0.8333333333333335,1.0,1.0,1.0,1
0.826086956521739,1.0,1.0,1.0,1
0.33333333333333337,0.33684210526315794,0.0,0.45569620253164556,0
0.8620689655172413,1.0,1.0,1.0,1
0.7727272727272727,1.0,1.0,1.0,1
0.2777777777777778,0.2716049382716049,1.0,1.0,0
0.3829787234042554,0.0625,0.0,1.0,0
0.32432432432432434,0.273972602739726,0.0,0.31746031746031744,0
0.21052631578947367,0.30645161290322576,0.0,0.2545454545454545,0
0.7419354838709676,1.0,1.0,1.0,1
0.2222222222222222,0.31666666666666665,0.0,0.22857142857142854,0
0.4,0.26315789473684215,0.0,0.4,0
0.26315789473684215,0.23376623376623373,0.0,0.25,0
0.9666666666666667,1.0,1.0,1.0,1
0.3076923076923077,0.3007518796992481,0.0,0.2545454545454545,0
0.7916666666666665,1.0,1.0,1.0,1
0.75,1.0,1.0,1.0,1
0.34615384615384615,0.28260869565217395,0.0,0.34782608695652173,0
0.9565217391304348,1.0,1.0,1.0,1
0.8214285714285714,1.0,1.0,1.0,1
0.814814814814815,1.0,1.0,1.0,1
0.967741935483871,1.0,1.0,1.0,1
0.8181818181818181,1.0,1.0,1.0,1
0.736842105263158,1.0,1.0,1.0,1
0.2857142857142857,0.34615384615384615,0.0,0.25,0
0.3829787234042554,0.39603960396039606,0.0,0.43333333333333335,0
0.9,1.0,1.0,1.0,1
0.25,0.3589743589743589,0.0,0.2545454545454545,0
0.2222222222222222,0.2222222222222222,0.0,0.14678899082568808,0
0.3278688524590164,0.3063063063063063,0.0,0.2222222222222222,0
0.967741935483871,1.0,1.0,1.0,1
0.32432432432432434,0.22857142857142854,0.0,0.3597122302158273,0
0.68,1.0,1.0,1.0,1
0.2068965517241379,0.41481481481481486,0.0,0.3589743589743589,0
0.3125,0.35416666666666663,0.0,0.5154639175257731,0
0.3157894736842105,0.3366336633663366,0.0,0.24242424242424243,0
0.9454545454545454,1.0,1.0,1.0,1
0.7916666666666665,1.0,1.0,1.0,1
0.22857142857142854,0.2558139534883721,0.0,0.2222222222222222,0
0.3939393939393939,0.19999999999999996,0.0,0.24137931034482762,0
0.09999999999999998,0.23809523809523814,0.0,0.25,0
0.8518518518518519,1.0,1.0,1.0,1
0.42105263157894735,0.31666666666666665,0.0,0.25,0
0.9523809523809522,1.0,1.0,1.0,1
0.3111111111111111,0.33684210526315794,0.0,0.5154639175257731,0
0.27586206896551724,0.2168674698795181,0.0,0.25,0
0.35,0.3544303797468354,0.0,0.36363636363636365,0
0.8518518518518519,1.0,1.0,1.0,1
0.303030303030303,0.4301075268817204,0.0,0.20895522388059706,0
0.7142857142857143,1.0,1.0,1.0,1
0.84,1.0,1.0,1.0,1
0.3529411764705882,0.2921348314606742,0.0,1.0,0
0.30000000000000004,0.32098765432098764,0.0,0.4666666666666666,0
0.2564102564102564,0.19780219780219777,0.0,0.31746031746031744,0
0.3529411764705882,0.35416666666666663,0.0,0.35820895522388063,0
0.9565217391304348,1.0,1.0,1.0,1
0.8333333333333335,1.0,1.0,1.0,1
0.2564102564102564,0.20895522388059706,0.0,0.35820895522388063,0
0.25,0.367816091954023,0.0,0.25,0
0.75,1.0,1.0,1.0,1
0.967741935483871,1.0,1.0,1.0,1
0.7037037037037037,1.0,1.0,1.0,1
0.8333333333333335,1.0,1.0,1.0,1
0.9565217391304348,1.0,1.0,1.0,1
0.3111111111111111,0.3076923076923077,0.0,0.34285714285714286,0
0.26315789473684215,0.4242424242424242,0.0,0.14814814814814814,0
0.84,1.0,1.0,1.0,1
0.4444444444444444,0.38167938931297707,0.0,0.25,0
0.962962962962963,1.0,1.0,1.0,1
0.24390243902439024,0.31666666666666665,1.0,0.25,0
0.8709677419354839,1.0,1.0,1.0,1
0.7894736842105263,1.0,1.0,1.0,1
0.3783783783783784,0.0,0.0,0.25,0
0.7241379310344827,1.0,1.0,1.0,1
0.9615384615384616,1.0,1.0,1.0,1
0.9655172413793103,1.0,1.0,1.0,1
0.31818181818181823,0.339622641509434,0.0,0.5154639175257731,0
0.38888888888888884,0.5,0.0,0.35820895522388063,0
0.3448275862068966,0.368,0.0,0.23333333333333328,0
0.3589743589743589,0.3157894736842105,0.0,0.2545454545454545,0
0.95,1.0,1.0,1.0,1
0.84,1.0,1.0,1.0,1
0.7241379310344827,1.0,1.0,1.0,1
0.9787234042553191,1.0,1.0,1.0,1
0.9333333333333332,1.0,1.0,1.0,1
0.36363636363636365,0.2716049382716049,0.0,0.3783783783783784,0
0.36363636363636365,0.3355704697986577,0.0,0.25,0
0.7333333333333334,1.0,1.0,1.0,1
0.8333333333333335,1.0,1.0,1.0,1
0.3278688524590164,0.19047619047619047,0.0,0.25,0
0.375,0.2857142857142857,0.0,0.2545454545454545,0
0.3870967741935484,0.27450980392156865,0.0,0.14814814814814814,0
0.7333333333333334,1.0,1.0,1.0,1
0.4242424242424242,0.31999999999999995,0.0,0.41666666666666663,0
0.4117647058823529,0.3076923076923077,0.0,1.0,0
0.3870967741935484,0.24615384615384617,0.0,0.14678899082568808,0
0.2727272727272727,0.35820895522388063,0.0,0.41333333333333333,0
0.96,1.0,1.0,1.0,1
0.9787234042553191,1.0,1.0,1.0,1
0.40909090909090906,0.3188405797101449,0.0,1.0,0
0.8,1.0,1.0,1.0,1
0.31818181818181823,0.3116883116883117,0.0,0.48,0
0.6666666666666667,1.0,1.0,1.0,1
0.9473684210526316,1.0,1.0,1.0,1
0.3548387096774194,0.125,1.0,0.5154639175257731,0
0.5789473684210527,1.0,1.0,1.0,1
0.4444444444444444,0.31746031746031744,0.0,0.31746031746031744,0
0.32432432432432434,0.3538461538461538,0.0,0.35820895522388063,0
0.7333333333333334,1.0,1.0,1.0,1
0.96,1.0,1.0,1.0,1
0.3111111111111111,0.31858407079646023,0.0,0.34285714285714286,0
0.6875,1.0,1.0,1.0,1
0.8823529411764706,1.0,1.0,1.0,1
0.9583333333333335,1.0,1.0,1.0,1
0.3846153846153846,0.31034482758620685,0.0,0.36923076923076925,0
0.7647058823529411,1.0,1.0,1.0,1
0.75,1.0,1.0,1.0,1
0.8,1.0,1.0,1.0,1
0.3829787234042554,0.35862068965517246,0.0,0.25,0
0.27586206896551724,0.33333333333333337,0.0,1.0,0
0.3448275862068966,0.29166666666666663,0.0,1.0,0
0.9375,1.0,1.0,1.0,1
0.8529411764705883,1.0,1.0,1.0,1
0.9565217391304348,1.0,1.0,1.0,1
0.7777777777777779,1.0,1.0,1.0,1
0.4444444444444444,0.24390243902439024,0.0,0.25,0
0.24,0.0,0.0,0.3941605839416058,0
0.43478260869565216,0.3561643835616438,0.0,0.2545454545454545,0
0.8333333333333335,1.0,1.0,1.0,1
0.41025641025641024,0.33333333333333337,0.0,0.3597122302158273,0
0.8181818181818181,1.0,1.0,1.0,1
0.24,0.24444444444444446,0.0,0.2545454545454545,0
0.32558139534883723,0.21739130434782605,0.0,0.3597122302158273,0
0.37735849056603776,0.26315789473684215,0.0,0.2545454545454545,0
0.23728813559322037,0.35,0.0,0.3941605839416058,0
0.8571428571428572,1.0,1.0,1.0,1
0.96,1.0,1.0,1.0,1
0.9565217391304348,1.0,1.0,1.0,1
0.14814814814814814,0.23300970873786409,0.0,0.25,0
0.2857142857142857,0.23529411764705888,0.0,0.14814814814814814,0
0.32258064516129037,0.275,0.0,0.31746031746031744,0
0.6538461538461539,0.36065573770491793,1.0,1.0,0
0.23529411764705888,0.33587786259541985,0.0,0.2545454545454545,0
0.8529411764705883,1.0,1.0,1.0,1
0.34782608695652173,0.3287671232876712,0.0,0.30508474576271183,0
0.64,0.3589743589743589,0.0,0.2545454545454545,0
0.9444444444444444,1.0,1.0,1.0,1
0.75,1.0,1.0,1.0,1
0.303030303030303,0.16666666666666663,0.0,1.0,0
0.2222222222222222,0.3496503496503497,0.0,0.4,0
0.375,0.32520325203252026,0.0,0.35820895522388063,0
0.8095238095238095,1.0,1.0,1.0,1
0.3076923076923077,0.35820895522388063,0.0,0.25,0
0.6923076923076923,1.0,1.0,1.0,1
0.38095238095238093,0.3508771929824561,0.0,0.36363636363636365,0
0.34285714285714286,0.25,0.0,0.25,0
0.32432432432432434,0.32608695652173914,0.0,0.41666666666666663,0
0.4,0.4329896907216495,0.0,1.0,0
0.2666666666666667,0.33613445378151263,0.0,1.0,0
0.7222222222222221,1.0,1.0,1.0,1
0.9285714285714286,1.0,1.0,1.0,1
0.9583333333333335,1.0,1.0,1.0,1
0.37209302325581395,0.29268292682926833,0.0,0.3597122302158273,0
0.28125,0.2195121951219512,0.0,0.2545454545454545,0
0.972972972972973,1.0,1.0,1.0,1
0.9454545454545454,1.0,1.0,1.0,1
0.9545454545454546,1.0,1.0,1.0,1
0.9666666666666667,1.0,1.0,1.0,1
0.3508771929824561,0.34375,0.0,0.35820895522388063,0
0.3529411764705882,0.2666666666666667,0.0,0.35820895522388063,0
0.9454545454545454,1.0,1.0,1.0,1
0.36363636363636365,0.38235294117647056,0.0,1.0,0
0.4,0.2857142857142857,0.0,0.35820895522388063,0
0.303030303030303,0.21359223300970875,0.0,1.0,0
0.7777777777777779,1.0,1.0,1.0,1
0.30000000000000004,0.35,0.0,0.24137931034482762,0
0.7058823529411764,1.0,1.0,1.0,1
0.7727272727272727,1.0,1.0,1.0,1
0.9375,1.0,1.0,1.0,1
0.368421052631579,0.3829787234042554,0.0,0.36363636363636365,0
0.2978723404255319,0.0,0.0,0.4761904761904761,0
0.4363636363636364,0.2828282828282829,0.0,0.3597122302158273,0
0.5172413793103448,0.26086956521739135,0.0,0.48,0
0.9473684210526316,1.0,1.0,1.0,1
0.45714285714285713,0.35185185185185186,0.0,1.0,0
0.7647058823529411,1.0,1.0,1.0,1
0.3571428571428571,0.24137931034482762,0.0,0.3125,0
0.6521739130434783,1.0,1.0,1.0,1
0.8717948717948718,1.0,1.0,1.0,1
0.3783783783783784,0.23913043478260865,0.0,0.22857142857142854,0
0.4444444444444444,0.2650602409638554,0.0,0.25,0
0.9705882352941176,1.0,1.0,1.0,1
0.3157894736842105,0.41666666666666663,0.0,0.3941605839416058,0
0.26086956521739135,0.30434782608695654,0.0,0.25,0
0.8787878787878788,1.0,1.0,1.0,1
0.9333333333333332,1.0,1.0,1.0,1
0.41025641025641024,0.276595744680851,0.0,1.0,0
0.975609756097561,1.0,1.0,1.0,1
0.8571428571428572,1.0,1.0,1.0,1
0.3703703703703704,0.30534351145038163,0.0,0.2222222222222222,0
0.8095238095238095,1.0,1.0,1.0,1
0.84,1.0,1.0,1.0,1
0.96,1.0,1.0,1.0,1
0.6666666666666667,0.24390243902439024,0.0,1.0,0
0.9777777777777777,1.0,1.0,1.0,1
0.2727272727272727,0.2857142857142857,0.0,0.3597122302158273,0
0.7714285714285716,1.0,1.0,1.0,1
0.9565217391304348,1.0,1.0,1.0,1
0.9818181818181819,1.0,1.0,1.0,1
0.2777777777777778,0.375,0.0,0.2545454545454545,0
0.25806451612903225,0.34285714285714286,0.0,0.2222222222222222,0
0.22857142857142854,0.2828282828282829,0.0,0.3597122302158273,0
0.33333333333333337,0.30379746835443033,0.0,0.25,0
0.3703703703703704,0.29885057471264365,0.0,0.2222222222222222,0
0.6666666666666667,1.0,1.0,1.0,1
0.7647058823529411,1.0,1.0,1.0,1
0.96,1.0,1.0,1.0,1
0.9375,1.0,1.0,1.0,1
0.31999999999999995,0.33613445378151263,0.0,0.31746031746031744,0
0.8333333333333335,1.0,1.0,1.0,1
0.32258064516129037,0.28846153846153844,0.0,0.48,0
0.8367346938775511,1.0,1.0,1.0,1
0.2978723404255319,0.3076923076923077,0.0,0.2545454545454545,0
0.9655172413793103,1.0,1.0,1.0,1
0.3125,0.29885057471264365,0.0,1.0,0
0.19999999999999996,0.368,0.0,0.25,0
0.8461538461538461,1.0,1.0,1.0,1
0.2666666666666667,0.24615384615384617,0.0,0.25,0
0.1333333333333333,0.28125,0.0,0.36363636363636365,0
0.6190476190476191,1.0,1.0,1.0,1
0.972972972972973,1.0,1.0,1.0,1
0.29166666666666663,0.2990654205607477,0.0,1.0,0
0.24,0.36641221374045807,1.0,0.4,0
0.6521739130434783,1.0,1.0,1.0,1
0.36363636363636365,0.36111111111111116,0.0,0.35820895522388063,0
0.9655172413793103,1.0,1.0,1.0,1
0.326530612244898,0.37777777777777777,1.0,0.25,0
0.29268292682926833,0.3908045977011494,0.0,0.36363636363636365,0
0.1333333333333333,0.3448275862068966,0.0,1.0,0
0.8484848484848484,1.0,1.0,1.0,1
0.95,1.0,1.0,1.0,1
0.3125,0.2644628099173554,0.0,0.25,0
0.9444444444444444,1.0,1.0,1.0,1
0.339622641509434,0.2727272727272727,0.0,0.288135593220339,0
0.2222222222222222,0.2637362637362637,0.0,0.3597122302158273,0
0.8095238095238095,1.0,1.0,1.0,1
0.7647058823529411,1.0,1.0,1.0,1
0.22857142857142854,0.30434782608695654,0.0,1.0,0
0.8709677419354839,1.0,1.0,1.0,1
0.33333333333333337,0.25,0.0,0.2857142857142857,0
0.962962962962963,1.0,1.0,1.0,1
0.8095238095238095,1.0,1.0,1.0,1
0.9777777777777777,1.0,1.0,1.0,1
0.96,1.0,1.0,1.0,1
0.967741935483871,0.0,1.0,1.0,1
0.35,0.32432432432432434,0.0,0.23333333333333328,0
0.3448275862068966,0.28037383177570097,0.0,0.14678899082568808,0
0.814814814814815,1.0,1.0,1.0,1
0.2142857142857143,0.31999999999999995,0.0,1.0,0
0.826086956521739,1.0,1.0,1.0,1
0.35,0.33333333333333337,0.0,0.14678899082568808,0
0.33333333333333337,0.25287356321839083,0.0,0.3597122302158273,0
0.4,0.33333333333333337,0.0,0.45569620253164556,0
0.36363636363636365,0.3529411764705882,1.0,0.45569620253164556,0
0.36363636363636365,0.3218390804597702,0.0,0.35820895522388063,0
0.84375,1.0,1.0,1.0,1
0.4897959183673469,0.3801652892561983,0.0,0.35820895522388063,0
0.7714285714285716,1.0,1.0,1.0,1
0.6923076923076923,1.0,1.0,1.0,1
0.75,1.0,1.0,1.0,1
0.6923076923076923,1.0,1.0,1.0,1
0.6923076923076923,1.0,1.0,1.0,1
0.8,1.0,1.0,1.0,1
0.7058823529411764,1.0,1.0,1.0,1
0.2702702702702703,0.20869565217391306,0.0,0.5154639175257731,0
0.4590163934426229,0.38095238095238093,0.0,0.25,0
0.368421052631579,0.2479338842975206,0.0,0.35820895522388063,0
0.4,0.3733333333333333,0.0,0.2545454545454545,0
0.42105263157894735,0.10101010101010101,0.0,0.288135593220339,0
0.8461538461538461,1.0,1.0,1.0,1
0.5454545454545454,0.41463414634146345,1.0,0.23076923076923073,0
0.4,0.29268292682926833,0.0,0.2545454545454545,0
0.962962962962963,1.0,1.0,1.0,1
0.95,1.0,1.0,1.0,1
0.6521739130434783,1.0,1.0,1.0,1
0.7222222222222221,1.0,1.0,1.0,1
0.875,1.0,1.0,1.0,1
0.38095238095238093,0.34328358208955223,0.0,0.3597122302158273,0
0.2142857142857143,0.29032258064516125,0.0,1.0,0
0.196078431372549,0.3561643835616438,0.0,0.25,0
0.4,0.28865979381443296,0.0,0.31746031746031744,0
0.27586206896551724,0.3076923076923077,0.0,0.4761904761904761,0
0.8333333333333335,1.0,1.0,1.0,1
0.8,1.0,1.0,1.0,1
0.7647058823529411,1.0,1.0,1.0,1
0.96,1.0,1.0,1.0,1
0.7916666666666665,1.0,1.0,1.0,1
0.31818181818181823,0.25,0.0,1.0,0
0.9523809523809522,1.0,1.0,1.0,1
0.25,0.30379746835443033,0.0,1.0,0
0.813953488372093,1.0,1.0,1.0,1
0.8095238095238095,1.0,1.0,1.0,1
0.7647058823529411,1.0,1.0,1.0,1
0.6875,1.0,1.0,1.0,1
0.4761904761904761,0.3137254901960784,0.0,0.31746031746031744,0
0.3076923076923077,0.2028985507246377,0.0,0.25,0
0.7894736842105263,1.0,1.0,1.0,1
0.34782608695652173,0.25,0.0,0.3941605839416058,0
0.4,0.202247191011236,1.0,0.25,0
0.75,1.0,1.0,1.0,1
0.2666666666666667,0.34782608695652173,0.0,0.25,0
0.9074074074074074,1.0,1.0,1.0,1
0.9565217391304348,1.0,1.0,1.0,1
0.95,1.0,1.0,1.0,1
0.9565217391304348,1.0,1.0,1.0,1
0.3870967741935484,0.2417582417582418,0.0,0.42666666666666664,0
0.8947368421052632,1.0,1.0,1.0,1
0.967741935483871,1.0,1.0,1.0,1
0.8095238095238095,1.0,1.0,1.0,1
0.6666666666666667,1.0,1.0,1.0,1
0.8979591836734694,1.0,1.0,1.0,1
0.6666666666666667,1.0,1.0,1.0,1
0.21052631578947367,0.18181818181818177,0.0,0.288135593220339,0
0.2857142857142857,0.2978723404255319,0.0,0.4761904761904761,0
0.25806451612903225,0.4035087719298246,0.0,0.25,0
0.84,1.0,1.0,1.0,1
0.7619047619047619,1.0,1.0,1.0,1
0.2666666666666667,0.3055555555555556,0.0,0.31746031746031744,0
0.9565217391304348,1.0,1.0,1.0,1
0.4736842105263158,0.34343434343434337,0.0,1.0,0
0.9743589743589743,1.0,1.0,1.0,1
0.27586206896551724,0.35789473684210527,0.0,0.14814814814814814,0
0.3555555555555555,0.3055555555555556,1.0,1.0,0
0.9767441860465115,1.0,1.0,1.0,1
0.3589743589743589,0.30612244897959184,0.0,0.24242424242424243,0
0.3870967741935484,0.3544303797468354,0.0,0.2545454545454545,0
0.326530612244898,0.35869565217391314,0.0,0.14678899082568808,0
0.3870967741935484,0.27419354838709675,0.0,0.38095238095238093,0
0.45614035087719296,0.3287671232876712,0.0,0.22857142857142854,0
0.813953488372093,1.0,1.0,1.0,1
0.7619047619047619,1.0,1.0,1.0,1
0.7333333333333334,1.0,1.0,1.0,1
0.9523809523809522,1.0,1.0,1.0,1
0.42105263157894735,0.29268292682926833,0.0,0.5154639175257731,0
0.2777777777777778,0.33766233766233766,0.0,0.3597122302158273,0
0.2666666666666667,0.29166666666666663,0.0,0.3597122302158273,0
0.3448275862068966,0.3529411764705882,0.0,0.30508474576271183,0
0.8333333333333335,1.0,1.0,1.0,1
0.326530612244898,0.33333333333333337,0.0,0.5,0
0.9696969696969697,1.0,1.0,1.0,1
0.8,1.0,1.0,1.0,1
0.19999999999999996,0.27368421052631575,0.0,0.35820895522388063,0
0.9444444444444444,1.0,1.0,1.0,1
0.25,0.3055555555555556,0.0,0.3597122302158273,0
0.33333333333333337,0.3458646616541353,0.0,0.2545454545454545,0
0.9696969696969697,1.0,1.0,1.0,1
0.2222222222222222,0.28915662650602414,0.0,0.45569620253164556,0
0.41860465116279066,0.32258064516129037,0.0,1.0,0
0.8181818181818181,1.0,1.0,1.0,1
0.2941176470588235,0.31858407079646023,0.0,1.0,0
0.3529411764705882,0.28985507246376807,0.0,1.0,0
0.8,1.0,1.0,1.0,1
0.2692307692307693,0.20408163265306123,0.0,0.35820895522388063,0
0.6923076923076923,1.0,1.0,1.0,1
0.2941176470588235,0.36111111111111116,0.0,0.38095238095238093,0
0.2564102564102564,0.27722772277227725,1.0,0.41333333333333333,0
0.40816326530612246,0.2222222222222222,0.0,0.3278688524590164,0
0.7619047619047619,1.0,1.0,1.0,1
0.33898305084745756,0.2909090909090909,0.0,0.30508474576271183,0
0.3555555555555555,0.35,0.0,1.0,0
0.8611111111111112,1.0,1.0,1.0,1
0.4444444444444444,0.3620689655172413,0.0,1.0,0
0.8,1.0,1.0,1.0,1
0.84375,1.0,1.0,1.0,1
0.3414634146341463,0.3142857142857143,0.0,0.2545454545454545,0
0.45714285714285713,0.2558139534883721,0.0,0.2857142857142857,0
0.75,1.0,1.0,1.0,1
0.3768115942028986,0.3789473684210526,0.0,0.35820895522388063,0
0.33333333333333337,0.3846153846153846,0.0,0.36363636363636365,0
0.8717948717948718,1.0,1.0,1.0,1
0.24390243902439024,0.3373493975903614,1.0,0.14678899082568808,0
0.3571428571428571,0.40963855421686746,0.0,1.0,0
0.8709677419354839,1.0,1.0,1.0,1
0.6521739130434783,1.0,1.0,1.0,1
0.9577464788732395,1.0,1.0,1.0,1
0.31818181818181823,0.2597402597402597,0.0,0.4,0
0.8888888888888888,1.0,1.0,1.0,1
0.7727272727272727,1.0,1.0,1.0,1
0.32558139534883723,0.25806451612903225,0.0,0.14678899082568808,0
0.8571428571428572,1.0,1.0,1.0,1
0.4390243902439024,0.3492063492063492,1.0,0.4,0
0.8571428571428572,1.0,1.0,1.0,1
0.29166666666666663,0.2790697674418605,0.0,1.0,0
0.3571428571428571,0.30434782608695654,0.0,1.0,0
0.33333333333333337,0.3770491803278688,0.0,0.4444444444444444,0
0.4782608695652174,0.29166666666666663,0.0,0.42666666666666664,0
0.7619047619047619,1.0,1.0,1.0,1
0.826086956521739,1.0,1.0,1.0,1
0.3414634146341463,0.29508196721311475,0.0,0.14678899082568808,0
0.25,0.25688073394495414,0.0,0.35820895522388063,0
0.4,0.2272727272727273,1.0,0.2545454545454545,0
0.7058823529411764,1.0,1.0,1.0,1
0.68,1.0,1.0,1.0,1
0.40909090909090906,0.29333333333333333,0.0,0.36363636363636365,0
0.38888888888888884,0.3137254901960784,0.0,0.41333333333333333,0
0.18181818181818177,0.23188405797101452,0.0,0.34285714285714286,0
0.326530612244898,0.2816901408450704,1.0,0.35820895522388063,0
0.8461538461538461,1.0,1.0,1.0,1
0.36734693877551017,0.4057971014492754,0.0,1.0,0
0.8857142857142857,1.0,1.0,1.0,1
0.7647058823529411,1.0,1.0,1.0,1
0.896551724137931,1.0,1.0,1.0,1
0.31999999999999995,0.27368421052631575,0.0,0.25,0
0.31034482758620685,0.19047619047619047,0.0,1.0,0
0.27450980392156865,0.0,0.0,0.3941605839416058,0
0.2068965517241379,0.3026315789473685,0.0,0.3597122302158273,0
0.3508771929824561,0.25531914893617025,0.0,0.3597122302158273,0
0.2857142857142857,0.2592592592592593,0.0,0.35820895522388063,0
0.2222222222222222,0.36641221374045807,0.0,0.2068965517241379,0
0.5294117647058824,1.0,1.0,1.0,1
0.6,1.0,1.0,1.0,1
0.3529411764705882,0.39639639639639634,0.0,1.0,0
0.8620689655172413,1.0,1.0,1.0,1
0.7777777777777779,1.0,1.0,1.0,1
0.7647058823529411,1.0,1.0,1.0,1
0.8571428571428572,1.0,1.0,1.0,1
0.6666666666666667,1.0,1.0,1.0,1
0.2727272727272727,0.29565217391304344,0.0,0.25,0
0.30434782608695654,0.30612244897959184,1.0,0.34285714285714286,0
0.32258064516129037,0.3770491803278688,0.0,1.0,0
0.7727272727272727,1.0,1.0,1.0,1
0.23529411764705888,0.34426229508196726,0.0,0.24137931034482762,0
0.8181818181818181,1.0,1.0,1.0,1
0.75,1.0,1.0,1.0,1
0.23809523809523814,0.34090909090909094,1.0,0.3597122302158273,0
0.7714285714285716,1.0,1.0,1.0,1
0.37209302325581395,0.23076923076923073,0.0,0.35820895522388063,0
0.8,1.0,1.0,1.0,1
0.17391304347826086,0.22857142857142854,0.0,0.2222222222222222,0
0.4,0.3111111111111111,0.0,0.25,0
0.8,1.0,1.0,1.0,1
0.972972972972973,1.0,1.0,1.0,1
0.3783783783783784,0.2727272727272727,0.0,1.0,0
0.3076923076923077,0.2857142857142857,0.0,0.48,0
0.9444444444444444,1.0,1.0,1.0,1
0.3571428571428571,0.43999999999999995,0.0,1.0,0
0.7333333333333334,1.0,1.0,1.0,1
0.4117647058823529,0.34782608695652173,0.0,0.4761904761904761,0
0.8076923076923077,1.0,1.0,1.0,1
0.9565217391304348,1.0,1.0,1.0,1
0.9583333333333335,1.0,1.0,1.0,1
0.2941176470588235,0.2471910112359551,0.0,0.23333333333333328,0
0.2978723404255319,0.32692307692307687,0.0,0.3597122302158273,0
0.29166666666666663,0.34,0.0,0.35820895522388063,0
0.36363636363636365,0.30434782608695654,0.0,0.45569620253164556,0
0.2941176470588235,0.25,0.0,0.3783783783783784,0
0.75,1.0,1.0,1.0,1
0.9433962264150944,1.0,1.0,1.0,1
0.25,0.26415094339622647,0.0,0.25,0
0.368421052631579,0.0,0.0,0.31746031746031744,0
0.7058823529411764,1.0,1.0,1.0,1
0.20512820512820518,0.2592592592592593,0.0,0.3597122302158273,0
0.20833333333333337,0.38888888888888884,0.0,0.25,0
0.4444444444444444,0.3846153846153846,0.0,0.4761904761904761,0
0.9655172413793103,1.0,1.0,1.0,1
0.6666666666666667,1.0,1.0,1.0,1
0.2857142857142857,0.3738317757009347,0.0,0.4545454545454546,0
0.3703703703703704,0.3287671232876712,0.0,1.0,0
0.8461538461538461,1.0,1.0,1.0,1
0.2941176470588235,0.34437086092715236,0.0,0.2545454545454545,0
0.18181818181818177,0.275,0.0,0.4761904761904761,0
0.8095238095238095,1.0,1.0,1.0,1
0.3111111111111111,0.43478260869565216,0.0,0.34285714285714286,0
0.3529411764705882,0.34285714285714286,0.0,0.14678899082568808,0
0.4705882352941176,0.25287356321839083,0.0,0.3783783783783784,0
0.3414634146341463,0.0,0.0,0.35820895522388063,0
0.962962962962963,1.0,1.0,1.0,1
0.8823529411764706,1.0,1.0,1.0,1
0.2857142857142857,0.3116883116883117,0.0,1.0,0
0.9523809523809522,1.0,1.0,1.0,1
0.962962962962963,1.0,1.0,1.0,1
0.7777777777777779,1.0,1.0,1.0,1
0.3414634146341463,0.2028985507246377,0.0,0.5454545454545454,0
0.15384615384615385,0.0,0.0,0.4761904761904761,0
0.24,0.2702702702702703,0.0,0.25,0
0.37209302325581395,0.31481481481481477,0.0,0.14678899082568808,0
0.8214285714285714,1.0,1.0,1.0,1
0.9696969696969697,1.0,1.0,1.0,1
0.926829268292683,1.0,1.0,1.0,1
0.6190476190476191,1.0,1.0,1.0,1
0.3783783783783784,0.25531914893617025,0.0,0.25,0
0.68,1.0,1.0,1.0,1
0.8,1.0,1.0,1.0,1
0.8095238095238095,1.0,1.0,1.0,1
0.6521739130434783,1.0,1.0,1.0,1
0.9491525423728814,1.0,1.0,1.0,1
0.7037037037037037,1.0,1.0,1.0,1
0.923076923076923,1.0,1.0,1.0,1
0.7058823529411764,1.0,1.0,1.0,1
0.41666666666666663,0.31404958677685946,0.0,0.3597122302158273,0
0.7894736842105263,1.0,1.0,1.0,1
0.23529411764705888,0.24489795918367352,0.0,0.25,0
0.8823529411764706,1.0,1.0,1.0,1
0.96,1.0,1.0,1.0,1
0.2564102564102564,0.33333333333333337,0.0,1.0,0
0.2777777777777778,0.2909090909090909,0.0,1.0,0
0.3076923076923077,0.2592592592592593,1.0,0.25,0
0.368421052631579,0.2894736842105263,0.0,0.23076923076923073,0
0.16666666666666663,0.3146067415730337,0.0,0.25,0
0.2857142857142857,0.2142857142857143,1.0,0.14814814814814814,0
0.8571428571428572,1.0,1.0,1.0,1
0.2702702702702703,0.39534883720930236,0.0,0.3597122302158273,0
0.84,1.0,1.0,1.0,1
0.2727272727272727,0.29824561403508776,0.0,0.3783783783783784,0
0.962962962962963,1.0,1.0,1.0,1
0.7727272727272727,1.0,1.0,1.0,1
0.3846153846153846,0.2786885245901639,0.0,0.4666666666666666,0
0.7419354838709676,1.0,1.0,1.0,1
0.875,1.0,1.0,1.0,1
0.3076923076923077,0.34375,0.0,0.4444444444444444,0
0.2222222222222222,0.3439490445859873,0.0,1.0,0
0.9565217391304348,1.0,1.0,1.0,1
0.75,1.0,1.0,1.0,1
0.2666666666666667,0.36111111111111116,0.0,0.25,0
0.826086956521739,1.0,1.0,1.0,1
0.8571428571428572,1.0,1.0,1.0,1
0.814814814814815,1.0,1.0,1.0,1
0.9444444444444444,1.0,1.0,1.0,1
0.29268292682926833,0.0,0.0,0.2264150943396226,0
0.3076923076923077,0.11764705882352944,0.0,0.48,0
0.29166666666666663,0.2807017543859649,0.0,1.0,0
0.1333333333333333,0.375,0.0,1.0,0
0.75,1.0,1.0,1.0,1
0.75,1.0,1.0,1.0,1
0.2666666666666667,0.3111111111111111,0.0,0.24137931034482762,0
0.6363636363636364,1.0,1.0,1.0,1
0.826086956521739,1.0,1.0,1.0,1
0.8387096774193549,1.0,1.0,1.0,1
0.35,0.4117647058823529,0.0,0.38095238095238093,0
0.33333333333333337,0.38888888888888884,0.0,0.14814814814814814,0
0.3555555555555555,0.3076923076923077,0.0,0.14678899082568808,0
0.8787878787878788,1.0,1.0,1.0,1
0.9655172413793103,1.0,1.0,1.0,1
0.5789473684210527,1.0,1.0,1.0,1
0.8275862068965517,1.0,1.0,1.0,1
0.7647058823529411,1.0,1.0,1.0,1
0.2777777777777778,0.22857142857142854,0.0,1.0,0
0.7647058823529411,1.0,1.0,1.0,1
0.27586206896551724,0.2680412371134021,0.0,0.3597122302158273,0
0.826086956521739,1.0,1.0,1.0,1
0.2592592592592593,0.3492063492063492,0.0,0.2545454545454545,0
0.96,1.0,1.0,1.0,1
0.2790697674418605,0.38596491228070173,0.0,0.4444444444444444,0
0.7777777777777779,1.0,1.0,1.0,1
0.3555555555555555,0.2666666666666667,0.0,0.25,0
0.22857142857142854,0.3106796116504854,0.0,0.34285714285714286,0
0.20512820512820518,0.375,0.0,0.3597122302158273,0
0.2702702702702703,0.2716049382716049,0.0,0.48,0
0.8,1.0,1.0,1.0,1
0.6521739130434783,1.0,1.0,1.0,1
0.8214285714285714,1.0,1.0,1.0,1
0.7567567567567568,0.2857142857142857,0.0,1.0,0
0.2941176470588235,0.1875,0.0,1.0,0
0.32727272727272727,0.31007751937984496,0.0,1.0,0
0.303030303030303,0.3559322033898306,0.0,1.0,0
0.2857142857142857,0.23529411764705888,0.0,0.25,0
0.9285714285714286,1.0,1.0,1.0,1
0.6666666666666667,1.0,1.0,1.0,1
0.9387755102040817,1.0,1.0,1.0,1
0.37209302325581395,0.16393442622950816,0.0,0.35820895522388063,0
0.2978723404255319,0.3571428571428571,1.0,0.35820895522388063,0
0.9111111111111111,1.0,1.0,1.0,1
0.6923076923076923,1.0,1.0,1.0,1
0.19999999999999996,0.303030303030303,0.0,0.3597122302158273,0
0.3111111111111111,0.23076923076923073,0.0,1.0,0
0.8333333333333335,1.0,1.0,1.0,1
0.3414634146341463,0.33333333333333337,0.0,0.2545454545454545,0
0.2777777777777778,0.36363636363636365,1.0,0.34285714285714286,0
0.4,0.14035087719298245,0.0,0.3597122302158273,0
0.9743589743589743,1.0,1.0,1.0,1
0.2564102564102564,0.34343434343434337,1.0,0.3597122302158273,0
0.3125,0.32258064516129037,0.0,0.23333333333333328,0
0.28,0.3116883116883117,0.0,0.3529411764705882,0
0.8823529411764706,1.0,1.0,1.0,1
0.2702702702702703,0.37142857142857144,0.0,1.0,0
0.6666666666666667,1.0,1.0,1.0,1
0.3214285714285714,0.3305785123966942,0.0,1.0,0
0.9411764705882352,1.0,1.0,1.0,1
0.34285714285714286,0.34090909090909094,0.0,0.2545454545454545,0
0.7142857142857143,1.0,1.0,1.0,1
0.2790697674418605,0.2834645669291339,0.0,1.0,0
0.4307692307692308,0.33333333333333337,0.0,0.3597122302158273,0
0.29268292682926833,0.2045454545454546,0.0,0.25,0
0.3414634146341463,0.43478260869565216,0.0,1.0,0
0.9459459459459459,1.0,1.0,1.0,1
0.2545454545454545,0.2941176470588235,0.0,0.3783783783783784,0
0.7894736842105263,1.0,1.0,1.0,1
0.8888888888888888,1.0,1.0,1.0,1
0.36734693877551017,0.2692307692307693,0.0,0.2857142857142857,0
0.6666666666666667,1.0,1.0,1.0,1
0.9523809523809522,1.0,1.0,1.0,1
0.8823529411764706,1.0,1.0,1.0,1
0.736842105263158,1.0,1.0,1.0,1
0.814814814814815,1.0,1.0,1.0,1
0.23076923076923073,0.2777777777777778,0.0,1.0,0
0.2857142857142857,0.3190184049079755,0.0,0.36363636363636365,0
0.24390243902439024,0.3896103896103897,0.0,0.2545454545454545,0
0.26086956521739135,0.19047619047619047,0.0,0.3783783783783784,0
0.38095238095238093,0.32692307692307687,0.0,0.25,0
0.8333333333333335,1.0,1.0,1.0,1
0.9714285714285714,1.0,1.0,1.0,1
0.75,1.0,1.0,1.0,1
0.368421052631579,0.4057971014492754,0.0,0.5154639175257731,0
0.34285714285714286,0.43356643356643354,0.0,1.0,0
0.34285714285714286,0.32608695652173914,0.0,1.0,0
0.4864864864864865,0.27118644067796616,0.0,0.25,0
0.29268292682926833,0.34042553191489366,0.0,0.3597122302158273,0
0.32432432432432434,0.3132530120481928,0.0,1.0,0
0.32558139534883723,0.2962962962962963,1.0,0.4,0
0.9538461538461537,1.0,1.0,1.0,1
0.8333333333333335,1.0,1.0,1.0,1
0.3125,0.26315789473684215,0.0,0.24137931034482762,0
0.36363636363636365,0.18181818181818177,0.0,0.14814814814814814,0
0.34042553191489366,0.26086956521739135,1.0,0.36923076923076925,0
0.4285714285714286,0.4285714285714286,1.0,0.14678899082568808,0
0.8181818181818181,1.0,1.0,1.0,1
0.375,0.275,0.0,0.3597122302158273,0
0.75,1.0,1.0,1.0,1
0.9565217391304348,1.0,1.0,1.0,1
0.7714285714285716,1.0,1.0,1.0,1
0.375,0.3278688524590164,0.0,0.25,0
0.326530612244898,0.25,0.0,0.25,0
0.7647058823529411,1.0,1.0,1.0,1
0.3571428571428571,0.2696629213483146,0.0,0.36363636363636365,0
0.8181818181818181,1.0,1.0,1.0,1
0.3555555555555555,0.3846153846153846,0.0,0.35820895522388063,0
0.9696969696969697,1.0,1.0,1.0,1
0.7777777777777779,1.0,1.0,1.0,1
0.375,0.3098591549295775,0.0,1.0,0
0.33333333333333337,0.2764227642276422,0.0,0.4761904761904761,0
0.8787878787878788,1.0,1.0,1.0,1
0.33333333333333337,0.20895522388059706,0.0,0.36923076923076925,0
0.8181818181818181,1.0,1.0,1.0,1
0.6521739130434783,1.0,1.0,1.0,1
0.31999999999999995,0.19354838709677424,0.0,0.14678899082568808,0
0.33898305084745756,0.2823529411764706,0.0,0.42666666666666664,0
0.3125,0.23008849557522126,0.0,1.0,0
0.8333333333333335,1.0,1.0,1.0,1
0.972972972972973,1.0,1.0,1.0,1
0.5301204819277108,0.30000000000000004,0.0,0.288135593220339,0
0.41860465116279066,0.3302752293577982,0.0,1.0,0
0.2666666666666667,0.28985507246376807,0.0,1.0,0
0.6923076923076923,1.0,1.0,1.0,1
0.11764705882352944,0.39603960396039606,0.0,0.14814814814814814,0
0.7916666666666665,1.0,1.0,1.0,1
0.8571428571428572,1.0,1.0,1.0,1
0.41666666666666663,0.28,0.0,0.35820895522388063,0
0.4,0.2702702702702703,0.0,0.31746031746031744,0
0.9090909090909091,1.0,1.0,1.0,1
0.972972972972973,1.0,1.0,1.0,1
0.2978723404255319,0.09090909090909094,0.0,0.25,0
0.1428571428571429,0.23880597014925375,0.0,0.33333333333333337,0
0.32258064516129037,0.30379746835443033,0.0,1.0,0
0.375,0.32432432432432434,0.0,0.42666666666666664,0
0.75,1.0,1.0,1.0,1
0.26315789473684215,0.4415584415584416,0.0,0.20895522388059706,0
0.9655172413793103,1.0,1.0,1.0,1
0.30000000000000004,0.2465753424657534,0.0,0.5154639175257731,0
0.9473684210526316,1.0,1.0,1.0,1
0.962962962962963,1.0,1.0,1.0,1
0.75,1.0,1.0,1.0,1
0.8387096774193549,1.0,1.0,1.0,1
0.5789473684210527,1.0,1.0,1.0,1
0.8823529411764706,1.0,1.0,1.0,1
0.9777777777777777,1.0,1.0,1.0,1
0.38888888888888884,0.3826086956521739,0.0,0.48,0
0.36363636363636365,0.18823529411764706,1.0,1.0,0
0.6285714285714286,0.34883720930232553,0.0,1.0,0
0.804878048780488,1.0,1.0,1.0,1
0.7894736842105263,1.0,1.0,1.0,1
0.36363636363636365,0.34090909090909094,0.0,0.31746031746031744,0
0.22857142857142854,0.2696629213483146,0.0,0.24137931034482762,0
0.9454545454545454,1.0,1.0,1.0,1
0.3571428571428571,0.2790697674418605,0.0,0.34285714285714286,0
0.967741935483871,1.0,1.0,1.0,1
0.96,1.0,1.0,1.0,1
0.22857142857142854,0.3362831858407079,0.0,1.0,0
0.875,1.0,1.0,1.0,1
0.7894736842105263,1.0,1.0,1.0,1
0.7333333333333334,1.0,1.0,1.0,1
0.37209302325581395,0.26415094339622647,0.0,0.4,0
0.9523809523809522,1.0,1.0,1.0,1
0.9,1.0,1.0,1.0,1
0.33898305084745756,0.3146067415730337,0.0,0.35820895522388063,0
0.8181818181818181,1.0,1.0,1.0,1
0.6428571428571428,1.0,1.0,1.0,1
0.28,0.12244897959183676,0.0,0.3125,0
0.8823529411764706,1.0,1.0,1.0,1
0.3555555555555555,0.33333333333333337,1.0,0.2545454545454545,0
0.972972972972973,1.0,1.0,1.0,1
0.84,1.0,1.0,1.0,1
0.9487179487179486,1.0,1.0,1.0,1
0.8918918918918919,1.0,1.0,1.0,1
0.3529411764705882,0.16279069767441856,0.0,0.3597122302158273,0
0.23255813953488372,0.25,0.0,0.3597122302158273,0
0.2777777777777778,0.19999999999999996,0.0,0.25,0
0.30434782608695654,0.23853211009174313,0.0,0.3597122302158273,0
0.5925925925925926,0.3835616438356164,1.0,0.2068965517241379,0
0.32558139534883723,0.2781456953642384,0.0,0.35820895522388063,0
0.31818181818181823,0.3472222222222222,0.0,0.45569620253164556,0
0.8333333333333335,1.0,1.0,1.0,1
0.75,1.0,1.0,1.0,1
0.3125,0.35820895522388063,1.0,0.3597122302158273,0
0.95,1.0,1.0,1.0,1
0.9696969696969697,1.0,1.0,1.0,1
0.972972972972973,1.0,1.0,1.0,1
0.2666666666666667,0.2941176470588235,0.0,1.0,0
0.8,1.0,1.0,1.0,1
0.7037037037037037,1.0,1.0,1.0,1
0.2857142857142857,0.23809523809523814,0.0,0.25,0
0.7333333333333334,1.0,1.0,1.0,1
0.9295774647887324,1.0,1.0,1.0,1
0.23076923076923073,0.31999999999999995,0.0,0.14814814814814814,0
0.2666666666666667,0.36363636363636365,0.0,0.5154639175257731,0
0.826086956521739,1.0,1.0,1.0,1
0.7241379310344827,1.0,1.0,1.0,1
0.3125,0.3305785123966942,1.0,0.31746031746031744,0
0.826086956521739,1.0,1.0,1.0,1
0.28985507246376807,0.30000000000000004,0.0,0.3597122302158273,0
0.6,1.0,1.0,1.0,1
0.25,0.4626865671641791,1.0,0.14814814814814814,0
0.35,0.3294117647058824,0.0,0.3597122302158273,0
0.4705882352941176,0.34693877551020413,0.0,0.31746031746031744,0
0.7222222222222221,1.0,1.0,1.0,1
0.736842105263158,1.0,1.0,1.0,1
0.7714285714285716,1.0,1.0,1.0,1
0.3137254901960784,0.2954545454545454,0.0,0.36363636363636365,0
0.3076923076923077,0.33333333333333337,0.0,0.3783783783783784,0
0.2857142857142857,0.2247191011235955,0.0,0.14814814814814814,0
0.3157894736842105,0.3380281690140845,0.0,1.0,0
0.826086956521739,1.0,1.0,1.0,1
0.25806451612903225,0.38,0.0,0.4545454545454546,0
0.2790697674418605,0.35820895522388063,0.0,0.14678899082568808,0
0.5789473684210527,1.0,1.0,1.0,1
0.303030303030303,0.26016260162601623,0.0,0.30508474576271183,0
0.9545454545454546,1.0,1.0,1.0,1
0.8367346938775511,1.0,1.0,1.0,1
0.967741935483871,1.0,1.0,1.0,1
0.36363636363636365,0.0,1.0,0.2222222222222222,0
0.814814814814815,1.0,1.0,1.0,1
0.9545454545454546,1.0,1.0,1.0,1
0.38095238095238093,0.33333333333333337,0.0,0.41333333333333333,0
0.5789473684210527,1.0,1.0,1.0,1
0.7241379310344827,1.0,1.0,1.0,1
0.8918918918918919,1.0,1.0,1.0,1
0.7058823529411764,1.0,1.0,1.0,1
0.2941176470588235,0.3098591549295775,0.0,0.5154639175257731,0
0.8095238095238095,1.0,1.0,1.0,1
0.8461538461538461,1.0,1.0,1.0,1
0.16216216216216217,0.3529411764705882,0.0,0.14814814814814814,0
0.26315789473684215,0.3218390804597702,0.0,0.14814814814814814,0
0.6521739130434783,1.0,1.0,1.0,1
0.8620689655172413,1.0,1.0,1.0,1
0.33333333333333337,0.3669724770642202,0.0,0.36923076923076925,0
0.2666666666666667,0.2807017543859649,0.0,1.0,0
0.3448275862068966,0.2692307692307693,0.0,0.43333333333333335,0
0.9130434782608696,1.0,1.0,1.0,1
0.68,1.0,1.0,1.0,1
0.8333333333333335,1.0,1.0,1.0,1
0.2545454545454545,0.36923076923076925,0.0,0.25,0
0.3111111111111111,0.27956989247311825,0.0,0.14678899082568808,0
0.7727272727272727,1.0,1.0,1.0,1
0.39130434782608686,0.27586206896551724,0.0,0.3597122302158273,0
0.7647058823529411,1.0,1.0,1.0,1
0.22857142857142854,0.34042553191489366,0.0,0.14678899082568808,0
0.9137931034482759,1.0,1.0,1.0,1
0.2564102564102564,0.2931034482758621,0.0,0.3597122302158273,0
0.9523809523809522,1.0,1.0,1.0,1
0.6666666666666667,1.0,1.0,1.0,1
0.33333333333333337,0.0,0.0,0.36923076923076925,0
0.7419354838709676,1.0,1.0,1.0,1
0.9523809523809522,1.0,1.0,1.0,1
0.43478260869565216,0.3492063492063492,1.0,1.0,0
0.8571428571428572,1.0,1.0,1.0,1
0.4705882352941176,0.2727272727272727,0.0,0.36363636363636365,0
0.961038961038961,1.0,1.0,1.0,1
0.34042553191489366,0.3373493975903614,0.0,0.36923076923076925,0
0.7894736842105263,0.0,1.0,1.0,1
0.6666666666666667,1.0,1.0,1.0,1
0.375,0.30612244897959184,0.0,0.3597122302158273,0
0.33333333333333337,0.26415094339622647,0.0,0.31746031746031744,0
0.84,1.0,1.0,1.0,1
0.31818181818181823,0.3114754098360656,0.0,0.35820895522388063,0
0.41379310344827597,0.30188679245283023,0.0,0.4761904761904761,0
0.8181818181818181,1.0,1.0,1.0,1
0.8076923076923077,1.0,1.0,1.0,1
0.8787878787878788,1.0,1.0,1.0,1
0.9444444444444444,1.0,1.0,1.0,1
0.9565217391304348,1.0,1.0,1.0,1
0.975609756097561,1.0,1.0,1.0,1
0.7037037037037037,1.0,1.0,1.0,1
0.8571428571428572,1.0,1.0,1.0,1
0.6875,1.0,1.0,1.0,1
0.7142857142857143,1.0,1.0,1.0,1
0.34615384615384615,0.18604651162790697,0.0,0.48,0
0.96,1.0,1.0,1.0,1
0.7777777777777779,1.0,1.0,1.0,1
0.38095238095238093,0.24489795918367352,1.0,0.3597122302158273,0
0.9523809523809522,1.0,1.0,1.0,1
0.48275862068965514,0.19512195121951215,0.0,0.25,0
0.3157894736842105,0.2786885245901639,0.0,0.33333333333333337,0
0.7142857142857143,1.0,1.0,1.0,1
0.8484848484848484,1.0,1.0,1.0,1
0.2857142857142857,0.3132530120481928,0.0,0.3597122302158273,0
0.84,1.0,1.0,1.0,1
0.375,0.28,0.0,0.25,0
0.303030303030303,0.32394366197183105,0.0,0.25,0
0.8529411764705883,1.0,1.0,1.0,1
0.9714285714285714,1.0,1.0,1.0,1
0.4324324324324324,0.33333333333333337,0.0,0.2068965517241379,0
0.38888888888888884,0.25316455696202533,0.0,0.4,0
0.4444444444444444,0.3544303797468354,0.0,0.25,0
0.3508771929824561,0.24528301886792447,0.0,0.24242424242424243,0
0.7222222222222221,1.0,1.0,1.0,1
0.5098039215686274,0.2702702702702703,0.0,0.2545454545454545,0
0.8529411764705883,1.0,1.0,1.0,1
0.8787878787878788,1.0,1.0,1.0,1
0.8787878787878788,1.0,1.0,1.0,1
0.30508474576271183,0.30379746835443033,0.0,0.2264150943396226,0
0.26086956521739135,0.3669724770642202,0.0,0.5154639175257731,0
0.9714285714285714,1.0,1.0,1.0,1
0.34285714285714286,0.25,0.0,0.25,0
0.33333333333333337,0.3571428571428571,0.0,0.35820895522388063,0
0.8333333333333335,1.0,1.0,1.0,1
0.962962962962963,1.0,1.0,1.0,1
0.8095238095238095,1.0,1.0,1.0,1
0.9285714285714286,1.0,1.0,1.0,1
0.40909090909090906,0.2909090909090909,0.0,0.34285714285714286,0
0.8,1.0,1.0,1.0,1
0.7142857142857143,1.0,1.0,1.0,1
0.4705882352941176,0.328125,0.0,1.0,0
0.95,1.0,1.0,1.0,1
0.9302325581395349,1.0,1.0,1.0,1
0.36363636363636365,0.27956989247311825,0.0,0.45569620253164556,0
0.7647058823529411,1.0,1.0,1.0,1
0.8,1.0,1.0,1.0,1
0.7894736842105263,1.0,1.0,1.0,1
0.962962962962963,1.0,1.0,1.0,1
0.4,0.2295081967213115,0.0,0.31746031746031744,0
0.26086956521739135,0.37209302325581395,0.0,0.25,0
0.2222222222222222,0.09615384615384615,0.0,0.2545454545454545,0
0.9444444444444444,1.0,1.0,1.0,1
0.875,1.0,1.0,1.0,1
0.47457627118644063,0.32608695652173914,1.0,0.2545454545454545,0
0.19354838709677424,0.2786885245901639,0.0,0.1333333333333333,0
0.8333333333333335,1.0,1.0,1.0,1
0.7727272727272727,1.0,1.0,1.0,1
0.339622641509434,0.28888888888888886,0.0,0.2857142857142857,0
0.8333333333333335,1.0,1.0,1.0,1
0.30000000000000004,0.3597122302158273,0.0,1.0,0
0.29268292682926833,0.33333333333333337,0.0,0.35820895522388063,0
0.24,0.28037383177570097,0.0,0.3597122302158273,0
0.9444444444444444,1.0,1.0,1.0,1
0.27450980392156865,0.303030303030303,0.0,0.35820895522388063,0
0.34285714285714286,0.32432432432432434,0.0,0.31746031746031744,0
0.31818181818181823,0.0,0.0,0.3941605839416058,0
0.8,1.0,1.0,1.0,1
0.8620689655172413,1.0,1.0,1.0,1
0.4444444444444444,0.0,0.0,0.3941605839416058,0
0.7916666666666665,1.0,1.0,1.0,1
0.26415094339622647,0.2857142857142857,0.0,0.3783783783783784,0
0.34782608695652173,0.2954545454545454,1.0,0.2857142857142857,0
0.95,1.0,1.0,1.0,1
0.972972972972973,1.0,1.0,1.0,1
0.38888888888888884,0.3096774193548387,0.0,1.0,0
0.8181818181818181,1.0,1.0,1.0,1
0.4363636363636364,0.31775700934579443,0.0,0.36923076923076925,0
0.7037037037037037,1.0,1.0,1.0,1
0.96,1.0,1.0,1.0,1
0.9795918367346939,1.0,1.0,1.0,1
0.9743589743589743,1.0,1.0,1.0,1
0.962962962962963,1.0,1.0,1.0,1
0.9411764705882352,1.0,1.0,1.0,1
0.8620689655172413,1.0,1.0,1.0,1
0.8857142857142857,1.0,1.0,1.0,1
0.972972972972973,1.0,1.0,1.0,1
0.26086956521739135,0.36764705882352944,0.0,0.2545454545454545,0
0.8918918918918919,1.0,1.0,1.0,1
0.30188679245283023,0.40476190476190477,1.0,0.2545454545454545,0
0.25806451612903225,0.28865979381443296,0.0,0.23333333333333328,0
0.32258064516129037,0.4324324324324324,0.0,0.14678899082568808,0
0.814814814814815,1.0,1.0,1.0,1
0.9655172413793103,1.0,1.0,1.0,1
0.7837837837837838,1.0,1.0,1.0,1
0.75,1.0,1.0,1.0,1
0.4444444444444444,0.3211678832116789,0.0,0.33333333333333337,0
0.9411764705882352,1.0,1.0,1.0,1
0.9433962264150944,1.0,1.0,1.0,1
0.3448275862068966,0.3783783783783784,0.0,1.0,0
0.782608695652174,1.0,1.0,1.0,1
0.3448275862068966,0.3529411764705882,0.0,0.14814814814814814,0
0.3157894736842105,0.2417582417582418,0.0,0.35820895522388063,0
0.7037037037037037,1.0,1.0,1.0,1
0.30000000000000004,0.33587786259541985,0.0,0.23333333333333328,0
0.68,1.0,1.0,1.0,1
0.8461538461538461,1.0,1.0,1.0,1
0.826086956521739,1.0,1.0,1.0,1
0.30000000000000004,0.24347826086956526,0.0,0.4,0
0.24390243902439024,0.29357798165137616,0.0,0.3597122302158273,0
0.2857142857142857,0.2790697674418605,0.0,1.0,0
0.2162162162162162,0.18018018018018023,0.0,0.31746031746031744,0
0.84,1.0,1.0,1.0,1
0.7894736842105263,1.0,1.0,1.0,1
0.6666666666666667,1.0,1.0,1.0,1
0.30000000000000004,0.41509433962264153,1.0,0.25,0
0.8181818181818181,1.0,1.0,1.0,1
0.9142857142857143,1.0,1.0,1.0,1
0.9298245614035088,1.0,1.0,1.0,1
0.8461538461538461,1.0,1.0,1.0,1
0.6363636363636364,1.0,1.0,1.0,1
0.6666666666666667,1.0,1.0,1.0,1
0.3783783783783784,0.2666666666666667,0.0,0.48,0
0.8888888888888888,1.0,1.0,1.0,1
0.8181818181818181,1.0,1.0,1.0,1
0.3076923076923077,0.2816901408450704,0.0,0.4,0
0.84,1.0,1.0,1.0,1
0.32432432432432434,0.32352941176470584,0.0,0.4444444444444444,0
0.2857142857142857,0.34782608695652173,0.0,0.31746031746031744,0
0.4074074074074075,0.2191780821917808,0.0,0.3589743589743589,0
0.9565217391304348,1.0,1.0,1.0,1
0.9473684210526316,1.0,1.0,1.0,1
0.23529411764705888,0.37878787878787873,0.0,0.2545454545454545,0
0.3414634146341463,0.23255813953488372,0.0,1.0,0
0.4117647058823529,0.34426229508196726,0.0,1.0,0
0.23529411764705888,0.27368421052631575,0.0,0.24242424242424243,0
0.7647058823529411,1.0,1.0,1.0,1
0.3846153846153846,0.265625,0.0,0.36923076923076925,0
0.2777777777777778,0.0,1.0,0.4761904761904761,0
0.39130434782608686,0.3146067415730337,0.0,0.3125,0
0.9565217391304348,1.0,1.0,1.0,1
0.34042553191489366,0.28888888888888886,0.0,0.34285714285714286,0
0.32258064516129037,0.4032258064516129,0.0,0.25,0
0.8484848484848484,1.0,1.0,1.0,1
0.9714285714285714,1.0,1.0,1.0,1
0.8333333333333335,1.0,1.0,1.0,1
0.782608695652174,1.0,1.0,1.0,1
0.8,1.0,1.0,1.0,1
0.26315789473684215,0.36190476190476195,0.0,0.2941176470588235,0
0.7647058823529411,1.0,1.0,1.0,1
0.303030303030303,0.3508771929824561,1.0,0.48,0
0.2666666666666667,0.32692307692307687,0.0,0.3597122302158273,0
0.3529411764705882,0.21505376344086025,0.0,0.5154639175257731,0
0.22857142857142854,0.2941176470588235,0.0,1.0,0
0.8095238095238095,1.0,1.0,1.0,1
0.967741935483871,1.0,1.0,1.0,1
0.7894736842105263,1.0,1.0,1.0,1
0.3829787234042554,0.24137931034482762,0.0,0.14814814814814814,0
0.7916666666666665,1.0,1.0,1.0,1
0.2222222222222222,0.26415094339622647,1.0,1.0,0
0.8518518518518519,1.0,1.0,1.0,1
0.923076923076923,1.0,1.0,1.0,1
0.8095238095238095,1.0,1.0,1.0,1
0.962962962962963,1.0,1.0,1.0,1
0.4,0.23809523809523814,0.0,0.25,0
0.30434782608695654,0.3055555555555556,1.0,0.3125,0
0.23529411764705888,0.2716049382716049,0.0,0.3597122302158273,0
0.7241379310344827,1.0,1.0,1.0,1
0.41860465116279066,0.23853211009174313,0.0,0.45569620253164556,0
0.3076923076923077,0.30188679245283023,0.0,0.2068965517241379,0
0.3125,0.339622641509434,0.0,0.36923076923076925,0
0.8620689655172413,1.0,1.0,1.0,1
0.8181818181818181,1.0,1.0,1.0,1
0.9333333333333332,1.0,1.0,1.0,1
0.75,1.0,1.0,1.0,1
0.8571428571428572,1.0,1.0,1.0,1
0.6428571428571428,1.0,1.0,1.0,1
0.6923076923076923,1.0,1.0,1.0,1
0.23529411764705888,0.3035714285714286,0.0,0.2857142857142857,0
0.782608695652174,1.0,1.0,1.0,1
0.95,1.0,1.0,1.0,1
0.68,1.0,1.0,1.0,1
0.38235294117647056,0.3414634146341463,0.0,0.2941176470588235,0
0.9795918367346939,1.0,1.0,1.0,1
0.44067796610169496,0.30379746835443033,0.0,0.2857142857142857,0
0.27586206896551724,0.32432432432432434,0.0,0.25,0
0.7894736842105263,1.0,1.0,1.0,1
0.8461538461538461,1.0,1.0,1.0,1
0.24,0.33766233766233766,0.0,0.3597122302158273,0
0.29166666666666663,0.2222222222222222,0.0,0.23076923076923073,0
0.2962962962962963,0.3458646616541353,0.0,0.4444444444444444,0
0.9454545454545454,1.0,1.0,1.0,1
0.20833333333333337,0.3047619047619048,1.0,0.14814814814814814,0
0.303030303030303,0.4067796610169492,1.0,0.4545454545454546,0
0.8571428571428572,1.0,1.0,1.0,1
0.7647058823529411,1.0,1.0,1.0,1
0.4117647058823529,0.21238938053097345,1.0,0.4761904761904761,0
0.9538461538461537,1.0,1.0,1.0,1
0.23809523809523814,0.2727272727272727,0.0,0.4444444444444444,0
0.29166666666666663,0.0,0.0,0.3597122302158273,0
0.303030303030303,0.3789473684210526,0.0,1.0,0
0.8461538461538461,1.0,1.0,1.0,1
0.9696969696969697,1.0,1.0,1.0,1
0.3529411764705882,0.32608695652173914,0.0,0.3597122302158273,0
0.2857142857142857,0.3917525773195877,1.0,0.3597122302158273,0
0.3571428571428571,0.23076923076923073,0.0,0.36923076923076925,0
0.3414634146341463,0.2682926829268293,0.0,0.2222222222222222,0
0.32432432432432434,0.2028985507246377,0.0,1.0,0
0.3870967741935484,0.43478260869565216,1.0,0.35820895522388063,0
0.26315789473684215,0.28125,0.0,0.48,0
0.8518518518518519,1.0,1.0,1.0,1
0.3529411764705882,0.3220338983050848,0.0,0.3597122302158273,0
0.4,0.3943661971830986,0.0,0.36363636363636365,0
0.3829787234042554,0.24,0.0,0.41666666666666663,0
0.3529411764705882,0.3793103448275862,0.0,0.45569620253164556,0
0.8518518518518519,1.0,1.0,1.0,1
0.368421052631579,0.40449438202247184,0.0,0.48,0
0.68,1.0,1.0,1.0,1
0.6363636363636364,1.0,1.0,1.0,1
0.9375,1.0,1.0,1.0,1
0.33333333333333337,0.30000000000000004,0.0,0.3597122302158273,0
0.33333333333333337,0.22580645161290325,0.0,0.31746031746031744,0
0.3384615384615385,0.32432432432432434,0.0,0.4,0
0.25531914893617025,0.34782608695652173,0.0,0.3783783783783784,0
0.2222222222222222,0.3548387096774194,0.0,1.0,0
0.8076923076923077,1.0,1.0,1.0,1
0.8571428571428572,1.0,1.0,1.0,1
0.84,1.0,1.0,1.0,1
0.2162162162162162,0.34862385321100914,0.0,0.2545454545454545,0
0.2068965517241379,0.39130434782608686,0.0,0.25,0
0.33333333333333337,0.3703703703703704,0.0,0.22857142857142854,0
0.32258064516129037,0.0,0.0,0.45569620253164556,0
0.33333333333333337,0.3496503496503497,0.0,1.0,0
0.5555555555555556,1.0,1.0,1.0,1
0.33333333333333337,0.5109489051094891,0.0,0.25,0
0.6875,1.0,1.0,1.0,1
0.68,1.0,1.0,1.0,1
0.2790697674418605,0.33333333333333337,0.0,0.23333333333333328,0
0.972972972972973,1.0,1.0,1.0,1
0.32258064516129037,0.19047619047619047,0.0,0.31746031746031744,0
0.9411764705882352,1.0,1.0,1.0,1
0.967741935483871,1.0,1.0,1.0,1
0.9454545454545454,1.0,1.0,1.0,1
0.8518518518518519,1.0,1.0,1.0,1
0.9583333333333335,1.0,1.0,1.0,1
0.25806451612903225,0.3423423423423423,0.0,0.2545454545454545,0
0.7894736842105263,1.0,1.0,1.0,1
0.972972972972973,1.0,1.0,1.0,1
0.4285714285714286,0.2857142857142857,1.0,0.23333333333333328,0
0.75,1.0,1.0,1.0,1
0.962962962962963,1.0,1.0,1.0,1
0.3870967741935484,0.0,1.0,0.3941605839416058,0
0.972972972972973,1.0,1.0,1.0,1
0.23529411764705888,0.2857142857142857,1.0,1.0,0
0.33333333333333337,0.2764227642276422,0.0,0.3597122302158273,0
0.8620689655172413,1.0,1.0,1.0,1
0.3111111111111111,0.4040404040404041,0.0,0.25,0
0.9666666666666667,0.0,1.0,1.0,1
0.975609756097561,1.0,1.0,1.0,1
0.2857142857142857,0.20560747663551404,0.0,0.25,0
0.32558139534883723,0.30000000000000004,0.0,0.22857142857142854,0
0.4,0.31666666666666665,0.0,0.20895522388059706,0
0.7777777777777779,1.0,1.0,1.0,1
0.7575757575757575,1.0,1.0,1.0,1
0.7727272727272727,1.0,1.0,1.0,1
0.972972972972973,1.0,1.0,1.0,1
0.9523809523809522,1.0,1.0,1.0,1
0.9574468085106383,1.0,1.0,1.0,1
0.9615384615384616,1.0,1.0,1.0,1
0.8484848484848484,1.0,1.0,1.0,1
0.6666666666666667,1.0,1.0,1.0,1
0.814814814814815,1.0,1.0,1.0,1
0.7894736842105263,1.0,1.0,1.0,1
0.826086956521739,1.0,1.0,1.0,1
0.303030303030303,0.3023255813953488,0.0,0.25,0
0.9615384615384616,1.0,1.0,1.0,1
0.37209302325581395,0.29357798165137616,0.0,0.3597122302158273,0
0.9090909090909091,0.0,1.0,1.0,1
0.37209302325581395,0.4,0.0,0.3597122302158273,0
0.962962962962963,1.0,1.0,1.0,1
0.8333333333333335,1.0,1.0,1.0,1
0.3846153846153846,0.2978723404255319,0.0,0.25,0
0.30000000000000004,0.3529411764705882,0.0,0.3597122302158273,0
0.375,0.14457831325301207,0.0,0.3597122302158273,0
0.9545454545454546,1.0,1.0,1.0,1
0.8,1.0,1.0,1.0,1
0.75,1.0,1.0,1.0,1
0.21052631578947367,0.23255813953488372,0.0,0.3597122302158273,0
0.782608695652174,1.0,1.0,1.0,1
0.8666666666666667,1.0,1.0,1.0,1
0.967741935483871,1.0,1.0,1.0,1
0.6,1.0,1.0,1.0,1
0.7894736842105263,1.0,1.0,1.0,1
0.9545454545454546,1.0,1.0,1.0,1
0.96,1.0,1.0,1.0,1
0.2790697674418605,0.16326530612244894,1.0,0.31746031746031744,0
0.8333333333333335,1.0,1.0,1.0,1
0.75,1.0,1.0,1.0,1
0.6,1.0,1.0,1.0,1
0.3414634146341463,0.2894736842105263,0.0,0.5154639175257731,0
0.7037037037037037,1.0,1.0,1.0,1
0.8787878787878788,1.0,1.0,1.0,1
0.6666666666666667,0.11363636363636365,0.0,0.33333333333333337,0
0.7727272727272727,1.0,1.0,1.0,1
0.4,0.3076923076923077,0.0,1.0,0
0.38888888888888884,0.2941176470588235,0.0,0.31746031746031744,0
0.3589743589743589,0.24242424242424243,1.0,0.2545454545454545,0
0.36363636363636365,0.24137931034482762,1.0,0.288135593220339,0
0.33333333333333337,0.2857142857142857,0.0,0.14678899082568808,0
0.8571428571428572,1.0,1.0,1.0,1
0.35,0.2571428571428571,0.0,0.3597122302158273,0
0.41666666666666663,0.34408602150537637,0.0,0.14678899082568808,0
0.9361702127659575,1.0,1.0,1.0,1
0.2564102564102564,0.2432432432432432,0.0,0.14814814814814814,0
0.7222222222222221,1.0,1.0,1.0,1
0.34285714285714286,0.34408602150537637,0.0,1.0,0
0.8709677419354839,1.0,1.0,1.0,1
0.9696969696969697,1.0,1.0,1.0,1
0.9333333333333332,1.0,1.0,1.0,1
0.68,1.0,1.0,1.0,1
0.8333333333333335,1.0,1.0,1.0,1
0.34042553191489366,0.30188679245283023,0.0,0.48,0
0.7619047619047619,1.0,1.0,1.0,1
0.2222222222222222,0.5416666666666667,1.0,0.25,0
0.7647058823529411,1.0,1.0,1.0,1
0.7894736842105263,1.0,1.0,1.0,1
0.4,0.3142857142857143,0.0,0.14678899082568808,0
0.33333333333333337,0.36,0.0,0.32258064516129037,0
0.8461538461538461,1.0,1.0,1.0,1
0.4390243902439024,0.33613445378151263,0.0,1.0,0
0.37209302325581395,0.30107526881720426,0.0,0.45569620253164556,0
0.962962962962963,1.0,1.0,1.0,1
0.9361702127659575,1.0,1.0,1.0,1
0.2191780821917808,0.20588235294117652,0.0,0.31746031746031744,0
0.75,1.0,1.0,1.0,1
0.7241379310344827,1.0,1.0,1.0,1
0.24390243902439024,0.17721518987341767,0.0,0.35820895522388063,0
0.4,0.3423423423423423,0.0,0.3928571428571429,0
0.7575757575757575,1.0,1.0,1.0,1
0.8823529411764706,1.0,1.0,1.0,1
0.8787878787878788,1.0,1.0,1.0,1
0.24242424242424243,0.36065573770491793,0.0,0.14814814814814814,0
0.24390243902439024,0.31707317073170727,1.0,0.14814814814814814,0
0.39130434782608686,0.0,0.0,0.4444444444444444,0
0.33333333333333337,0.32520325203252026,0.0,0.25,0
0.4285714285714286,0.2857142857142857,0.0,0.25,0
0.3902439024390244,0.28985507246376807,1.0,1.0,0
0.30434782608695654,0.31858407079646023,0.0,0.25,0
0.3125,0.2941176470588235,0.0,0.25,0
0.28,0.33766233766233766,0.0,0.36363636363636365,0
0.8857142857142857,1.0,1.0,1.0,1
0.7619047619047619,1.0,1.0,1.0,1
0.7916666666666665,1.0,1.0,1.0,1
0.962962962962963,1.0,1.0,1.0,1
0.9,1.0,1.0,1.0,1
0.967741935483871,1.0,1.0,1.0,1
0.3555555555555555,0.25531914893617025,0.0,0.45569620253164556,0
0.5,0.23008849557522126,0.0,0.25,0
0.32432432432432434,0.15873015873015872,0.0,1.0,0
0.33898305084745756,0.29333333333333333,0.0,0.35820895522388063,0
0.14814814814814814,0.2727272727272727,0.0,1.0,0
0.8095238095238095,1.0,1.0,1.0,1
0.32727272727272727,0.41558441558441556,0.0,0.36363636363636365,0
0.84,1.0,1.0,1.0,1
0.4285714285714286,0.2033898305084746,0.0,0.14678899082568808,0
0.3728813559322034,0.2222222222222222,0.0,0.33333333333333337,0
0.9655172413793103,1.0,1.0,1.0,1
0.40816326530612246,0.27722772277227725,0.0,0.31746031746031744,0
0.84,1.0,1.0,1.0,1
0.34042553191489366,0.19672131147540983,0.0,1.0,0
0.34042553191489366,0.21212121212121215,0.0,0.19047619047619047,0
0.14634146341463417,0.275,0.0,0.5714285714285714,0
0.42105263157894735,0.18461538461538463,0.0,0.35820895522388063,0
0.31999999999999995,0.27956989247311825,0.0,0.14814814814814814,0
0.7894736842105263,1.0,1.0,1.0,1
0.814814814814815,1.0,1.0,1.0,1
0.9655172413793103,1.0,1.0,1.0,1
0.84,1.0,1.0,1.0,1
0.5789473684210527,1.0,1.0,1.0,1
0.736842105263158,1.0,1.0,1.0,1
0.3589743589743589,0.0,1.0,0.4761904761904761,0
0.6875,1.0,1.0,1.0,1
0.967741935483871,1.0,1.0,1.0,1
0.826086956521739,1.0,1.0,1.0,1
0.6666666666666667,1.0,1.0,1.0,1
0.68,1.0,1.0,1.0,1
0.9047619047619048,1.0,1.0,1.0,1
0.41860465116279066,0.3035714285714286,0.0,0.48,0
0.7222222222222221,1.0,1.0,1.0,1
0.6,1.0,1.0,1.0,1
0.9714285714285714,1.0,1.0,1.0,1
0.8709677419354839,1.0,1.0,1.0,1
0.75,1.0,1.0,1.0,1
0.9583333333333335,1.0,1.0,1.0,1
0.7777777777777779,1.0,1.0,1.0,1
0.28,0.30434782608695654,1.0,0.2545454545454545,0
0.9333333333333332,1.0,1.0,1.0,1
0.36,0.303030303030303,0.0,0.23076923076923073,0
0.28,0.23684210526315785,0.0,0.14678899082568808,0
0.4285714285714286,0.303030303030303,0.0,0.25,0
0.25,0.31818181818181823,0.0,0.36363636363636365,0
0.33333333333333337,0.46969696969696967,0.0,0.14678899082568808,0
0.4,0.3106796116504854,0.0,1.0,0
0.875,1.0,1.0,1.0,1
0.2978723404255319,0.30379746835443033,0.0,0.14678899082568808,0
0.6382978723404256,0.3709677419354838,0.0,0.2545454545454545,0
0.08695652173913049,0.33684210526315794,0.0,1.0,0
0.2545454545454545,0.0,0.0,0.4761904761904761,0
0.9024390243902439,1.0,1.0,1.0,1
0.4444444444444444,0.26415094339622647,0.0,0.3597122302158273,0
0.3414634146341463,0.36090225563909767,0.0,0.2857142857142857,0
0.7222222222222221,1.0,1.0,1.0,1
0.7647058823529411,1.0,1.0,1.0,1
0.4,0.419753086419753,0.0,0.35820895522388063,0
0.4,0.26168224299065423,0.0,0.5154639175257731,0
0.75,1.0,1.0,1.0,1
0.8571428571428572,1.0,1.0,1.0,1
0.30000000000000004,0.0,1.0,0.34285714285714286,0
0.75,1.0,1.0,1.0,1
0.7142857142857143,1.0,1.0,1.0,1
0.84,1.0,1.0,1.0,1
0.23255813953488372,0.2597402597402597,0.0,0.3783783783783784,0
0.33333333333333337,0.32432432432432434,0.0,0.14678899082568808,0
0.35,0.37735849056603776,0.0,0.25,0
0.42105263157894735,0.32098765432098764,0.0,0.23076923076923073,0
0.38888888888888884,0.33898305084745756,0.0,0.36363636363636365,0
0.8484848484848484,1.0,1.0,1.0,1
0.21739130434782605,0.23728813559322037,0.0,0.35820895522388063,0
0.9189189189189189,1.0,1.0,1.0,1
0.6923076923076923,1.0,1.0,1.0,1
0.3555555555555555,0.24742268041237114,0.0,1.0,0
0.3555555555555555,0.3793103448275862,0.0,0.25,0
0.32432432432432434,0.36190476190476195,0.0,1.0,0
0.4117647058823529,0.3577235772357723,0.0,0.48,0
0.95,1.0,1.0,1.0,1
0.33333333333333337,0.2790697674418605,0.0,1.0,0
0.2777777777777778,0.43103448275862066,0.0,0.31746031746031744,0
0.8095238095238095,1.0,1.0,1.0,1
0.95,1.0,1.0,1.0,1
0.8620689655172413,1.0,1.0,1.0,1
0.368421052631579,0.32098765432098764,0.0,0.2545454545454545,0
0.8095238095238095,1.0,1.0,1.0,1
0.20512820512820518,0.4444444444444444,0.0,0.14678899082568808,0
0.9090909090909091,1.0,1.0,1.0,1
0.9361702127659575,1.0,1.0,1.0,1
0.4,0.2465753424657534,0.0,0.25,0
0.30434782608695654,0.35185185185185186,0.0,0.5154639175257731,0
0.9565217391304348,1.0,1.0,1.0,1
0.27586206896551724,0.3448275862068966,0.0,0.5454545454545454,0
0.38095238095238093,0.36,0.0,0.3783783783783784,0
0.43999999999999995,0.29508196721311475,0.0,0.30508474576271183,0
0.29268292682926833,0.3820224719101124,0.0,0.45569620253164556,0
0.375,0.3296703296703297,0.0,0.24137931034482762,0
0.6923076923076923,1.0,1.0,1.0,1
0.3414634146341463,0.32499999999999996,0.0,0.2857142857142857,0
0.30000000000000004,0.2654867256637168,0.0,0.42666666666666664,0
0.48,0.3146067415730337,0.0,0.3597122302158273,0
0.8888888888888888,1.0,1.0,1.0,1
0.7894736842105263,1.0,1.0,1.0,1
0.2727272727272727,0.4380952380952381,0.0,0.23076923076923073,0
0.34782608695652173,0.0,0.0,0.4761904761904761,0
0.36363636363636365,0.3090909090909091,0.0,0.45569620253164556,0
0.3783783783783784,0.3296703296703297,0.0,0.2545454545454545,0
0.8333333333333335,1.0,1.0,1.0,1
0.6521739130434783,1.0,1.0,1.0,1
0.8333333333333335,1.0,1.0,1.0,1
0.7727272727272727,1.0,1.0,1.0,1
0.31999999999999995,0.3055555555555556,0.0,1.0,0
0.5185185185185186,0.34666666666666673,0.0,0.14678899082568808,0
0.27586206896551724,0.2727272727272727,0.0,0.25,0
0.26315789473684215,0.31137724550898205,0.0,0.22857142857142854,0
0.8181818181818181,1.0,1.0,1.0,1
0.7142857142857143,1.0,1.0,1.0,1
0.9714285714285714,1.0,1.0,1.0,1
0.7333333333333334,1.0,1.0,1.0,1
0.7241379310344827,1.0,1.0,1.0,1
0.7142857142857143,1.0,1.0,1.0,1
0.6923076923076923,1.0,1.0,1.0,1
0.972972972972973,1.0,1.0,1.0,1
0.7333333333333334,1.0,1.0,1.0,1
0.36,0.3833333333333333,0.0,0.2222222222222222,0
0.7777777777777779,1.0,1.0,1.0,1
0.20833333333333337,0.379746835443038,1.0,0.4,0
0.8,1.0,1.0,1.0,1
0.9552238805970148,1.0,1.0,1.0,1
0.43333333333333335,0.3218390804597702,0.0,0.33333333333333337,0
0.8214285714285714,1.0,1.0,1.0,1
0.7037037037037037,1.0,1.0,1.0,1
0.29268292682926833,0.17391304347826086,0.0,0.22857142857142854,0
0.27586206896551724,0.34090909090909094,0.0,0.35820895522388063,0
0.7777777777777779,1.0,1.0,1.0,1
0.9523809523809522,1.0,1.0,1.0,1
0.7777777777777779,1.0,1.0,1.0,1
0.8,1.0,1.0,1.0,1
0.3529411764705882,0.2954545454545454,0.0,0.4,0
0.25806451612903225,0.4271844660194175,0.0,0.3703703703703704,0
0.8,1.0,1.0,1.0,1
0.9411764705882352,1.0,1.0,1.0,1
0.41025641025641024,0.3939393939393939,0.0,0.25,0
0.2790697674418605,0.3898305084745763,0.0,1.0,0
0.3555555555555555,0.26086956521739135,0.0,0.3597122302158273,0
0.3703703703703704,0.32258064516129037,0.0,0.2545454545454545,0
0.9666666666666667,1.0,1.0,1.0,1
0.2142857142857143,0.2816901408450704,0.0,0.25,0
0.35,0.37623762376237624,0.0,0.25,0
0.5,1.0,1.0,1.0,1
0.2857142857142857,0.3076923076923077,1.0,0.23333333333333328,0
0.9523809523809522,1.0,1.0,1.0,1
0.28125,0.3278688524590164,0.0,0.35820895522388063,0
0.972972972972973,1.0,1.0,1.0,1
0.3076923076923077,0.3111111111111111,1.0,0.25,0
0.8333333333333335,1.0,1.0,1.0,1
0.8333333333333335,1.0,1.0,1.0,1
0.7037037037037037,1.0,1.0,1.0,1
0.9411764705882352,1.0,1.0,1.0,1
0.826086956521739,1.0,1.0,1.0,1
0.32558139534883723,0.5,1.0,0.31746031746031744,0
0.4489795918367348,0.30508474576271183,0.0,1.0,0
0.3589743589743589,0.25531914893617025,0.0,0.39473684210526316,0
0.22857142857142854,0.34951456310679613,0.0,1.0,0
0.96,1.0,1.0,1.0,1
0.9523809523809522,1.0,1.0,1.0,1
0.8684210526315791,1.0,1.0,1.0,1
0.7142857142857143,1.0,1.0,1.0,1
0.4473684210526315,0.27450980392156865,0.0,0.4545454545454546,0
0.2727272727272727,0.2692307692307693,0.0,0.31746031746031744,0
0.2857142857142857,0.38888888888888884,0.0,0.2545454545454545,0
0.3529411764705882,0.3508771929824561,0.0,0.35820895522388063,0
0.9473684210526316,1.0,1.0,1.0,1
0.9615384615384616,1.0,1.0,1.0,1
0.26086956521739135,0.2823529411764706,0.0,1.0,0
0.34782608695652173,0.3841059602649006,0.0,0.4,0
0.23529411764705888,0.3783783783783784,0.0,0.14678899082568808,0
0.8518518518518519,1.0,1.0,1.0,1
0.8214285714285714,1.0,1.0,1.0,1
0.9090909090909091,1.0,1.0,1.0,1
0.3555555555555555,0.1875,0.0,0.45569620253164556,0
0.2857142857142857,0.33333333333333337,1.0,0.3783783783783784,0
0.7333333333333334,1.0,1.0,1.0,1
0.33333333333333337,0.34328358208955223,0.0,1.0,0
0.8461538461538461,1.0,1.0,1.0,1
0.32558139534883723,0.33684210526315794,0.0,0.3941605839416058,0
0.7241379310344827,1.0,1.0,1.0,1
0.8181818181818181,1.0,1.0,1.0,1
0.6363636363636364,1.0,1.0,1.0,1
0.75,1.0,1.0,1.0,1
0.4117647058823529,0.3728813559322034,0.0,0.3783783783783784,0
0.9714285714285714,1.0,1.0,1.0,1
0.7058823529411764,1.0,1.0,1.0,1
0.7037037037037037,1.0,1.0,1.0,1
0.6046511627906976,0.3458646616541353,0.0,0.2545454545454545,0
0.88,1.0,1.0,1.0,1
0.24242424242424243,0.34782608695652173,0.0,0.3597122302158273,0
0.1875,0.25,0.0,0.3589743589743589,0
0.8620689655172413,1.0,1.0,1.0,1
0.9411764705882352,1.0,1.0,1.0,1
0.9523809523809522,1.0,1.0,1.0,1
0.2727272727272727,0.3829787234042554,0.0,0.3597122302158273,0
0.84,1.0,1.0,1.0,1
0.4375,0.34013605442176875,0.0,1.0,0
0.303030303030303,0.2222222222222222,0.0,0.14678899082568808,0
0.33333333333333337,0.44776119402985076,1.0,0.35820895522388063,0
0.84,1.0,1.0,1.0,1
0.3870967741935484,0.29729729729729726,0.0,0.30434782608695654,0
0.972972972972973,1.0,1.0,1.0,1
0.875,1.0,1.0,1.0,1
0.4,0.2857142857142857,0.0,0.25,0
0.4,0.34615384615384615,1.0,0.35820895522388063,0
0.8214285714285714,1.0,1.0,1.0,1
0.32432432432432434,0.26865671641791045,0.0,0.2545454545454545,0
0.33333333333333337,0.3529411764705882,0.0,0.33333333333333337,0
0.8571428571428572,1.0,1.0,1.0,1
0.7647058823529411,1.0,1.0,1.0,1
0.3157894736842105,0.2990654205607477,0.0,0.35820895522388063,0
0.4444444444444444,0.3008849557522124,1.0,0.48,0
0.9565217391304348,1.0,1.0,1.0,1
0.9375,1.0,1.0,1.0,1
0.9655172413793103,1.0,1.0,1.0,1
0.9444444444444444,1.0,1.0,1.0,1
0.736842105263158,1.0,1.0,1.0,1
0.962962962962963,1.0,1.0,1.0,1
0.25,0.26190476190476186,0.0,0.24137931034482762,0
0.3125,0.34375,0.0,0.3793103448275862,0
0.2857142857142857,0.23880597014925375,0.0,0.2857142857142857,0
0.1875,0.33333333333333337,0.0,0.5714285714285714,0
0.7727272727272727,1.0,1.0,1.0,1
0.33333333333333337,0.16129032258064513,0.0,0.35820895522388063,0
0.2727272727272727,0.32478632478632474,0.0,0.14678899082568808,0
0.9090909090909091,1.0,1.0,1.0,1
0.3013698630136986,0.3647058823529412,0.0,0.42666666666666664,0
0.18604651162790697,0.375,0.0,0.2545454545454545,0
0.24242424242424243,0.3106796116504854,0.0,0.288135593220339,0
0.3414634146341463,0.41463414634146345,0.0,0.3597122302158273,0
0.29166666666666663,0.23622047244094488,0.0,0.45569620253164556,0
0.972972972972973,1.0,1.0,1.0,1
0.33333333333333337,0.34666666666666673,0.0,0.2222222222222222,0
0.967741935483871,1.0,1.0,1.0,1
0.7894736842105263,1.0,1.0,1.0,1
0.33333333333333337,0.202247191011236,1.0,0.2545454545454545,0
0.31818181818181823,0.2545454545454545,0.0,0.45569620253164556,0
0.8571428571428572,1.0,1.0,1.0,1
0.33333333333333337,0.17910447761194026,0.0,0.25,0
0.31999999999999995,0.345679012345679,1.0,0.3783783783783784,0
0.8787878787878788,1.0,1.0,1.0,1
0.9523809523809522,1.0,1.0,1.0,1
0.4705882352941176,0.3013698630136986,0.0,1.0,0
0.3928571428571429,0.31343283582089554,0.0,0.4,0
0.9523809523809522,1.0,1.0,1.0,1
0.41025641025641024,0.23376623376623373,1.0,1.0,0
0.36363636363636365,0.24615384615384617,0.0,0.35820895522388063,0
0.75,0.0,1.0,1.0,1
0.9552238805970148,1.0,1.0,1.0,1
0.9767441860465115,1.0,1.0,1.0,1
0.7777777777777779,1.0,1.0,1.0,1
0.9387755102040817,1.0,1.0,1.0,1
0.30000000000000004,0.28099173553719003,0.0,0.38095238095238093,0
0.7894736842105263,1.0,1.0,1.0,1
0.8333333333333335,1.0,1.0,1.0,1
0.8181818181818181,1.0,1.0,1.0,1
0.339622641509434,0.23880597014925375,0.0,1.0,0
0.4,0.35955056179775285,0.0,0.31746031746031744,0
0.9302325581395349,1.0,1.0,1.0,1
0.38095238095238093,0.3047619047619048,0.0,1.0,0
0.8648648648648648,1.0,1.0,1.0,1
0.2857142857142857,0.29059829059829057,0.0,0.20895522388059706,0
0.9333333333333332,1.0,1.0,1.0,1
0.339622641509434,0.3098591549295775,0.0,1.0,0
0.84,1.0,1.0,1.0,1
0.9491525423728814,1.0,1.0,1.0,1
0.3555555555555555,0.19512195121951215,0.0,0.288135593220339,0
0.32432432432432434,0.22988505747126442,0.0,0.41333333333333333,0
0.3448275862068966,0.30434782608695654,0.0,1.0,0
0.4285714285714286,0.34782608695652173,0.0,1.0,0
0.34042553191489366,0.34666666666666673,0.0,1.0,0
0.3589743589743589,0.3218390804597702,1.0,1.0,0
0.7727272727272727,1.0,1.0,1.0,1
0.3870967741935484,0.3571428571428571,1.0,0.3597122302158273,0
0.4,0.2909090909090909,0.0,0.3597122302158273,0
0.36363636363636365,0.2429906542056075,0.0,0.25,0
0.8275862068965517,1.0,1.0,1.0,1
0.7619047619047619,1.0,1.0,1.0,1
0.2068965517241379,0.3157894736842105,0.0,0.14814814814814814,0
0.7894736842105263,1.0,1.0,1.0,1
0.8518518518518519,1.0,1.0,1.0,1
0.8571428571428572,1.0,1.0,1.0,1
0.6521739130434783,1.0,1.0,1.0,1
0.8947368421052632,1.0,1.0,1.0,1
0.2666666666666667,0.2764227642276422,0.0,0.25,0
0.2857142857142857,0.3880597014925373,0.0,1.0,0
0.29032258064516125,0.26190476190476186,0.0,0.1333333333333333,0
0.9655172413793103,1.0,1.0,1.0,1
0.7575757575757575,1.0,1.0,1.0,1
0.8,1.0,1.0,1.0,1
0.339622641509434,0.34615384615384615,0.0,0.3214285714285714,0
0.2941176470588235,0.16216216216216217,0.0,0.4444444444444444,0
0.37209302325581395,0.3157894736842105,1.0,0.25,0
0.33333333333333337,0.2692307692307693,0.0,0.25,0
0.9655172413793103,1.0,1.0,1.0,1
0.4242424242424242,0.410958904109589,0.0,0.48,0
0.4666666666666666,1.0,1.0,1.0,1
0.8,1.0,1.0,1.0,1
0.36363636363636365,0.18666666666666665,0.0,0.25,0
0.7647058823529411,1.0,1.0,1.0,1
0.6875,1.0,1.0,1.0,1
0.2857142857142857,0.32380952380952377,0.0,1.0,0
0.9583333333333335,0.0,1.0,1.0,1
0.2272727272727273,0.3370786516853933,0.0,0.2545454545454545,0
0.32258064516129037,0.2941176470588235,0.0,0.25,0
0.32558139534883723,0.30000000000000004,0.0,0.5154639175257731,0
0.826086956521739,1.0,1.0,1.0,1
0.2222222222222222,0.26315789473684215,0.0,1.0,0
0.7619047619047619,1.0,1.0,1.0,1
0.923076923076923,1.0,1.0,1.0,1
0.9285714285714286,1.0,1.0,1.0,1
0.3076923076923077,0.3548387096774194,0.0,1.0,0
0.2727272727272727,0.29729729729729726,0.0,0.25,0
0.7222222222222221,1.0,1.0,1.0,1
0.3076923076923077,0.23655913978494625,0.0,0.14678899082568808,0
0.736842105263158,0.196078431372549,0.0,1.0,0
0.3157894736842105,0.3125,0.0,0.3783783783783784,0
0.6,1.0,1.0,1.0,1
0.8275862068965517,1.0,1.0,1.0,1
0.36923076923076925,0.3058823529411765,0.0,0.3793103448275862,0
0.6363636363636364,1.0,1.0,1.0,1
0.6521739130434783,1.0,1.0,1.0,1
0.34615384615384615,0.2168674698795181,0.0,1.0,0
0.967741935483871,1.0,1.0,1.0,1
0.4242424242424242,0.368421052631579,0.0,1.0,0
0.9696969696969697,1.0,1.0,1.0,1
0.8095238095238095,1.0,1.0,1.0,1
0.96,1.0,1.0,1.0,1
0.24242424242424243,0.2857142857142857,0.0,0.1333333333333333,0
0.48888888888888893,0.37777777777777777,0.0,0.41333333333333333,0
0.9777777777777777,1.0,1.0,1.0,1
0.46808510638297873,0.3218390804597702,0.0,0.36923076923076925,0
0.92,1.0,1.0,1.0,1
0.33333333333333337,0.1785714285714286,0.0,0.25,0
0.31034482758620685,0.3076923076923077,0.0,0.31746031746031744,0
0.31999999999999995,0.19417475728155342,0.0,0.3597122302158273,0
0.923076923076923,1.0,1.0,1.0,1
0.9696969696969697,1.0,1.0,1.0,1
0.8,1.0,1.0,1.0,1
0.3703703703703704,0.0,0.0,1.0,0
0.33333333333333337,0.32608695652173914,0.0,0.25,0
0.23076923076923073,0.36641221374045807,0.0,0.31746031746031744,0
0.75,1.0,1.0,1.0,1
0.9285714285714286,1.0,1.0,1.0,1
0.4,0.35416666666666663,0.0,0.25,0
0.30188679245283023,0.2727272727272727,0.0,0.3597122302158273,0
0.15384615384615385,0.2828282828282829,0.0,0.288135593220339,0
0.3414634146341463,0.28125,0.0,0.41333333333333333,0
0.3448275862068966,0.33684210526315794,0.0,0.2545454545454545,0
0.8695652173913043,1.0,1.0,1.0,1
0.8076923076923077,1.0,1.0,1.0,1
0.8181818181818181,1.0,1.0,1.0,1
0.8611111111111112,1.0,1.0,1.0,1
0.9696969696969697,1.0,1.0,1.0,1
0.2702702702702703,0.26086956521739135,0.0,1.0,0
0.34285714285714286,0.21739130434782605,0.0,0.2545454545454545,0
0.9444444444444444,1.0,1.0,1.0,1
0.9387755102040817,1.0,1.0,1.0,1
0.2962962962962963,0.38888888888888884,1.0,0.2068965517241379,0
0.9777777777777777,1.0,1.0,1.0,1
0.8333333333333335,1.0,1.0,1.0,1
0.9166666666666665,1.0,1.0,1.0,1
0.32432432432432434,0.3076923076923077,0.0,0.14814814814814814,0
0.9743589743589743,1.0,1.0,1.0,1
0.8333333333333335,1.0,1.0,1.0,1
0.7727272727272727,1.0,1.0,1.0,1
0.33333333333333337,0.22018348623853215,0.0,1.0,0
0.9696969696969697,1.0,1.0,1.0,1
0.2564102564102564,0.27956989247311825,0.0,0.25,0
0.782608695652174,0.3855421686746988,0.0,1.0,0
0.33333333333333337,0.3703703703703704,0.0,0.45569620253164556,0
0.7419354838709676,1.0,1.0,1.0,1
0.9545454545454546,1.0,1.0,1.0,1
0.9545454545454546,1.0,1.0,1.0,1
0.29268292682926833,0.19999999999999996,0.0,0.2857142857142857,0
0.25,0.30000000000000004,0.0,0.25,0
0.8787878787878788,1.0,1.0,1.0,1
0.2941176470588235,0.2828282828282829,0.0,0.14678899082568808,0
0.923076923076923,1.0,1.0,1.0,1
0.9425287356321839,1.0,1.0,1.0,1
0.9714285714285714,1.0,1.0,1.0,1
0.7916666666666665,1.0,1.0,1.0,1
0.8181818181818181,1.0,1.0,1.0,1
0.20512820512820518,0.19999999999999996,0.0,0.25,0
0.9523809523809522,1.0,1.0,1.0,1
0.23076923076923073,0.36220472440944884,1.0,0.22857142857142854,0
0.7333333333333334,1.0,1.0,1.0,1
0.37209302325581395,0.1875,0.0,0.25,0
0.22857142857142854,0.10526315789473684,1.0,0.41333333333333333,0
0.972972972972973,1.0,1.0,1.0,1
0.2857142857142857,0.44999999999999996,0.0,1.0,0
0.3278688524590164,0.291970802919708,0.0,0.25,0
0.8484848484848484,1.0,1.0,1.0,1
0.8,1.0,1.0,1.0,1
0.8529411764705883,1.0,1.0,1.0,1
0.43478260869565216,0.37878787878787873,0.0,0.25,0
0.962962962962963,1.0,1.0,1.0,1
0.923076923076923,1.0,1.0,1.0,1
0.34285714285714286,0.2823529411764706,0.0,0.45569620253164556,0
0.8,1.0,1.0,1.0,1
0.9375,1.0,1.0,1.0,1
0.6521739130434783,1.0,1.0,1.0,1
0.7058823529411764,1.0,1.0,1.0,1
0.3125,0.32727272727272727,1.0,0.3597122302158273,0
0.326530612244898,0.24242424242424243,0.0,0.2545454545454545,0
0.8181818181818181,1.0,1.0,1.0,1
0.2068965517241379,0.33333333333333337,0.0,0.3597122302158273,0
0.8387096774193549,1.0,1.0,1.0,1
0.3137254901960784,0.28915662650602414,0.0,0.41666666666666663,0
0.9473684210526316,1.0,1.0,1.0,1
0.2790697674418605,0.31404958677685946,0.0,0.35820895522388063,0
0.8095238095238095,1.0,1.0,1.0,1
0.804878048780488,1.0,1.0,1.0,1
0.38095238095238093,0.25806451612903225,1.0,0.25,0
0.42105263157894735,0.3055555555555556,0.0,0.41333333333333333,0
0.9583333333333335,1.0,1.0,1.0,1
0.2142857142857143,0.3414634146341463,0.0,1.0,0
0.2857142857142857,0.419753086419753,1.0,0.3597122302158273,0
0.875,1.0,1.0,1.0,1
0.41860465116279066,0.31999999999999995,0.0,1.0,0
0.368421052631579,0.28205128205128205,0.0,1.0,0
0.9696969696969697,1.0,1.0,1.0,1
0.4390243902439024,0.37362637362637363,0.0,0.48,0
0.7647058823529411,1.0,1.0,1.0,1
0.9565217391304348,1.0,1.0,1.0,1
0.9714285714285714,1.0,1.0,1.0,1
0.2702702702702703,0.25531914893617025,0.0,0.14814814814814814,0
0.33333333333333337,0.34693877551020413,1.0,0.4444444444444444,0
0.814814814814815,0.0,1.0,1.0,1
0.826086956521739,1.0,1.0,1.0,1
0.7142857142857143,1.0,1.0,1.0,1
0.26315789473684215,0.30508474576271183,0.0,0.20895522388059706,0
0.21276595744680848,0.2962962962962963,0.0,1.0,0
0.826086956521739,1.0,1.0,1.0,1
0.4516129032258065,0.345679012345679,0.0,1.0,0
0.3703703703703704,0.3220338983050848,0.0,1.0,0
0.4390243902439024,0.3529411764705882,1.0,0.288135593220339,0
0.8214285714285714,1.0,1.0,1.0,1
0.96,1.0,1.0,1.0,1
0.7142857142857143,1.0,1.0,1.0,1
0.7222222222222221,1.0,1.0,1.0,1
0.30000000000000004,0.2407407407407407,0.0,0.2545454545454545,0
0.34285714285714286,0.24390243902439024,1.0,0.25,0
0.27586206896551724,0.3939393939393939,0.0,1.0,0
0.29268292682926833,0.25316455696202533,0.0,0.25,0
0.2857142857142857,0.2622950819672131,0.0,0.5154639175257731,0
0.41379310344827597,0.4301075268817204,0.0,0.3597122302158273,0
0.2666666666666667,0.2692307692307693,0.0,0.31746031746031744,0
0.8333333333333335,1.0,1.0,1.0,1
0.6363636363636364,1.0,1.0,1.0,1
0.3157894736842105,0.32098765432098764,0.0,0.45569620253164556,0
0.7058823529411764,1.0,1.0,1.0,1
0.7894736842105263,1.0,1.0,1.0,1
0.3529411764705882,0.12765957446808507,1.0,0.31746031746031744,0
0.75,1.0,1.0,1.0,1
0.5818181818181818,0.4227642276422764,0.0,1.0,0
0.3137254901960784,0.2647058823529411,0.0,0.2857142857142857,0
0.6666666666666667,1.0,1.0,1.0,1
0.326530612244898,0.3551401869158879,0.0,0.22857142857142854,0
0.967741935483871,1.0,1.0,1.0,1
0.9411764705882352,1.0,1.0,1.0,1
0.29166666666666663,0.31707317073170727,0.0,0.3783783783783784,0
0.75,1.0,1.0,1.0,1
0.7241379310344827,1.0,1.0,1.0,1
0.9565217391304348,1.0,1.0,1.0,1
0.31999999999999995,0.4057971014492754,0.0,0.31746031746031744,0
0.3529411764705882,0.3833333333333333,0.0,0.2727272727272727,0
0.3414634146341463,0.3188405797101449,0.0,0.2545454545454545,0
0.4,0.2962962962962963,1.0,0.20895522388059706,0
0.2727272727272727,0.3296703296703297,0.0,0.14678899082568808,0
0.7777777777777779,1.0,1.0,1.0,1
0.3529411764705882,0.4040404040404041,0.0,0.3597122302158273,0
0.29166666666666663,0.3125,0.0,0.35820895522388063,0
0.2857142857142857,0.24242424242424243,0.0,0.14678899082568808,0
0.7619047619047619,1.0,1.0,1.0,1
0.23809523809523814,0.33333333333333337,0.0,0.32258064516129037,0
0.7647058823529411,1.0,1.0,1.0,1
0.23076923076923073,0.25742574257425743,0.0,1.0,0
0.878048780487805,1.0,1.0,1.0,1
0.368421052631579,0.3448275862068966,0.0,0.14814814814814814,0
0.8888888888888888,1.0,1.0,1.0,1
0.3589743589743589,0.27956989247311825,0.0,1.0,0
0.7222222222222221,1.0,1.0,1.0,1
0.8095238095238095,1.0,1.0,1.0,1
0.19999999999999996,0.2909090909090909,0.0,0.3941605839416058,0
0.7037037037037037,1.0,1.0,1.0,1
0.8214285714285714,1.0,1.0,1.0,1
0.3448275862068966,0.30927835051546393,0.0,0.31746031746031744,0
0.36363636363636365,0.359375,0.0,0.14678899082568808,0
0.7333333333333334,1.0,1.0,1.0,1
0.2162162162162162,0.30000000000000004,0.0,0.2545454545454545,0
0.9444444444444444,1.0,1.0,1.0,1
0.3571428571428571,0.42622950819672134,0.0,0.3597122302158273,0
0.6666666666666667,1.0,1.0,1.0,1
0.9411764705882352,1.0,1.0,1.0,1
0.4,0.3298969072164949,0.0,0.25,0
0.24390243902439024,0.30952380952380953,0.0,0.38095238095238093,0
0.2592592592592593,0.4055944055944056,0.0,1.0,0
0.3137254901960784,0.326530612244898,0.0,0.41860465116279066,0
0.26865671641791045,0.2650602409638554,0.0,0.24137931034482762,0
0.34782608695652173,0.4,0.0,0.25,0
0.7575757575757575,1.0,1.0,1.0,1
0.8666666666666667,1.0,1.0,1.0,1
0.38888888888888884,0.3076923076923077,0.0,0.4761904761904761,0
0.8387096774193549,1.0,1.0,1.0,1
0.3448275862068966,0.30434782608695654,0.0,0.2857142857142857,0
0.2857142857142857,0.375,0.0,0.14678899082568808,0
0.9361702127659575,1.0,1.0,1.0,1
0.95,1.0,1.0,1.0,1
0.967741935483871,1.0,1.0,1.0,1
0.814814814814815,1.0,1.0,1.0,1
0.3589743589743589,0.39682539682539686,1.0,1.0,0
0.6875,1.0,1.0,1.0,1
0.6666666666666667,1.0,1.0,1.0,1
0.7619047619047619,1.0,1.0,1.0,1
0.7222222222222221,1.0,1.0,1.0,1
0.4736842105263158,0.367816091954023,0.0,0.25,0
0.3076923076923077,0.33333333333333337,0.0,1.0,0
0.9433962264150944,1.0,1.0,1.0,1
0.782608695652174,1.0,1.0,1.0,1
0.303030303030303,0.3529411764705882,0.0,0.48,0
0.8518518518518519,1.0,1.0,1.0,1
0.9696969696969697,1.0,1.0,1.0,1
0.6190476190476191,1.0,1.0,1.0,1
0.3076923076923077,0.2727272727272727,0.0,1.0,0
0.2790697674418605,0.33333333333333337,0.0,0.48,0
0.782608695652174,1.0,1.0,1.0,1
0.36363636363636365,0.34090909090909094,0.0,0.14814814814814814,0
0.7575757575757575,1.0,1.0,1.0,1
0.6521739130434783,1.0,1.0,1.0,1
0.7777777777777779,1.0,1.0,1.0,1
0.6666666666666667,1.0,1.0,1.0,1
0.33333333333333337,0.26086956521739135,0.0,0.48,0
0.3076923076923077,0.30107526881720426,0.0,0.4444444444444444,0
0.9444444444444444,1.0,1.0,1.0,1
0.2777777777777778,0.31746031746031744,0.0,0.25,0
0.4,0.23809523809523814,0.0,0.40909090909090906,0
0.8529411764705883,1.0,1.0,1.0,1
0.9714285714285714,1.0,1.0,1.0,1
0.26086956521739135,0.25225225225225223,0.0,0.35820895522388063,0
0.42105263157894735,0.2921348314606742,0.0,0.14678899082568808,0
0.7714285714285716,1.0,1.0,1.0,1
0.339622641509434,0.39655172413793105,0.0,0.14814814814814814,0
0.34285714285714286,0.3111111111111111,0.0,0.2545454545454545,0
0.95,1.0,1.0,1.0,1
0.75,1.0,1.0,1.0,1
0.84,1.0,1.0,1.0,1
0.8611111111111112,1.0,1.0,1.0,1
0.7894736842105263,1.0,1.0,1.0,1
0.29166666666666663,0.3414634146341463,1.0,0.14678899082568808,0
0.9473684210526316,1.0,1.0,1.0,1
0.826086956521739,1.0,1.0,1.0,1
0.4225352112676056,0.0,1.0,0.3941605839416058,0
0.7727272727272727,1.0,1.0,1.0,1
0.2857142857142857,0.31818181818181823,1.0,0.38095238095238093,0
0.962962962962963,1.0,1.0,1.0,1
0.31818181818181823,0.2542372881355932,0.0,1.0,0
0.4,0.3309352517985612,0.0,0.5454545454545454,0
0.7894736842105263,1.0,1.0,1.0,1
0.8095238095238095,1.0,1.0,1.0,1
0.29850746268656714,0.2222222222222222,0.0,0.2545454545454545,0
0.9411764705882352,1.0,1.0,1.0,1
0.2727272727272727,0.3047619047619048,0.0,0.34285714285714286,0
0.4516129032258065,0.4177215189873418,1.0,0.3597122302158273,0
0.8181818181818181,1.0,1.0,1.0,1
0.9565217391304348,1.0,1.0,1.0,1
0.9523809523809522,1.0,1.0,1.0,1
0.9333333333333332,1.0,1.0,1.0,1
0.36363636363636365,0.31999999999999995,0.0,0.25,0
0.2941176470588235,0.32727272727272727,0.0,0.36363636363636365,0
0.84,1.0,1.0,1.0,1
0.2142857142857143,0.4324324324324324,0.0,0.36923076923076925,0
0.4,0.33333333333333337,0.0,1.0,0
0.875,1.0,1.0,1.0,1
0.30434782608695654,0.27956989247311825,0.0,0.3783783783783784,0
0.962962962962963,1.0,1.0,1.0,1
0.33333333333333337,0.3116883116883117,0.0,0.48,0
0.9024390243902439,1.0,1.0,1.0,1
0.7575757575757575,1.0,1.0,1.0,1
0.962962962962963,1.0,1.0,1.0,1
0.4897959183673469,0.32727272727272727,0.0,0.14678899082568808,0
0.736842105263158,1.0,1.0,1.0,1
0.9523809523809522,1.0,1.0,1.0,1
0.4444444444444444,0.28888888888888886,0.0,1.0,0
0.38095238095238093,0.24137931034482762,0.0,0.35820895522388063,0
0.26086956521739135,0.2912621359223301,1.0,0.3529411764705882,0
0.42105263157894735,0.20253164556962022,0.0,1.0,0
0.7142857142857143,1.0,1.0,1.0,1
0.31818181818181823,0.4285714285714286,0.0,0.25,0
0.30434782608695654,0.4036697247706422,0.0,1.0,0
0.23809523809523814,0.4,0.0,0.22857142857142854,0
0.8571428571428572,1.0,1.0,1.0,1
0.782608695652174,1.0,1.0,1.0,1
0.7894736842105263,1.0,1.0,1.0,1
0.2978723404255319,0.2706766917293233,0.0,1.0,0
0.2777777777777778,0.32352941176470584,0.0,0.3597122302158273,0
0.9655172413793103,1.0,1.0,1.0,1
0.9787234042553191,1.0,1.0,1.0,1
0.7058823529411764,1.0,1.0,1.0,1
0.8863636363636364,1.0,1.0,1.0,1
0.4878048780487805,0.25531914893617025,0.0,1.0,0
0.8571428571428572,1.0,1.0,1.0,1
0.21052631578947367,0.375,0.0,1.0,0
0.7647058823529411,1.0,1.0,1.0,1
0.7142857142857143,1.0,1.0,1.0,1
0.9696969696969697,1.0,1.0,1.0,1
0.3555555555555555,0.19999999999999996,0.0,0.4444444444444444,0
0.3783783783783784,0.2784810126582279,0.0,0.288135593220339,0
0.9767441860465115,1.0,1.0,1.0,1
0.35,0.3076923076923077,0.0,0.31746031746031744,0
0.8095238095238095,1.0,1.0,1.0,1
0.2666666666666667,0.29850746268656714,0.0,0.4,0
0.30188679245283023,0.13953488372093026,0.0,0.41860465116279066,0
0.7894736842105263,1.0,1.0,1.0,1
0.303030303030303,0.24817518248175185,0.0,0.30508474576271183,0
0.23529411764705888,0.3392857142857143,0.0,0.3597122302158273,0
0.2978723404255319,0.2831858407079646,0.0,1.0,0
0.6190476190476191,1.0,1.0,1.0,1
0.368421052631579,0.26086956521739135,0.0,0.25,0
0.2857142857142857,0.20895522388059706,0.0,0.20895522388059706,0
0.7037037037037037,1.0,1.0,1.0,1
0.303030303030303,0.3106796116504854,0.0,1.0,0
0.95,1.0,1.0,1.0,1
0.2222222222222222,0.2592592592592593,0.0,1.0,0
0.9565217391304348,1.0,1.0,1.0,1
0.2666666666666667,0.2921348314606742,0.0,0.3597122302158273,0
0.2978723404255319,0.3655913978494624,0.0,0.2545454545454545,0
0.782608695652174,1.0,1.0,1.0,1
0.962962962962963,1.0,1.0,1.0,1
0.33333333333333337,0.2857142857142857,0.0,0.25,0
0.826086956521739,1.0,1.0,1.0,1
0.9473684210526316,1.0,1.0,1.0,1
0.34782608695652173,0.3768115942028986,0.0,0.25,0
0.2666666666666667,0.2857142857142857,0.0,0.25,0
0.303030303030303,0.4,0.0,0.3597122302158273,0
0.96,1.0,1.0,1.0,1
0.26315789473684215,0.3414634146341463,0.0,0.41666666666666663,0
0.2909090909090909,0.28985507246376807,0.0,0.31746031746031744,0
0.9545454545454546,1.0,1.0,1.0,1
0.5,0.19999999999999996,1.0,0.2857142857142857,0
0.33898305084745756,0.23333333333333328,0.0,0.2222222222222222,0
0.375,0.3025210084033614,0.0,0.3597122302158273,0
0.4642857142857143,0.36190476190476195,1.0,0.2545454545454545,0
0.3783783783783784,0.3157894736842105,0.0,0.36363636363636365,0
0.3111111111111111,0.3218390804597702,1.0,0.25,0
0.8181818181818181,1.0,1.0,1.0,1
0.3414634146341463,0.3106796116504854,0.0,1.0,0
0.23076923076923073,0.3565891472868217,0.0,0.35820895522388063,0
0.23529411764705888,0.3655913978494624,0.0,0.22857142857142854,0
0.2941176470588235,0.3157894736842105,0.0,0.4,0
0.4242424242424242,0.2857142857142857,0.0,0.2545454545454545,0
0.32432432432432434,0.0,1.0,0.4761904761904761,0
0.4545454545454546,0.27586206896551724,0.0,0.2545454545454545,0
0.3589743589743589,0.2622950819672131,0.0,0.14814814814814814,0
0.32558139534883723,0.3733333333333333,0.0,1.0,0
0.782608695652174,1.0,1.0,1.0,1
0.375,0.275,0.0,0.24137931034482762,0
0.3157894736842105,0.2909090909090909,0.0,0.1333333333333333,0
0.3076923076923077,0.3076923076923077,0.0,1.0,0
0.8571428571428572,1.0,1.0,1.0,1
0.33333333333333337,0.26086956521739135,0.0,0.35820895522388063,0
0.3076923076923077,0.37209302325581395,0.0,0.35820895522388063,0
0.6190476190476191,1.0,1.0,1.0,1
0.34285714285714286,0.3146067415730337,0.0,0.25,0
0.9743589743589743,1.0,1.0,1.0,1
0.2777777777777778,0.3172413793103448,0.0,1.0,0
0.3076923076923077,0.38383838383838387,0.0,0.25,0
0.6666666666666667,1.0,1.0,1.0,1
0.8275862068965517,1.0,1.0,1.0,1
0.95,1.0,1.0,1.0,1
0.2978723404255319,0.3362831858407079,0.0,0.2941176470588235,0
0.8076923076923077,1.0,1.0,1.0,1
0.35,0.2666666666666667,0.0,0.48,0
0.9361702127659575,1.0,1.0,1.0,1
0.9,1.0,1.0,1.0,1
0.96,1.0,1.0,1.0,1
0.7647058823529411,1.0,1.0,1.0,1
0.7222222222222221,1.0,1.0,1.0,1
0.7727272727272727,1.0,1.0,1.0,1
0.9375,1.0,1.0,1.0,1
0.8490566037735848,1.0,1.0,1.0,1
0.3157894736842105,0.30952380952380953,0.0,0.25,0
0.8620689655172413,1.0,1.0,1.0,1
0.7241379310344827,1.0,1.0,1.0,1
0.3157894736842105,0.32432432432432434,0.0,0.30508474576271183,0
0.9538461538461537,1.0,1.0,1.0,1
0.2962962962962963,0.2592592592592593,0.0,0.25,0
0.923076923076923,1.0,1.0,1.0,1
0.3703703703703704,0.37142857142857144,0.0,0.3597122302158273,0
0.30188679245283023,0.28125,0.0,0.25,0
0.7777777777777779,1.0,1.0,1.0,1
0.962962962962963,1.0,1.0,1.0,1
0.41025641025641024,0.3589743589743589,0.0,0.35820895522388063,0
0.9583333333333335,1.0,1.0,1.0,1
0.9714285714285714,1.0,1.0,1.0,1
0.6,1.0,1.0,1.0,1
0.9655172413793103,1.0,1.0,1.0,1
0.22857142857142854,0.25,1.0,0.20895522388059706,0
0.3589743589743589,0.27826086956521734,0.0,0.2222222222222222,0
0.8620689655172413,1.0,1.0,1.0,1
0.2978723404255319,0.2857142857142857,0.0,0.4761904761904761,0
0.5555555555555556,0.3157894736842105,0.0,0.25,0
0.8275862068965517,1.0,1.0,1.0,1
0.36363636363636365,0.27586206896551724,0.0,0.25,0
0.96,1.0,1.0,1.0,1
0.3157894736842105,0.3728813559322034,0.0,0.3597122302158273,0
0.25,0.21568627450980393,1.0,1.0,0
0.5853658536585367,0.40816326530612246,0.0,0.33333333333333337,0
0.2666666666666667,0.23880597014925375,1.0,0.36363636363636365,0
0.3157894736842105,0.25,0.0,0.25,0
0.3076923076923077,0.375,0.0,0.24242424242424243,0
0.27586206896551724,0.42647058823529416,0.0,0.25,0
0.8461538461538461,1.0,1.0,1.0,1
0.84375,1.0,1.0,1.0,1
0.6363636363636364,1.0,1.0,1.0,1
0.9565217391304348,1.0,1.0,1.0,1
0.25,0.4779874213836478,0.0,1.0,0
0.2857142857142857,0.33333333333333337,0.0,0.31746031746031744,0
0.3768115942028986,0.2816901408450704,0.0,0.23076923076923073,0
0.5789473684210527,1.0,1.0,1.0,1
0.35,0.3302752293577982,0.0,0.3597122302158273,0
0.6666666666666667,1.0,1.0,1.0,1
0.34042553191489366,0.2894736842105263,0.0,1.0,0
0.3703703703703704,0.2857142857142857,0.0,0.14678899082568808,0
0.9444444444444444,1.0,1.0,1.0,1
0.8809523809523809,1.0,1.0,1.0,1
0.9411764705882352,1.0,1.0,1.0,1
0.34285714285714286,0.3471074380165289,0.0,0.14814814814814814,0
0.5555555555555556,1.0,1.0,1.0,1
0.27586206896551724,0.23188405797101452,1.0,0.4444444444444444,0
0.75,1.0,1.0,1.0,1
0.7916666666666665,1.0,1.0,1.0,1
0.7777777777777779,1.0,1.0,1.0,1
0.3508771929824561,0.32098765432098764,0.0,0.2545454545454545,0
0.4545454545454546,0.2588235294117647,0.0,0.2545454545454545,0
0.9565217391304348,1.0,1.0,1.0,1
0.7916666666666665,1.0,1.0,1.0,1
0.2564102564102564,0.2028985507246377,0.0,0.25,0
0.4117647058823529,0.37209302325581395,0.0,0.3076923076923077,0
0.736842105263158,1.0,1.0,1.0,1
0.7058823529411764,1.0,1.0,1.0,1
0.5,0.2857142857142857,0.0,0.35820895522388063,0
0.2857142857142857,0.30508474576271183,0.0,0.25,0
0.25806451612903225,0.34375,1.0,0.3783783783783784,0
0.3076923076923077,0.34285714285714286,0.0,0.35820895522388063,0
0.2702702702702703,0.31999999999999995,0.0,0.25,0
0.7727272727272727,1.0,1.0,1.0,1
0.4666666666666666,0.24347826086956526,1.0,0.2545454545454545,0
0.3508771929824561,0.25,0.0,0.25,0
0.5084745762711864,0.2702702702702703,1.0,0.25,0
0.23255813953488372,0.41758241758241754,1.0,0.31746031746031744,0
0.25806451612903225,0.3453237410071942,0.0,0.24242424242424243,0
0.32558139534883723,0.2909090909090909,0.0,0.25,0
0.35,0.36363636363636365,0.0,0.25,0
0.2222222222222222,0.39560439560439564,0.0,0.2545454545454545,0
0.5263157894736843,0.1964285714285714,0.0,1.0,0
0.3870967741935484,0.19999999999999996,0.0,0.3597122302158273,0
0.33333333333333337,0.3711340206185567,0.0,0.25,0
0.25,0.2857142857142857,0.0,1.0,0
0.7333333333333334,1.0,1.0,1.0,1
0.3414634146341463,0.3950617283950617,1.0,0.42666666666666664,0
0.2941176470588235,0.4074074074074075,1.0,0.25,0
0.782608695652174,1.0,1.0,1.0,1
0.3846153846153846,0.26262626262626265,0.0,1.0,0
0.2068965517241379,0.4029850746268657,0.0,0.45569620253164556,0
0.6,1.0,1.0,1.0,1
0.9523809523809522,1.0,1.0,1.0,1
0.34285714285714286,0.25,0.0,0.14678899082568808,0
0.5,0.234375,0.0,0.31746031746031744,0
0.7777777777777779,1.0,1.0,1.0,1
0.36,0.2857142857142857,0.0,0.3783783783783784,0
0.7777777777777779,1.0,1.0,1.0,1
0.8095238095238095,1.0,1.0,1.0,1
0.35,0.3023255813953488,0.0,0.4545454545454546,0
0.3548387096774194,0.0,0.0,0.4761904761904761,0
0.36363636363636365,0.0,1.0,1.0,0
0.7419354838709676,1.0,1.0,1.0,1
0.33333333333333337,0.27956989247311825,0.0,0.3529411764705882,0
0.34615384615384615,0.4181818181818182,0.0,0.3597122302158273,0
0.8484848484848484,1.0,1.0,1.0,1
0.9565217391304348,1.0,1.0,1.0,1
0.19999999999999996,0.41600000000000004,0.0,0.3597122302158273,0
0.3076923076923077,0.35398230088495575,0.0,0.3589743589743589,0
0.8,1.0,1.0,1.0,1
0.9565217391304348,1.0,1.0,1.0,1
0.4242424242424242,0.276595744680851,0.0,0.36923076923076925,0
0.4,0.32258064516129037,0.0,0.4444444444444444,0
0.32258064516129037,0.24691358024691357,0.0,0.2545454545454545,0
0.8,1.0,1.0,1.0,1
0.3111111111111111,0.27083333333333337,0.0,0.36363636363636365,0
0.42553191489361697,0.3035714285714286,0.0,0.14678899082568808,0
0.6363636363636364,1.0,1.0,1.0,1
0.7222222222222221,1.0,1.0,1.0,1
0.923076923076923,1.0,1.0,1.0,1
0.45714285714285713,0.2666666666666667,0.0,0.3597122302158273,0
0.3125,0.34693877551020413,0.0,0.41666666666666663,0
0.9696969696969697,1.0,1.0,1.0,1
0.9777777777777777,1.0,1.0,1.0,1
0.8518518518518519,1.0,1.0,1.0,1
0.7333333333333334,1.0,1.0,1.0,1
0.8620689655172413,1.0,1.0,1.0,1
0.4,0.3655913978494624,0.0,0.14678899082568808,0
0.36363636363636365,0.23880597014925375,1.0,1.0,0
0.8095238095238095,1.0,1.0,1.0,1
0.5,0.32608695652173914,0.0,1.0,0
0.962962962962963,1.0,1.0,1.0,1
0.37735849056603776,0.29508196721311475,0.0,0.45569620253164556,0
0.36,0.3380281690140845,1.0,0.35820895522388063,0
0.19999999999999996,0.3125,1.0,0.36363636363636365,0
0.8787878787878788,1.0,1.0,1.0,1
0.34285714285714286,0.2564102564102564,0.0,0.3783783783783784,0
0.2941176470588235,0.08163265306122447,0.0,0.25,0
0.7837837837837838,1.0,1.0,1.0,1
0.8,1.0,1.0,1.0,1
0.303030303030303,0.2797202797202797,0.0,0.3597122302158273,0
0.7916666666666665,1.0,1.0,1.0,1
0.38888888888888884,0.32352941176470584,0.0,1.0,0
0.2790697674418605,0.1333333333333333,0.0,0.25,0
0.3870967741935484,0.28800000000000003,0.0,0.36363636363636365,0
0.8823529411764706,1.0,1.0,1.0,1
0.2790697674418605,0.3414634146341463,0.0,0.3597122302158273,0
0.9565217391304348,1.0,1.0,1.0,1
0.33333333333333337,0.3111111111111111,0.0,0.34285714285714286,0
0.9433962264150944,1.0,1.0,1.0,1
0.326530612244898,0.29333333333333333,0.0,0.34782608695652173,0
0.9743589743589743,1.0,1.0,1.0,1
0.46808510638297873,0.14634146341463417,0.0,0.5154639175257731,0
0.36,0.35820895522388063,0.0,0.36363636363636365,0
0.39534883720930236,0.2816901408450704,0.0,0.34782608695652173,0
0.9302325581395349,1.0,1.0,1.0,1
0.3157894736842105,0.29032258064516125,0.0,0.42666666666666664,0
0.3111111111111111,0.25,0.0,0.25,0
0.3448275862068966,0.248062015503876,0.0,1.0,0
0.8918918918918919,1.0,1.0,1.0,1
0.782608695652174,1.0,1.0,1.0,1
0.8,1.0,1.0,1.0,1
0.967741935483871,1.0,1.0,1.0,1
0.9565217391304348,1.0,1.0,1.0,1
0.39130434782608686,0.28846153846153844,0.0,0.23333333333333328,0
0.8461538461538461,1.0,1.0,1.0,1
0.7916666666666665,1.0,1.0,1.0,1
0.84375,1.0,1.0,1.0,1
0.8947368421052632,1.0,1.0,1.0,1
0.7333333333333334,1.0,1.0,1.0,1
0.8076923076923077,1.0,1.0,1.0,1
0.9473684210526316,1.0,1.0,1.0,1
0.375,0.2597402597402597,0.0,0.2857142857142857,0
0.25806451612903225,0.2962962962962963,0.0,0.25,0
0.523076923076923,0.2857142857142857,0.0,0.3597122302158273,0
0.875,1.0,1.0,1.0,1
0.7575757575757575,1.0,1.0,1.0,1
0.3414634146341463,0.3076923076923077,1.0,0.14678899082568808,0
0.84,1.0,1.0,1.0,1
0.3076923076923077,0.33333333333333337,0.0,1.0,0
0.4324324324324324,0.30000000000000004,0.0,0.288135593220339,0
0.9655172413793103,1.0,1.0,1.0,1
0.33333333333333337,0.34437086092715236,1.0,0.14678899082568808,0
0.8518518518518519,1.0,1.0,1.0,1
0.3157894736842105,0.4,0.0,0.3597122302158273,0
0.9024390243902439,1.0,1.0,1.0,1
0.8095238095238095,1.0,1.0,1.0,1
0.8333333333333335,1.0,1.0,1.0,1
0.8214285714285714,1.0,1.0,1.0,1
0.8648648648648648,1.0,1.0,1.0,1
0.782608695652174,1.0,1.0,1.0,1
0.9767441860465115,1.0,1.0,1.0,1
0.8,1.0,1.0,1.0,1
0.826086956521739,1.0,1.0,1.0,1
0.9333333333333332,1.0,1.0,1.0,1
0.814814814814815,1.0,1.0,1.0,1
0.5625,0.34615384615384615,0.0,0.48,0
0.4,0.31496062992125984,1.0,0.3597122302158273,0
0.36363636363636365,0.42500000000000004,0.0,0.20895522388059706,0
0.5142857142857142,0.3168316831683168,0.0,0.3783783783783784,0
0.7727272727272727,1.0,1.0,1.0,1
0.32558139534883723,0.35955056179775285,0.0,0.35820895522388063,0
0.8095238095238095,1.0,1.0,1.0,1
0.30434782608695654,0.23809523809523814,0.0,1.0,0
0.375,0.3410852713178295,0.0,0.14678899082568808,0
0.7575757575757575,1.0,1.0,1.0,1
0.42105263157894735,0.31999999999999995,1.0,0.4444444444444444,0
0.6363636363636364,1.0,1.0,1.0,1
0.9777777777777777,1.0,1.0,1.0,1
0.33333333333333337,0.3544303797468354,0.0,0.34285714285714286,0
0.4117647058823529,0.32432432432432434,0.0,0.2545454545454545,0
0.975609756097561,1.0,1.0,1.0,1
0.339622641509434,0.34343434343434337,0.0,0.5454545454545454,0
0.4285714285714286,0.23404255319148937,0.0,1.0,0
0.36363636363636365,0.18666666666666665,0.0,1.0,0
0.9655172413793103,1.0,1.0,1.0,1
0.3571428571428571,0.33333333333333337,0.0,1.0,0
0.33333333333333337,0.27450980392156865,0.0,0.23333333333333328,0
0.35,0.35955056179775285,0.0,0.30508474576271183,0
0.5352112676056338,0.3577235772357723,0.0,0.5154639175257731,0
0.826086956521739,1.0,1.0,1.0,1
0.7037037037037037,1.0,1.0,1.0,1
0.32558139534883723,0.2545454545454545,0.0,0.36923076923076925,0
0.3902439024390244,0.38888888888888884,1.0,0.25,0
0.9743589743589743,1.0,1.0,1.0,1
0.8518518518518519,1.0,1.0,1.0,1
0.8,1.0,1.0,1.0,1
0.3571428571428571,0.3783783783783784,0.0,0.43333333333333335,0
0.3076923076923077,0.25396825396825395,1.0,0.14814814814814814,0
0.3928571428571429,0.19999999999999996,0.0,0.20895522388059706,0
0.736842105263158,1.0,1.0,1.0,1
0.7894736842105263,1.0,1.0,1.0,1
0.2857142857142857,0.1923076923076923,0.0,0.25,0
0.8333333333333335,1.0,1.0,1.0,1
0.68,1.0,1.0,1.0,1
0.23809523809523814,0.33333333333333337,1.0,1.0,0
0.3125,0.30612244897959184,0.0,0.14678899082568808,0
0.9285714285714286,1.0,1.0,1.0,1
0.3137254901960784,0.3106796116504854,0.0,0.25,0
0.7948717948717949,1.0,1.0,1.0,1
0.326530612244898,0.33333333333333337,0.0,0.3597122302158273,0
0.4390243902439024,0.3529411764705882,0.0,0.3597122302158273,0
0.9473684210526316,1.0,1.0,1.0,1
0.6363636363636364,1.0,1.0,1.0,1
0.8095238095238095,1.0,1.0,1.0,1
0.3870967741935484,0.28205128205128205,0.0,0.3597122302158273,0
0.31999999999999995,0.30927835051546393,0.0,0.14678899082568808,0
0.2857142857142857,0.3669724770642202,0.0,0.41333333333333333,0
0.975609756097561,1.0,1.0,1.0,1
0.4,0.36,0.0,0.25,0
0.9056603773584907,1.0,1.0,1.0,1
0.2962962962962963,0.3448275862068966,0.0,0.36363636363636365,0
0.41509433962264153,0.37362637362637363,1.0,0.25,0
0.8,1.0,1.0,1.0,1
0.75,1.0,1.0,1.0,1
0.40816326530612246,0.2168674698795181,0.0,0.4545454545454546,0
0.5,0.24489795918367352,0.0,0.2545454545454545,0
0.38888888888888884,0.3801652892561983,0.0,0.25,0
0.9375,1.0,1.0,1.0,1
0.8,1.0,1.0,1.0,1
0.19999999999999996,0.33333333333333337,0.0,1.0,0
0.9666666666666667,1.0,1.0,1.0,1
0.8648648648648648,1.0,1.0,1.0,1
0.7037037037037037,1.0,1.0,1.0,1
0.30188679245283023,0.2947368421052632,0.0,1.0,0
0.3125,0.25396825396825395,0.0,0.35820895522388063,0
0.8181818181818181,1.0,1.0,1.0,1
0.7727272727272727,1.0,1.0,1.0,1
0.34782608695652173,0.23076923076923073,0.0,0.25,0
0.975609756097561,1.0,1.0,1.0,1
0.33333333333333337,0.35036496350364965,0.0,0.31746031746031744,0
0.9583333333333335,1.0,1.0,1.0,1
0.7142857142857143,1.0,1.0,1.0,1
0.4615384615384615,0.3544303797468354,0.0,0.41333333333333333,0
0.2857142857142857,0.2666666666666667,0.0,0.2545454545454545,0
0.24242424242424243,0.3157894736842105,0.0,0.2857142857142857,0
0.8947368421052632,1.0,1.0,1.0,1
0.16666666666666663,0.3076923076923077,1.0,0.14678899082568808,0
0.8461538461538461,1.0,1.0,1.0,1
0.9565217391304348,1.0,1.0,1.0,1
0.30000000000000004,0.30107526881720426,0.0,0.2222222222222222,0
0.33333333333333337,0.25688073394495414,0.0,0.25,0
0.3529411764705882,0.24590163934426237,0.0,0.2545454545454545,0
0.38596491228070173,0.29333333333333333,0.0,0.5154639175257731,0
0.3529411764705882,0.24390243902439024,0.0,0.36363636363636365,0
0.962962962962963,1.0,1.0,1.0,1
0.36363636363636365,0.15000000000000002,0.0,0.18032786885245897,0
0.8181818181818181,1.0,1.0,1.0,1
0.8709677419354839,1.0,1.0,1.0,1
0.23529411764705888,0.3076923076923077,0.0,0.35820895522388063,0
0.9090909090909091,1.0,1.0,1.0,1
0.31818181818181823,0.375,0.0,0.3783783783783784,0
0.29268292682926833,0.2909090909090909,0.0,0.2545454545454545,0
0.7272727272727273,0.3703703703703704,0.0,0.2545454545454545,0
0.2962962962962963,0.38095238095238093,1.0,1.0,0
0.6521739130434783,1.0,1.0,1.0,1
0.8571428571428572,1.0,1.0,1.0,1
0.34285714285714286,0.3529411764705882,0.0,0.34285714285714286,0
0.9215686274509803,1.0,1.0,1.0,1
0.3571428571428571,0.3142857142857143,0.0,0.3597122302158273,0
0.8571428571428572,1.0,1.0,1.0,1
0.3703703703703704,0.3565891472868217,0.0,0.5154639175257731,0
0.25,0.36923076923076925,0.0,1.0,0
0.35,0.34042553191489366,0.0,0.43333333333333335,0
0.26315789473684215,0.32380952380952377,0.0,1.0,0
0.32258064516129037,0.23255813953488372,0.0,0.3597122302158273,0
0.36923076923076925,0.0,0.0,0.3278688524590164,0
0.3111111111111111,0.2571428571428571,0.0,1.0,0
0.2666666666666667,0.27586206896551724,0.0,0.41333333333333333,0
0.24,0.3584905660377359,0.0,0.2545454545454545,0
0.7894736842105263,1.0,1.0,1.0,1
0.962962962962963,1.0,1.0,1.0,1
0.303030303030303,0.42201834862385323,0.0,0.35820895522388063,0
0.68,1.0,1.0,1.0,1
0.8333333333333335,1.0,1.0,1.0,1
0.31999999999999995,0.14634146341463417,0.0,1.0,0
0.7142857142857143,1.0,1.0,1.0,1
0.9473684210526316,1.0,1.0,1.0,1
0.926829268292683,1.0,1.0,1.0,1
0.3529411764705882,0.3287671232876712,0.0,0.2545454545454545,0
0.9130434782608696,1.0,1.0,1.0,1
0.7241379310344827,1.0,1.0,1.0,1
0.33333333333333337,0.21818181818181814,0.0,0.2545454545454545,0
0.9354838709677421,1.0,1.0,1.0,1
0.6,1.0,1.0,1.0,1
0.3846153846153846,0.30927835051546393,0.0,0.4545454545454546,0
0.7647058823529411,1.0,1.0,1.0,1
0.35,0.32520325203252026,0.0,0.48,0
0.21276595744680848,0.2857142857142857,0.0,1.0,0
0.3589743589743589,0.33333333333333337,0.0,1.0,0
0.33333333333333337,0.3471074380165289,0.0,0.20895522388059706,0
0.24390243902439024,0.45238095238095233,0.0,0.25,0
0.34285714285714286,0.3783783783783784,1.0,0.2857142857142857,0
0.25,0.2727272727272727,0.0,0.3597122302158273,0
0.9743589743589743,1.0,1.0,1.0,1
0.42105263157894735,0.41025641025641024,0.0,0.3597122302158273,0
0.4761904761904761,0.3728813559322034,0.0,0.25,0
0.9743589743589743,1.0,1.0,1.0,1
0.32432432432432434,0.35,1.0,0.25,0
0.6521739130434783,1.0,1.0,1.0,1
0.33333333333333337,0.31007751937984496,0.0,0.45569620253164556,0
0.26315789473684215,0.3829787234042554,0.0,0.23076923076923073,0
0.2857142857142857,0.3305785123966942,0.0,0.24242424242424243,0
0.7894736842105263,1.0,1.0,1.0,1
0.7894736842105263,1.0,1.0,1.0,1
0.9787234042553191,1.0,1.0,1.0,1
0.4117647058823529,0.3291139240506329,0.0,0.25,0
0.6666666666666667,1.0,1.0,1.0,1
0.9743589743589743,1.0,1.0,1.0,1
0.9545454545454546,1.0,1.0,1.0,1
0.8490566037735848,1.0,1.0,1.0,1
0.3492063492063492,0.3076923076923077,0.0,0.2545454545454545,0
0.8913043478260869,1.0,1.0,1.0,1
0.38888888888888884,0.3565891472868217,0.0,1.0,0
0.8787878787878788,1.0,1.0,1.0,1
0.5098039215686274,0.32432432432432434,0.0,0.3597122302158273,0
0.9,1.0,1.0,1.0,1
0.21052631578947367,0.33333333333333337,0.0,0.2545454545454545,0
0.8,1.0,1.0,1.0,1
0.31999999999999995,0.3880597014925373,1.0,1.0,0
0.9523809523809522,1.0,1.0,1.0,1
0.3555555555555555,0.24742268041237114,0.0,0.14678899082568808,0
0.8518518518518519,1.0,1.0,1.0,1
0.782608695652174,1.0,1.0,1.0,1
0.5365853658536586,0.3207547169811321,0.0,1.0,0
0.30434782608695654,0.3157894736842105,0.0,0.45569620253164556,0
0.36734693877551017,0.11538461538461542,0.0,0.4444444444444444,0
0.38095238095238093,0.2727272727272727,0.0,0.3597122302158273,0
0.33333333333333337,0.26315789473684215,0.0,0.25,0
0.3703703703703704,0.3214285714285714,0.0,0.41666666666666663,0
0.8181818181818181,1.0,1.0,1.0,1
0.8837209302325582,1.0,1.0,1.0,1
0.6923076923076923,1.0,1.0,1.0,1
0.6875,1.0,1.0,1.0,1
0.3571428571428571,0.25531914893617025,0.0,0.25,0
0.8421052631578947,1.0,1.0,1.0,1
0.40816326530612246,0.34343434343434337,0.0,0.5454545454545454,0
0.375,0.3076923076923077,0.0,0.3125,0
0.27586206896551724,0.3058823529411765,0.0,0.4,0
0.25,0.2857142857142857,0.0,0.43333333333333335,0
0.3448275862068966,0.33333333333333337,0.0,0.20895522388059706,0
0.9491525423728814,1.0,1.0,1.0,1
0.2777777777777778,0.23880597014925375,0.0,0.23333333333333328,0
0.8857142857142857,1.0,1.0,1.0,1
0.26315789473684215,0.2692307692307693,0.0,0.3597122302158273,0
0.33333333333333337,0.29565217391304344,0.0,0.14678899082568808,0
0.782608695652174,1.0,1.0,1.0,1
0.9565217391304348,1.0,1.0,1.0,1
0.34782608695652173,0.308641975308642,0.0,0.2727272727272727,0
0.7241379310344827,1.0,1.0,1.0,1
0.84,1.0,1.0,1.0,1
0.7777777777777779,1.0,1.0,1.0,1
0.8181818181818181,1.0,1.0,1.0,1
0.2857142857142857,0.0,0.0,0.4761904761904761,0
0.7777777777777779,1.0,1.0,1.0,1
0.8823529411764706,1.0,1.0,1.0,1
0.3414634146341463,0.2777777777777778,0.0,0.25,0
0.07692307692307687,0.17543859649122806,0.0,0.3597122302158273,0
0.2564102564102564,0.32098765432098764,0.0,0.3597122302158273,0
0.8695652173913043,1.0,1.0,1.0,1
0.8620689655172413,1.0,1.0,1.0,1
0.38888888888888884,0.29885057471264365,0.0,0.14678899082568808,0
0.8461538461538461,1.0,1.0,1.0,1
0.2857142857142857,0.18181818181818177,0.0,0.31746031746031744,0
0.8857142857142857,1.0,1.0,1.0,1
0.826086956521739,1.0,1.0,1.0,1
0.736842105263158,1.0,1.0,1.0,1
0.25,0.2857142857142857,0.0,0.14678899082568808,0
0.30000000000000004,0.26086956521739135,0.0,0.25,0
0.31034482758620685,0.3555555555555555,0.0,0.25,0
0.7142857142857143,1.0,1.0,1.0,1
0.37209302325581395,0.26530612244897955,0.0,0.2545454545454545,0
0.3291139240506329,0.41463414634146345,0.0,0.35820895522388063,0
0.826086956521739,1.0,1.0,1.0,1
0.75,1.0,1.0,1.0,1
0.8666666666666667,1.0,1.0,1.0,1
0.2790697674418605,0.1785714285714286,0.0,0.5154639175257731,0
0.75,1.0,1.0,1.0,1
0.9655172413793103,1.0,1.0,1.0,1
0.9655172413793103,1.0,1.0,1.0,1
0.4705882352941176,0.24347826086956526,0.0,0.14814814814814814,0
0.4242424242424242,0.3661971830985915,0.0,0.25,0
0.32432432432432434,0.3287671232876712,0.0,0.20895522388059706,0
0.9069767441860467,1.0,1.0,1.0,1
0.8181818181818181,1.0,1.0,1.0,1
0.32558139534883723,0.32835820895522383,0.0,1.0,0
0.7647058823529411,1.0,1.0,1.0,1
0.4117647058823529,0.29824561403508776,0.0,1.0,0
0.7916666666666665,1.0,1.0,1.0,1
0.9375,1.0,1.0,1.0,1
0.8611111111111112,1.0,1.0,1.0,1
0.24,0.3119266055045872,0.0,0.25,0
0.2692307692307693,0.25,0.0,1.0,0
0.8648648648648648,1.0,1.0,1.0,1
0.2962962962962963,0.11214953271028039,0.0,1.0,0
0.3125,0.27118644067796616,0.0,0.2545454545454545,0
0.8888888888888888,1.0,1.0,1.0,1
0.24242424242424243,0.3157894736842105,0.0,0.3597122302158273,0
0.9545454545454546,1.0,1.0,1.0,1
0.25,0.24242424242424243,0.0,1.0,0
0.923076923076923,1.0,1.0,1.0,1
0.36363636363636365,0.3114754098360656,0.0,1.0,0
0.8518518518518519,1.0,1.0,1.0,1
0.9655172413793103,1.0,1.0,1.0,1
0.84,1.0,1.0,1.0,1
0.4444444444444444,0.2947368421052632,0.0,0.41666666666666663,0
0.2564102564102564,0.2962962962962963,1.0,1.0,0
0.75,1.0,1.0,1.0,1
0.33333333333333337,0.3928571428571429,0.0,1.0,0
0.8571428571428572,1.0,1.0,1.0,1
0.32432432432432434,0.14457831325301207,0.0,0.3125,0
0.16000000000000003,0.19354838709677424,0.0,0.34285714285714286,0
0.8,1.0,1.0,1.0,1
0.4,0.2191780821917808,0.0,0.3783783783783784,0
0.8095238095238095,1.0,1.0,1.0,1
0.736842105263158,1.0,1.0,1.0,1
0.7142857142857143,1.0,1.0,1.0,1
0.875,1.0,1.0,1.0,1
0.9655172413793103,1.0,1.0,1.0,1
0.7894736842105263,1.0,1.0,1.0,1
0.5217391304347826,0.34042553191489366,0.0,0.3529411764705882,0
0.9523809523809522,1.0,1.0,1.0,1
0.4324324324324324,0.28,0.0,1.0,0
0.8367346938775511,1.0,1.0,1.0,1
0.36363636363636365,0.32307692307692304,0.0,0.3783783783783784,0
0.3921568627450981,0.2831858407079646,0.0,0.35820895522388063,0
0.2941176470588235,0.28,0.0,1.0,0
0.6923076923076923,1.0,1.0,1.0,1
0.8,1.0,1.0,1.0,1
0.9696969696969697,1.0,1.0,1.0,1
0.2978723404255319,0.3902439024390244,0.0,0.25,0
0.6923076923076923,1.0,1.0,1.0,1
0.19047619047619047,0.0,0.0,0.2264150943396226,0
0.7777777777777779,1.0,1.0,1.0,1
0.9642857142857143,1.0,1.0,1.0,1
0.8095238095238095,1.0,1.0,1.0,1
0.2962962962962963,0.2764227642276422,0.0,1.0,0
0.368421052631579,0.2857142857142857,0.0,0.25,0
0.345679012345679,0.30000000000000004,0.0,0.34782608695652173,0
0.8387096774193549,1.0,1.0,1.0,1
0.31818181818181823,0.23684210526315785,0.0,0.14814814814814814,0
0.3571428571428571,0.22988505747126442,0.0,0.22857142857142854,0
0.7333333333333334,1.0,1.0,1.0,1
0.33333333333333337,0.33684210526315794,0.0,0.25,0
0.38095238095238093,0.3492063492063492,0.0,1.0,0
0.4363636363636364,0.2857142857142857,0.0,1.0,0
0.8181818181818181,1.0,1.0,1.0,1
0.9387755102040817,1.0,1.0,1.0,1
0.36734693877551017,0.23529411764705888,0.0,0.35820895522388063,0
0.8275862068965517,1.0,1.0,1.0,1
0.9545454545454546,0.0,1.0,1.0,1
0.8787878787878788,1.0,1.0,1.0,1
0.28,0.3711340206185567,1.0,0.25,0
0.9361702127659575,1.0,1.0,1.0,1
0.8076923076923077,1.0,1.0,1.0,1
0.9333333333333332,1.0,1.0,1.0,1
0.7916666666666665,1.0,1.0,1.0,1
0.75,1.0,1.0,1.0,1
0.3157894736842105,0.25806451612903225,0.0,0.35820895522388063,0
0.26315789473684215,0.2941176470588235,1.0,0.36363636363636365,0
0.2894736842105263,0.31746031746031744,0.0,0.3783783783783784,0
0.2857142857142857,0.30107526881720426,0.0,0.25,0
0.6521739130434783,1.0,1.0,1.0,1
0.7037037037037037,1.0,1.0,1.0,1
0.34375,0.33333333333333337,0.0,0.30434782608695654,0
0.36363636363636365,0.326797385620915,0.0,0.25,0
0.2962962962962963,0.2666666666666667,0.0,0.288135593220339,0
0.804878048780488,1.0,1.0,1.0,1
0.375,0.24615384615384617,0.0,1.0,0
0.4615384615384615,0.3709677419354838,0.0,0.36923076923076925,0
0.9130434782608696,1.0,1.0,1.0,1
0.32558139534883723,0.3820224719101124,0.0,0.3783783783783784,0
0.9615384615384616,1.0,1.0,1.0,1
0.8076923076923077,1.0,1.0,1.0,1
0.782608695652174,1.0,1.0,1.0,1
0.25,0.4285714285714286,0.0,0.4,0
0.5789473684210527,1.0,1.0,1.0,1
0.7222222222222221,1.0,1.0,1.0,1
0.8461538461538461,1.0,1.0,1.0,1
0.8461538461538461,1.0,1.0,1.0,1
0.9,1.0,1.0,1.0,1
0.7916666666666665,1.0,1.0,1.0,1
0.6666666666666667,1.0,1.0,1.0,1
0.6190476190476191,1.0,1.0,1.0,1
0.9545454545454546,1.0,1.0,1.0,1
0.8461538461538461,1.0,1.0,1.0,1
0.875,1.0,1.0,1.0,1
0.9714285714285714,1.0,1.0,1.0,1
0.8529411764705883,1.0,1.0,1.0,1
0.7222222222222221,1.0,1.0,1.0,1
0.7727272727272727,1.0,1.0,1.0,1
0.9795918367346939,1.0,1.0,1.0,1
0.375,0.2831858407079646,0.0,1.0,0
0.3846153846153846,0.3287671232876712,0.0,1.0,0
0.8387096774193549,1.0,1.0,1.0,1
0.3157894736842105,0.2471910112359551,0.0,0.2702702702702703,0
0.4,0.2564102564102564,0.0,0.41860465116279066,0
0.9565217391304348,1.0,1.0,1.0,1
0.84,1.0,1.0,1.0,1
0.8,1.0,1.0,1.0,1
0.7575757575757575,1.0,1.0,1.0,1
0.42553191489361697,0.3793103448275862,0.0,1.0,0
0.34782608695652173,0.2295081967213115,0.0,0.25,0
0.6153846153846154,1.0,1.0,1.0,1
0.3555555555555555,0.2857142857142857,0.0,0.3783783783783784,0
0.782608695652174,1.0,1.0,1.0,1
0.23529411764705888,0.1964285714285714,0.0,0.14678899082568808,0
0.7948717948717949,1.0,1.0,1.0,1
0.3111111111111111,0.275,0.0,0.36363636363636365,0
0.20408163265306123,0.32098765432098764,0.0,0.23333333333333328,0
0.967741935483871,1.0,1.0,1.0,1
0.35,0.36764705882352944,0.0,0.4666666666666666,0
0.45714285714285713,0.2222222222222222,0.0,0.23076923076923073,0
0.9655172413793103,1.0,1.0,1.0,1
0.37209302325581395,0.3564356435643564,0.0,0.25,0
0.9538461538461537,1.0,1.0,1.0,1
0.21739130434782605,0.38636363636363635,0.0,0.3597122302158273,0
0.9655172413793103,1.0,1.0,1.0,1
0.7777777777777779,1.0,1.0,1.0,1
0.41379310344827597,0.2992125984251969,0.0,0.34285714285714286,0
0.30188679245283023,0.33898305084745756,0.0,0.34782608695652173,0
0.75,1.0,1.0,1.0,1
0.4651162790697675,0.3008849557522124,0.0,0.36363636363636365,0
0.4545454545454546,0.34285714285714286,0.0,0.31746031746031744,0
0.40816326530612246,0.3132530120481928,0.0,1.0,0
0.4,0.34426229508196726,0.0,1.0,0
0.8947368421052632,1.0,1.0,1.0,1
0.736842105263158,1.0,1.0,1.0,1
0.3571428571428571,0.4931506849315068,0.0,0.3597122302158273,0
0.7241379310344827,1.0,1.0,1.0,1
0.84,1.0,1.0,1.0,1
0.25,0.36,0.0,0.3125,0
0.6923076923076923,1.0,1.0,1.0,1
0.2857142857142857,0.33333333333333337,0.0,0.14678899082568808,0
0.35,0.18604651162790697,1.0,1.0,0
0.9696969696969697,1.0,1.0,1.0,1
0.7419354838709676,1.0,1.0,1.0,1
0.75,1.0,1.0,1.0,1
0.2857142857142857,0.3119266055045872,1.0,0.2545454545454545,0
0.2857142857142857,0.3453237410071942,1.0,0.41860465116279066,0
0.33333333333333337,0.42647058823529416,1.0,1.0,0
0.2857142857142857,0.3063063063063063,0.0,1.0,0
0.7647058823529411,1.0,1.0,1.0,1
0.36363636363636365,0.32258064516129037,0.0,0.41333333333333333,0
0.9523809523809522,1.0,1.0,1.0,1
0.375,0.2828282828282829,0.0,0.25,0
0.8095238095238095,1.0,1.0,1.0,1
0.6666666666666667,1.0,1.0,1.0,1
0.27586206896551724,0.31999999999999995,0.0,0.3941605839416058,0
0.8571428571428572,1.0,1.0,1.0,1
0.8181818181818181,1.0,1.0,1.0,1
0.2962962962962963,0.3943661971830986,1.0,0.25,0
0.4,0.3013698630136986,0.0,1.0,0
0.7142857142857143,1.0,1.0,1.0,1
0.2941176470588235,0.2857142857142857,0.0,0.25,0
0.8787878787878788,1.0,1.0,1.0,1
0.9696969696969697,1.0,1.0,1.0,1
0.3414634146341463,0.28846153846153844,0.0,0.31746031746031744,0
0.3589743589743589,0.33684210526315794,0.0,1.0,0
0.2666666666666667,0.27118644067796616,0.0,0.2702702702702703,0
0.826086956521739,1.0,1.0,1.0,1
0.2564102564102564,0.4,0.0,0.14678899082568808,0
0.9714285714285714,1.0,1.0,1.0,1
0.3589743589743589,0.3076923076923077,0.0,1.0,0
0.1428571428571429,0.4042553191489362,0.0,0.36363636363636365,0
0.9491525423728814,1.0,1.0,1.0,1
0.7241379310344827,1.0,1.0,1.0,1
0.2857142857142857,0.41558441558441556,1.0,0.25,0
0.34615384615384615,0.26315789473684215,0.0,0.35820895522388063,0
0.326530612244898,0.26530612244897955,0.0,1.0,0
0.9696969696969697,1.0,1.0,1.0,1
0.41379310344827597,0.30000000000000004,0.0,1.0,0
0.3076923076923077,0.33333333333333337,0.0,0.41333333333333333,0
0.4285714285714286,1.0,1.0,1.0,1
0.9655172413793103,1.0,1.0,1.0,1
0.3728813559322034,0.31506849315068497,0.0,1.0,0
0.68,1.0,1.0,1.0,1
0.3589743589743589,0.32380952380952377,0.0,1.0,0
0.736842105263158,1.0,1.0,1.0,1
0.24390243902439024,0.2702702702702703,0.0,0.36363636363636365,0
0.7894736842105263,1.0,1.0,1.0,1
0.23529411764705888,0.3733333333333333,0.0,0.45569620253164556,0
0.19999999999999996,0.36363636363636365,0.0,0.25,0
0.303030303030303,0.2941176470588235,0.0,0.25,0
0.826086956521739,1.0,1.0,1.0,1
0.25,0.3157894736842105,0.0,1.0,0
0.8181818181818181,1.0,1.0,1.0,1
0.2857142857142857,0.33333333333333337,0.0,1.0,0
0.972972972972973,1.0,1.0,1.0,1
0.7037037037037037,1.0,1.0,1.0,1
0.37735849056603776,0.29333333333333333,0.0,0.36923076923076925,0
0.24242424242424243,0.3191489361702128,1.0,0.30508474576271183,0
0.19354838709677424,0.3529411764705882,0.0,1.0,0
0.9696969696969697,1.0,1.0,1.0,1
0.8181818181818181,1.0,1.0,1.0,1
0.303030303030303,0.37410071942446044,0.0,1.0,0
0.9655172413793103,1.0,1.0,1.0,1
0.2790697674418605,0.28301886792452835,0.0,0.36363636363636365,0
0.4375,0.2857142857142857,0.0,1.0,0
0.8,1.0,1.0,1.0,1
0.7619047619047619,1.0,1.0,1.0,1
0.2777777777777778,0.2784810126582279,0.0,0.5154639175257731,0
0.7894736842105263,1.0,1.0,1.0,1
0.84,1.0,1.0,1.0,1
0.25,0.3076923076923077,0.0,0.2702702702702703,0
0.3829787234042554,0.35789473684210527,0.0,0.3597122302158273,0
0.967741935483871,1.0,1.0,1.0,1
0.9565217391304348,1.0,1.0,1.0,1
0.8857142857142857,1.0,1.0,1.0,1
0.6363636363636364,1.0,1.0,1.0,1
0.3125,0.28985507246376807,0.0,0.25,0
0.9397590361445783,0.0,1.0,1.0,1
0.4363636363636364,0.29729729729729726,0.0,1.0,0
0.4242424242424242,0.33333333333333337,1.0,0.4,0
0.3157894736842105,0.3571428571428571,0.0,0.2068965517241379,0
0.8484848484848484,1.0,1.0,1.0,1
0.8095238095238095,1.0,1.0,1.0,1
0.25806451612903225,0.375,1.0,1.0,0
0.14814814814814814,0.3302752293577982,0.0,0.2545454545454545,0
0.2857142857142857,0.326530612244898,0.0,0.14678899082568808,0
0.3414634146341463,0.40506329113924056,0.0,0.25,0
0.8297872340425532,1.0,1.0,1.0,1
0.8333333333333335,1.0,1.0,1.0,1
0.8484848484848484,1.0,1.0,1.0,1
0.33333333333333337,0.30508474576271183,0.0,0.4444444444444444,0
0.9024390243902439,1.0,1.0,1.0,1
0.9444444444444444,1.0,1.0,1.0,1
0.9,1.0,1.0,1.0,1
0.25806451612903225,0.23529411764705888,0.0,1.0,0
0.2702702702702703,0.3296703296703297,0.0,0.2545454545454545,0
0.9714285714285714,1.0,1.0,1.0,1
0.3076923076923077,0.3513513513513513,0.0,0.3597122302158273,0
0.8181818181818181,1.0,1.0,1.0,1
0.3414634146341463,0.0,0.0,0.3941605839416058,0
0.9583333333333335,1.0,1.0,1.0,1
0.95,1.0,1.0,1.0,1
0.33333333333333337,0.3789473684210526,0.0,1.0,0
0.33333333333333337,0.25,0.0,0.5454545454545454,0
0.32432432432432434,0.23300970873786409,0.0,1.0,0
0.3076923076923077,0.33898305084745756,0.0,0.25,0
0.33333333333333337,0.14634146341463417,0.0,0.4077669902912622,0
0.6521739130434783,1.0,1.0,1.0,1
0.6923076923076923,1.0,1.0,1.0,1
0.2222222222222222,0.3076923076923077,0.0,0.14678899082568808,0
0.33333333333333337,0.32478632478632474,0.0,0.3597122302158273,0
0.3555555555555555,0.2033898305084746,0.0,0.45569620253164556,0
0.826086956521739,1.0,1.0,1.0,1
0.8918918918918919,1.0,1.0,1.0,1
0.96,1.0,1.0,1.0,1
0.9454545454545454,1.0,1.0,1.0,1
0.7777777777777779,1.0,1.0,1.0,1
0.9375,1.0,1.0,1.0,1
0.6666666666666667,0.2727272727272727,0.0,1.0,0
0.68,0.0,1.0,1.0,1
0.2857142857142857,0.3855421686746988,0.0,0.5154639175257731,0
0.5,0.36,0.0,0.5154639175257731,0
0.7058823529411764,1.0,1.0,1.0,1
0.4375,0.19512195121951215,0.0,0.45569620253164556,0
0.7222222222222221,1.0,1.0,1.0,1
0.375,0.21276595744680848,0.0,0.2545454545454545,0
0.31818181818181823,0.368421052631579,0.0,0.33333333333333337,0
0.7333333333333334,1.0,1.0,1.0,1
0.4444444444444444,0.39370078740157477,0.0,0.48,0
0.34782608695652173,0.34782608695652173,0.0,0.48,0
0.3448275862068966,0.3370786516853933,0.0,0.23333333333333328,0
0.9411764705882352,1.0,1.0,1.0,1
0.7894736842105263,1.0,1.0,1.0,1
0.782608695652174,1.0,1.0,1.0,1
0.3076923076923077,0.3516483516483516,0.0,0.3597122302158273,0
0.7241379310344827,1.0,1.0,1.0,1
0.26315789473684215,0.256,0.0,0.48,0
0.8709677419354839,1.0,1.0,1.0,1
0.23809523809523814,0.4,1.0,0.31746031746031744,0
0.45833333333333337,0.25316455696202533,0.0,1.0,0
0.3448275862068966,0.3709677419354838,0.0,1.0,0
0.3571428571428571,0.29702970297029707,0.0,0.14814814814814814,0
0.46875,0.3296703296703297,1.0,1.0,0
0.2727272727272727,0.3098591549295775,0.0,0.2545454545454545,0
0.8529411764705883,1.0,1.0,1.0,1
0.84,1.0,1.0,1.0,1
0.8947368421052632,1.0,1.0,1.0,1
0.4651162790697675,0.25531914893617025,0.0,0.23333333333333328,0
0.30000000000000004,0.41379310344827597,0.0,0.14678899082568808,0
0.29268292682926833,0.3302752293577982,0.0,0.25,0
0.967741935483871,1.0,1.0,1.0,1
0.68,1.0,1.0,1.0,1
0.75,1.0,1.0,1.0,1
0.5614035087719298,0.30645161290322576,0.0,0.36923076923076925,0
0.4285714285714286,0.21978021978021978,1.0,0.3492063492063492,0
0.2790697674418605,0.19999999999999996,1.0,1.0,0
0.3448275862068966,0.3589743589743589,0.0,0.19047619047619047,0
0.2962962962962963,0.32432432432432434,1.0,0.25,0
0.9523809523809522,1.0,1.0,1.0,1
0.17142857142857137,0.2680412371134021,0.0,1.0,0
0.8181818181818181,1.0,1.0,1.0,1
0.3448275862068966,0.3508771929824561,0.0,0.2727272727272727,0
0.8888888888888888,1.0,1.0,1.0,1
0.75,1.0,1.0,1.0,1
0.2857142857142857,0.2247191011235955,0.0,0.3783783783783784,0
0.41509433962264153,0.27184466019417475,0.0,1.0,0
0.3921568627450981,0.36923076923076925,0.0,1.0,0
0.2564102564102564,0.3085106382978723,0.0,0.3597122302158273,0
0.35,0.29565217391304344,0.0,0.23076923076923073,0
0.2222222222222222,0.23880597014925375,0.0,1.0,0
0.2790697674418605,0.2571428571428571,0.0,1.0,0
0.18181818181818177,0.2272727272727273,0.0,0.20895522388059706,0
0.4,0.2727272727272727,0.0,0.3597122302158273,0
0.4736842105263158,0.3513513513513513,0.0,0.14814814814814814,0
0.9552238805970148,1.0,1.0,1.0,1
0.9811320754716981,1.0,1.0,1.0,1
0.33333333333333337,0.35398230088495575,1.0,1.0,0
0.3703703703703704,0.28260869565217395,0.0,1.0,0
0.26315789473684215,0.3687943262411347,0.0,0.3597122302158273,0
0.32258064516129037,0.303030303030303,1.0,0.25,0
0.24242424242424243,0.3448275862068966,0.0,1.0,0
0.28,0.3305785123966942,0.0,0.2545454545454545,0
0.2857142857142857,0.0,0.0,0.4761904761904761,0
0.75,1.0,1.0,1.0,1
0.6521739130434783,1.0,1.0,1.0,1
0.303030303030303,0.2990654205607477,0.0,1.0,0
0.8461538461538461,1.0,1.0,1.0,1
0.6363636363636364,1.0,1.0,1.0,1
0.9743589743589743,1.0,1.0,1.0,1
0.32558139534883723,0.28260869565217395,0.0,0.25,0
0.30000000000000004,0.30000000000000004,0.0,0.288135593220339,0
0.2941176470588235,0.26086956521739135,1.0,0.2545454545454545,0
0.9714285714285714,1.0,1.0,1.0,1
0.8611111111111112,1.0,1.0,1.0,1
0.8,1.0,1.0,1.0,1
0.2978723404255319,0.34375,0.0,0.25,0
0.36,0.18181818181818177,0.0,0.36923076923076925,0
0.7647058823529411,1.0,1.0,1.0,1
0.2978723404255319,0.2142857142857143,0.0,0.45569620253164556,0
0.8333333333333335,1.0,1.0,1.0,1
0.7142857142857143,1.0,1.0,1.0,1
0.40909090909090906,0.26315789473684215,0.0,0.3597122302158273,0
0.25,0.296875,0.0,0.4242424242424242,0
0.21052631578947367,0.3308270676691729,0.0,0.30508474576271183,0
0.7647058823529411,1.0,1.0,1.0,1
0.31818181818181823,0.37362637362637363,0.0,0.3783783783783784,0
0.8461538461538461,1.0,1.0,1.0,1
0.6363636363636364,1.0,1.0,1.0,1
0.10526315789473684,0.29508196721311475,1.0,0.2545454545454545,0
0.9565217391304348,1.0,1.0,1.0,1
0.34285714285714286,0.28125,0.0,0.25,0
0.19047619047619047,0.2545454545454545,0.0,1.0,0
0.33333333333333337,0.3232323232323232,0.0,0.25,0
0.5909090909090908,0.3262411347517731,0.0,1.0,0
0.7333333333333334,1.0,1.0,1.0,1
0.967741935483871,1.0,1.0,1.0,1
0.23529411764705888,0.3768115942028986,0.0,0.2545454545454545,0
0.39130434782608686,0.3090909090909091,0.0,0.3941605839416058,0
0.967741935483871,1.0,1.0,1.0,1
0.19999999999999996,0.3561643835616438,0.0,1.0,0
0.96,1.0,1.0,1.0,1
0.9589041095890412,1.0,1.0,1.0,1
0.7619047619047619,1.0,1.0,1.0,1
0.68,1.0,1.0,1.0,1
0.19999999999999996,0.3571428571428571,0.0,0.48,0
0.2702702702702703,0.28915662650602414,0.0,0.48,0
0.814814814814815,1.0,1.0,1.0,1
0.40816326530612246,0.2978723404255319,0.0,0.33333333333333337,0
0.8518518518518519,1.0,1.0,1.0,1
0.8181818181818181,1.0,1.0,1.0,1
0.30434782608695654,0.33684210526315794,0.0,0.48,0
0.8333333333333335,1.0,1.0,1.0,1
0.4864864864864865,0.2857142857142857,0.0,1.0,0
0.8,1.0,1.0,1.0,1
0.9642857142857143,1.0,1.0,1.0,1
0.2857142857142857,0.2407407407407407,1.0,0.2857142857142857,0
0.7619047619047619,1.0,1.0,1.0,1
0.7037037037037037,1.0,1.0,1.0,1
0.6,1.0,1.0,1.0,1
0.52,0.3188405797101449,0.0,0.4242424242424242,0
0.5,0.3820224719101124,0.0,1.0,0
0.3125,0.34042553191489366,0.0,0.14678899082568808,0
0.6190476190476191,1.0,1.0,1.0,1
0.962962962962963,1.0,1.0,1.0,1
0.9565217391304348,1.0,1.0,1.0,1
0.3076923076923077,0.3220338983050848,0.0,0.4444444444444444,0
0.18181818181818177,0.30645161290322576,0.0,0.25,0
0.962962962962963,1.0,1.0,1.0,1
0.9523809523809522,1.0,1.0,1.0,1
0.22784810126582278,0.3508771929824561,0.0,0.23076923076923073,0
0.7894736842105263,1.0,1.0,1.0,1
0.26315789473684215,0.3116883116883117,0.0,0.23333333333333328,0
0.3384615384615385,0.36764705882352944,0.0,0.35820895522388063,0
0.4242424242424242,0.27692307692307694,0.0,0.14678899082568808,0
0.9743589743589743,1.0,1.0,1.0,1
0.8620689655172413,1.0,1.0,1.0,1
0.8620689655172413,1.0,1.0,1.0,1
0.375,0.0,1.0,0.4761904761904761,0
0.9696969696969697,1.0,1.0,1.0,1
0.4705882352941176,0.36,0.0,0.25,0
0.8888888888888888,1.0,1.0,1.0,1
0.9696969696969697,1.0,1.0,1.0,1
0.7222222222222221,1.0,1.0,1.0,1
0.8,1.0,1.0,1.0,1
0.75,1.0,1.0,1.0,1
0.3829787234042554,0.24615384615384617,0.0,0.25,0
0.6363636363636364,1.0,1.0,1.0,1
0.34615384615384615,0.256,0.0,1.0,0
0.25,0.2857142857142857,0.0,1.0,0
0.8181818181818181,1.0,1.0,1.0,1
0.3214285714285714,0.2676056338028169,0.0,0.42666666666666664,0
0.3125,0.33898305084745756,0.0,0.3597122302158273,0
0.4,0.3918918918918919,0.0,0.14814814814814814,0
0.9090909090909091,1.0,1.0,1.0,1
0.7894736842105263,1.0,1.0,1.0,1
0.9473684210526316,1.0,1.0,1.0,1
0.3829787234042554,0.3137254901960784,1.0,1.0,0
0.8,1.0,1.0,1.0,1
0.9508196721311475,1.0,1.0,1.0,1
0.9333333333333332,1.0,1.0,1.0,1
0.3870967741935484,0.32894736842105265,0.0,1.0,0
0.33898305084745756,0.31999999999999995,0.0,1.0,0
0.4,0.345679012345679,0.0,0.4545454545454546,0
0.4324324324324324,0.41666666666666663,0.0,0.36923076923076925,0
0.9310344827586207,1.0,1.0,1.0,1
0.35,0.38,0.0,0.25,0
0.9189189189189189,1.0,1.0,1.0,1
0.8857142857142857,1.0,1.0,1.0,1
0.8,1.0,1.0,1.0,1
0.95,1.0,1.0,1.0,1
0.31746031746031744,0.3285714285714286,0.0,0.40909090909090906,0
0.25,0.2727272727272727,0.0,0.25,0
0.9655172413793103,1.0,1.0,1.0,1
0.9696969696969697,1.0,1.0,1.0,1
0.38888888888888884,0.3132530120481928,0.0,0.45569620253164556,0
0.68,1.0,1.0,1.0,1
0.9523809523809522,1.0,1.0,1.0,1
0.4705882352941176,0.25,0.0,0.25,0
0.8571428571428572,1.0,1.0,1.0,1
0.967741935483871,1.0,1.0,1.0,1
0.22857142857142854,0.32558139534883723,0.0,0.31746031746031744,0
0.9259259259259259,1.0,1.0,1.0,1
0.33333333333333337,0.4,0.0,0.33333333333333337,0
0.3902439024390244,0.2162162162162162,0.0,1.0,0
0.34285714285714286,0.39130434782608686,0.0,0.14814814814814814,0
0.33333333333333337,0.3770491803278688,0.0,0.2545454545454545,0
0.6521739130434783,1.0,1.0,1.0,1
0.7894736842105263,1.0,1.0,1.0,1
0.2777777777777778,0.36111111111111116,1.0,1.0,0
0.4,0.2272727272727273,0.0,0.2857142857142857,0
0.30000000000000004,0.4380952380952381,0.0,1.0,0
0.6363636363636364,1.0,1.0,1.0,1
0.75,1.0,1.0,1.0,1
0.24691358024691357,0.29059829059829057,0.0,0.1333333333333333,0
0.2666666666666667,0.37254901960784315,0.0,1.0,0
0.7894736842105263,1.0,1.0,1.0,1
0.24390243902439024,0.36734693877551017,0.0,0.25,0
0.24489795918367352,0.33644859813084116,0.0,0.3597122302158273,0
0.9696969696969697,1.0,1.0,1.0,1
0.8918918918918919,1.0,1.0,1.0,1
0.26086956521739135,0.0,0.0,0.2222222222222222,0
0.7241379310344827,1.0,1.0,1.0,1
0.3157894736842105,0.0,0.0,0.4383561643835616,0
0.3414634146341463,0.3023255813953488,1.0,0.36923076923076925,0
0.7916666666666665,1.0,1.0,1.0,1
0.3529411764705882,0.3382352941176471,0.0,0.25,0
0.7714285714285716,1.0,1.0,1.0,1
0.22857142857142854,0.28260869565217395,1.0,0.25,0
0.9777777777777777,1.0,1.0,1.0,1
0.7333333333333334,1.0,1.0,1.0,1
0.9743589743589743,1.0,1.0,1.0,1
0.2068965517241379,0.3220338983050848,0.0,0.34285714285714286,0
0.36734693877551017,0.22033898305084743,0.0,1.0,0
0.3076923076923077,0.27184466019417475,0.0,1.0,0
0.8275862068965517,1.0,1.0,1.0,1
0.9333333333333332,1.0,1.0,1.0,1
0.7948717948717949,1.0,1.0,1.0,1
0.32258064516129037,0.3232323232323232,0.0,0.5454545454545454,0
0.8648648648648648,1.0,1.0,1.0,1
0.9696969696969697,1.0,1.0,1.0,1
0.9574468085106383,1.0,1.0,1.0,1
0.368421052631579,0.30000000000000004,0.0,0.35820895522388063,0
0.7777777777777779,1.0,1.0,1.0,1
0.9454545454545454,1.0,1.0,1.0,1
0.2857142857142857,0.34782608695652173,0.0,0.2545454545454545,0
0.7837837837837838,1.0,1.0,1.0,1
0.9642857142857143,1.0,1.0,1.0,1
0.8181818181818181,1.0,1.0,1.0,1
0.2666666666666667,0.27586206896551724,1.0,0.3597122302158273,0
0.8461538461538461,1.0,1.0,1.0,1
0.923076923076923,1.0,1.0,1.0,1
0.9714285714285714,1.0,1.0,1.0,1
0.4,0.4,1.0,0.45569620253164556,0
0.4615384615384615,0.23684210526315785,1.0,0.2545454545454545,0
0.303030303030303,0.30400000000000005,0.0,0.23333333333333328,0
0.36363636363636365,0.35398230088495575,0.0,0.25,0
0.9552238805970148,1.0,1.0,1.0,1
0.3555555555555555,0.34210526315789463,1.0,0.25,0
0.26086956521739135,0.5128205128205128,0.0,0.25,0
0.17647058823529416,0.3620689655172413,0.0,0.2545454545454545,0
0.8461538461538461,1.0,1.0,1.0,1
0.96,1.0,1.0,1.0,1
0.36,0.276595744680851,0.0,0.23333333333333328,0
0.7142857142857143,1.0,1.0,1.0,1
0.8461538461538461,1.0,1.0,1.0,1
0.7837837837837838,1.0,1.0,1.0,1
0.975609756097561,1.0,1.0,1.0,1
0.9615384615384616,1.0,1.0,1.0,1
0.30434782608695654,0.24489795918367352,0.0,1.0,0
0.31034482758620685,0.0,0.0,0.3597122302158273,0
0.75,1.0,1.0,1.0,1
0.9508196721311475,1.0,1.0,1.0,1
0.7222222222222221,1.0,1.0,1.0,1
0.3555555555555555,0.33333333333333337,0.0,0.14678899082568808,0
0.8461538461538461,1.0,1.0,1.0,1
0.4444444444444444,0.3384615384615385,0.0,1.0,0
0.3870967741935484,0.32499999999999996,1.0,1.0,0
0.41860465116279066,0.3125,0.0,0.4444444444444444,0
0.3076923076923077,0.3308270676691729,0.0,1.0,0
0.33333333333333337,0.3076923076923077,0.0,0.3597122302158273,0
0.4,0.28865979381443296,0.0,0.25,0
0.3076923076923077,0.39252336448598135,0.0,0.3783783783783784,0
0.23529411764705888,0.3846153846153846,0.0,0.45569620253164556,0
0.9795918367346939,1.0,1.0,1.0,1
0.75,1.0,1.0,1.0,1
0.3829787234042554,0.3157894736842105,0.0,0.4,0
0.68,1.0,1.0,1.0,1
0.7619047619047619,1.0,1.0,1.0,1
0.3529411764705882,0.29032258064516125,0.0,0.48,0
0.962962962962963,1.0,1.0,1.0,1
0.33333333333333337,0.22499999999999998,0.0,0.3529411764705882,0
0.7575757575757575,1.0,1.0,1.0,1
0.7777777777777779,1.0,1.0,1.0,1
0.7916666666666665,1.0,1.0,1.0,1
0.7142857142857143,1.0,1.0,1.0,1
0.31818181818181823,0.0,0.0,0.48,0
0.375,0.3695652173913043,0.0,0.3941605839416058,0
0.3928571428571429,0.25396825396825395,0.0,0.31746031746031744,0
0.35,0.24778761061946908,0.0,1.0,0
0.6,1.0,1.0,1.0,1
0.32258064516129037,0.33898305084745756,0.0,0.3597122302158273,0
0.3589743589743589,0.359375,0.0,0.20895522388059706,0
0.3529411764705882,0.3146067415730337,0.0,0.2545454545454545,0
0.5833333333333333,1.0,1.0,1.0,1
0.2564102564102564,0.41333333333333333,0.0,0.41379310344827597,0
0.9523809523809522,1.0,1.0,1.0,1
0.9180327868852458,1.0,1.0,1.0,1
0.6363636363636364,1.0,1.0,1.0,1
0.7037037037037037,1.0,1.0,1.0,1
0.6521739130434783,1.0,1.0,1.0,1
0.92,1.0,1.0,1.0,1
0.96,1.0,1.0,1.0,1
0.2941176470588235,0.28037383177570097,0.0,0.14678899082568808,0
0.8518518518518519,1.0,1.0,1.0,1
0.32558139534883723,0.39130434782608686,1.0,0.14814814814814814,0
0.41025641025641024,0.202247191011236,0.0,0.35820895522388063,0
0.7575757575757575,1.0,1.0,1.0,1
0.7222222222222221,1.0,1.0,1.0,1
0.32558139534883723,0.32258064516129037,0.0,0.48,0
0.6666666666666667,1.0,1.0,1.0,1
0.8222222222222222,1.0,1.0,1.0,1
0.44067796610169496,0.10526315789473684,0.0,0.36923076923076925,0
0.9545454545454546,1.0,1.0,1.0,1
0.8571428571428572,1.0,1.0,1.0,1
0.43478260869565216,0.37777777777777777,0.0,0.25,0
0.736842105263158,1.0,1.0,1.0,1
0.40816326530612246,0.339622641509434,0.0,0.2857142857142857,0
0.8666666666666667,1.0,1.0,1.0,1
0.9523809523809522,1.0,1.0,1.0,1
0.32258064516129037,0.3689320388349514,0.0,0.25,0
0.22857142857142854,0.288135593220339,0.0,0.3783783783783784,0
0.33333333333333337,0.276595744680851,0.0,0.41666666666666663,0
0.3125,0.2727272727272727,0.0,0.25,0
0.75,1.0,1.0,1.0,1
0.375,0.3076923076923077,0.0,0.14678899082568808,0
0.9696969696969697,1.0,1.0,1.0,1
0.9090909090909091,1.0,1.0,1.0,1
0.2790697674418605,0.37362637362637363,0.0,0.2545454545454545,0
0.8275862068965517,1.0,1.0,1.0,1
0.7037037037037037,1.0,1.0,1.0,1
0.3870967741935484,0.24096385542168675,0.0,0.3597122302158273,0
0.2692307692307693,0.22916666666666663,0.0,0.2264150943396226,0
0.23076923076923073,0.22764227642276424,0.0,0.3597122302158273,0
0.782608695652174,1.0,1.0,1.0,1
0.33333333333333337,0.3529411764705882,0.0,0.35820895522388063,0
0.8333333333333335,1.0,1.0,1.0,1
0.75,1.0,1.0,1.0,1
0.782608695652174,1.0,1.0,1.0,1
0.7575757575757575,1.0,1.0,1.0,1
0.23255813953488372,0.29585798816568043,0.0,0.42666666666666664,0
0.95,1.0,1.0,1.0,1
0.3555555555555555,0.3448275862068966,0.0,0.3783783783783784,0
0.7948717948717949,1.0,1.0,1.0,1
0.29166666666666663,0.3188405797101449,0.0,0.25,0
0.7142857142857143,1.0,1.0,1.0,1
0.7619047619047619,1.0,1.0,1.0,1
0.24242424242424243,0.3047619047619048,0.0,1.0,0
0.2941176470588235,0.3448275862068966,0.0,0.34285714285714286,0
0.8275862068965517,1.0,1.0,1.0,1
0.8333333333333335,1.0,1.0,1.0,1
0.29166666666666663,0.31775700934579443,0.0,0.3125,0
0.33333333333333337,0.2045454545454546,0.0,0.14678899082568808,0
0.8518518518518519,1.0,1.0,1.0,1
0.9433962264150944,1.0,1.0,1.0,1
0.8095238095238095,1.0,1.0,1.0,1
0.782608695652174,1.0,1.0,1.0,1
0.8571428571428572,1.0,1.0,1.0,1
0.24,0.2417582417582418,0.0,1.0,0
0.2857142857142857,0.2975206611570248,1.0,1.0,0
0.4375,0.41379310344827597,0.0,0.25,0
0.1578947368421053,0.27450980392156865,0.0,0.24242424242424243,0
0.3571428571428571,0.28800000000000003,0.0,1.0,0
0.28,0.2921348314606742,0.0,0.3597122302158273,0
0.4242424242424242,0.34615384615384615,0.0,1.0,0
0.26315789473684215,0.32692307692307687,0.0,1.0,0
0.3829787234042554,0.3058823529411765,0.0,0.2941176470588235,0
0.8529411764705883,1.0,1.0,1.0,1
0.25806451612903225,0.29007633587786263,0.0,0.25,0
0.7619047619047619,1.0,1.0,1.0,1
0.25,0.3472222222222222,0.0,0.4,0
0.25806451612903225,0.2571428571428571,0.0,0.3597122302158273,0
0.38888888888888884,0.2857142857142857,0.0,0.14678899082568808,0
0.9642857142857143,1.0,1.0,1.0,1
0.2790697674418605,0.32432432432432434,0.0,0.25,0
0.8095238095238095,1.0,1.0,1.0,1
0.9333333333333332,1.0,1.0,1.0,1
0.8181818181818181,1.0,1.0,1.0,1
0.37209302325581395,0.3695652173913043,0.0,0.25,0
0.25806451612903225,0.2692307692307693,1.0,1.0,0
0.4242424242424242,0.36363636363636365,0.0,1.0,0
0.96,1.0,1.0,1.0,1
0.34285714285714286,0.28828828828828834,0.0,0.25,0
0.84,1.0,1.0,1.0,1
0.6923076923076923,1.0,1.0,1.0,1
0.2222222222222222,0.28125,0.0,0.5154639175257731,0
0.30434782608695654,0.3448275862068966,0.0,1.0,0
0.8,1.0,1.0,1.0,1
0.7222222222222221,1.0,1.0,1.0,1
0.33333333333333337,0.3555555555555555,0.0,0.35820895522388063,0
0.782608695652174,1.0,1.0,1.0,1
0.9714285714285714,1.0,1.0,1.0,1
0.6923076923076923,1.0,1.0,1.0,1
0.2702702702702703,0.34782608695652173,0.0,0.35820895522388063,0
0.375,0.2764227642276422,0.0,0.36923076923076925,0
0.29268292682926833,0.26315789473684215,0.0,0.3597122302158273,0
0.9361702127659575,1.0,1.0,1.0,1
0.35,0.23076923076923073,0.0,0.14678899082568808,0
0.2857142857142857,0.25,0.0,0.4444444444444444,0
0.39130434782608686,0.33333333333333337,0.0,0.5154639175257731,0
0.2702702702702703,0.34042553191489366,0.0,0.30508474576271183,0
0.7647058823529411,1.0,1.0,1.0,1
0.6,1.0,1.0,1.0,1
0.814814814814815,1.0,1.0,1.0,1
0.962962962962963,1.0,1.0,1.0,1
0.3870967741935484,0.22988505747126442,0.0,1.0,0
0.39130434782608686,0.3302752293577982,0.0,0.3597122302158273,0
0.8,1.0,1.0,1.0,1
0.7037037037037037,1.0,1.0,1.0,1
0.7241379310344827,1.0,1.0,1.0,1
0.4516129032258065,0.25531914893617025,1.0,0.41333333333333333,0
0.8095238095238095,1.0,1.0,1.0,1
0.4375,0.21276595744680848,0.0,0.23333333333333328,0
0.972972972972973,1.0,1.0,1.0,1
0.2962962962962963,0.35955056179775285,0.0,0.23076923076923073,0
0.38888888888888884,0.23809523809523814,1.0,0.4444444444444444,0
0.8620689655172413,1.0,1.0,1.0,1
0.7333333333333334,1.0,1.0,1.0,1
0.36363636363636365,0.3513513513513513,0.0,0.25,0
0.8888888888888888,1.0,1.0,1.0,1
0.6923076923076923,1.0,1.0,1.0,1
0.9538461538461537,1.0,1.0,1.0,1
0.2962962962962963,0.2549019607843137,0.0,0.31746031746031744,0
0.8947368421052632,1.0,1.0,1.0,1
0.9523809523809522,1.0,1.0,1.0,1
0.962962962962963,1.0,1.0,1.0,1
0.38888888888888884,0.328125,0.0,0.25,0
0.5,0.32835820895522383,0.0,0.25,0
0.2702702702702703,0.36585365853658536,0.0,0.36363636363636365,0
0.3783783783783784,0.29824561403508776,0.0,0.38235294117647056,0
0.736842105263158,1.0,1.0,1.0,1
0.9655172413793103,1.0,1.0,1.0,1
0.8333333333333335,1.0,1.0,1.0,1
0.9523809523809522,1.0,1.0,1.0,1
0.4285714285714286,0.06060606060606055,0.0,0.36923076923076925,0
0.3902439024390244,0.375,0.0,0.2545454545454545,0
0.41860465116279066,0.2962962962962963,0.0,1.0,0
0.34285714285714286,0.30434782608695654,0.0,0.48,0
0.29166666666666663,0.2702702702702703,0.0,0.25,0
0.9615384615384616,1.0,1.0,1.0,1
0.9714285714285714,1.0,1.0,1.0,1
0.6363636363636364,1.0,1.0,1.0,1
0.33333333333333337,0.23529411764705888,0.0,0.35820895522388063,0
0.7727272727272727,1.0,1.0,1.0,1
0.8888888888888888,1.0,1.0,1.0,1
0.8461538461538461,1.0,1.0,1.0,1
0.21276595744680848,0.2857142857142857,1.0,0.14678899082568808,0
0.30188679245283023,0.19999999999999996,0.0,0.3597122302158273,0
0.5555555555555556,1.0,1.0,1.0,1
0.26315789473684215,0.29565217391304344,0.0,1.0,0
0.3157894736842105,0.339622641509434,0.0,1.0,0
0.9565217391304348,1.0,1.0,1.0,1
0.9411764705882352,1.0,1.0,1.0,1
0.972972972972973,1.0,1.0,1.0,1
0.7333333333333334,1.0,1.0,1.0,1
0.826086956521739,1.0,1.0,1.0,1
0.951219512195122,1.0,1.0,1.0,1
0.3880597014925373,0.33898305084745756,0.0,1.0,0
0.32258064516129037,0.275,0.0,0.25,0
0.42105263157894735,0.19354838709677424,0.0,0.4,0
0.42105263157894735,0.379746835443038,0.0,0.42666666666666664,0
0.17647058823529416,0.2549019607843137,0.0,0.25,0
0.9545454545454546,1.0,1.0,1.0,1
0.3703703703703704,0.13043478260869568,0.0,1.0,0
0.303030303030303,0.33043478260869563,0.0,0.14678899082568808,0
0.2941176470588235,0.32478632478632474,0.0,0.3783783783783784,0
0.84,1.0,1.0,1.0,1
0.22857142857142854,0.28915662650602414,1.0,0.25,0
0.3414634146341463,0.32352941176470584,0.0,0.35820895522388063,0
0.4375,0.3829787234042554,0.0,0.3783783783783784,0
0.8181818181818181,1.0,1.0,1.0,1
0.3555555555555555,0.3620689655172413,0.0,0.5154639175257731,0
0.7777777777777779,1.0,1.0,1.0,1
0.9111111111111111,1.0,1.0,1.0,1
0.972972972972973,1.0,1.0,1.0,1
0.2666666666666667,0.2295081967213115,0.0,0.36363636363636365,0
0.3076923076923077,0.39490445859872614,0.0,0.23076923076923073,0
0.967741935483871,1.0,1.0,1.0,1
0.923076923076923,1.0,1.0,1.0,1
0.6190476190476191,1.0,1.0,1.0,1
0.9714285714285714,1.0,1.0,1.0,1
0.68,1.0,1.0,1.0,1
0.3076923076923077,0.2823529411764706,0.0,0.3597122302158273,0
0.32258064516129037,0.33333333333333337,0.0,0.3597122302158273,0
0.23255813953488372,0.326530612244898,0.0,0.35820895522388063,0
0.4242424242424242,0.31034482758620685,0.0,0.45569620253164556,0
0.27586206896551724,0.3125,1.0,0.45569620253164556,0
0.34285714285714286,0.22988505747126442,0.0,0.3597122302158273,0
0.3157894736842105,0.33644859813084116,0.0,1.0,0
0.9523809523809522,1.0,1.0,1.0,1
0.8333333333333335,1.0,1.0,1.0,1
0.8461538461538461,1.0,1.0,1.0,1
0.4,0.23423423423423428,0.0,0.3597122302158273,0
0.84,1.0,1.0,1.0,1
0.84375,1.0,1.0,1.0,1
0.9767441860465115,1.0,1.0,1.0,1
0.7894736842105263,1.0,1.0,1.0,1
0.3132530120481928,0.25531914893617025,0.0,0.23076923076923073,0
0.2777777777777778,0.28865979381443296,0.0,0.48,0
0.25,0.3950617283950617,0.0,0.25,0
0.9411764705882352,1.0,1.0,1.0,1
0.8181818181818181,1.0,1.0,1.0,1
0.7142857142857143,1.0,1.0,1.0,1
0.3076923076923077,0.2682926829268293,0.0,1.0,0
0.9310344827586207,1.0,1.0,1.0,1
0.6923076923076923,1.0,1.0,1.0,1
0.3846153846153846,0.34545454545454546,0.0,0.25,0
0.84,1.0,1.0,1.0,1
0.34375,0.3106796116504854,0.0,0.24137931034482762,0
0.8076923076923077,1.0,1.0,1.0,1
0.8518518518518519,1.0,1.0,1.0,1
0.96,1.0,1.0,1.0,1
0.3571428571428571,0.2647058823529411,1.0,0.2545454545454545,0
0.9743589743589743,1.0,1.0,1.0,1
0.17647058823529416,0.2953020134228188,0.0,0.4,0
0.3529411764705882,0.29702970297029707,0.0,0.3597122302158273,0
0.326530612244898,0.3392857142857143,0.0,0.2545454545454545,0
0.23809523809523814,0.24444444444444446,0.0,1.0,0
0.8181818181818181,1.0,1.0,1.0,1
0.962962962962963,1.0,1.0,1.0,1
0.7142857142857143,1.0,1.0,1.0,1
0.7333333333333334,1.0,1.0,1.0,1
0.9047619047619048,1.0,1.0,1.0,1
0.9444444444444444,1.0,1.0,1.0,1
0.2666666666666667,0.37209302325581395,0.0,0.2545454545454545,0
0.7222222222222221,1.0,1.0,1.0,1
0.972972972972973,1.0,1.0,1.0,1
0.9696969696969697,1.0,1.0,1.0,1
0.41379310344827597,0.25,0.0,0.34285714285714286,0
0.75,1.0,1.0,1.0,1
0.3571428571428571,0.35051546391752575,0.0,0.5154639175257731,0
0.3902439024390244,0.0,0.0,0.4383561643835616,0
0.4444444444444444,0.2680412371134021,0.0,0.5154639175257731,0
0.42105263157894735,0.31034482758620685,0.0,1.0,0
0.8,1.0,1.0,1.0,1
0.8181818181818181,1.0,1.0,1.0,1
0.951219512195122,1.0,1.0,1.0,1
0.41860465116279066,0.3058823529411765,0.0,1.0,0
0.21052631578947367,0.26865671641791045,0.0,0.4,0
0.8214285714285714,1.0,1.0,1.0,1
0.7894736842105263,1.0,1.0,1.0,1
0.75,1.0,1.0,1.0,1
0.3793103448275862,0.3296703296703297,0.0,0.29729729729729726,0
0.4615384615384615,0.26415094339622647,0.0,0.23076923076923073,0
0.32432432432432434,0.23529411764705888,0.0,0.2545454545454545,0
0.26315789473684215,0.17543859649122806,0.0,0.2264150943396226,0
0.8333333333333335,1.0,1.0,1.0,1
0.25,0.36363636363636365,0.0,1.0,0
0.24,0.2831858407079646,0.0,0.5154639175257731,0
0.975609756097561,1.0,1.0,1.0,1
0.7333333333333334,1.0,1.0,1.0,1
0.16666666666666663,0.3458646616541353,0.0,0.23333333333333328,0
0.8484848484848484,1.0,1.0,1.0,1
0.25806451612903225,0.29508196721311475,0.0,1.0,0
0.3571428571428571,0.35398230088495575,0.0,0.36363636363636365,0
0.962962962962963,1.0,1.0,1.0,1
0.782608695652174,1.0,1.0,1.0,1
0.48484848484848486,0.2549019607843137,0.0,1.0,0
0.2790697674418605,0.3448275862068966,0.0,1.0,0
0.75,1.0,1.0,1.0,1
0.3870967741935484,0.2823529411764706,0.0,0.14678899082568808,0
0.7647058823529411,1.0,1.0,1.0,1
0.9473684210526316,1.0,1.0,1.0,1
0.8095238095238095,1.0,1.0,1.0,1
0.2666666666666667,0.3146067415730337,0.0,0.3783783783783784,0
0.6190476190476191,1.0,1.0,1.0,1
0.8571428571428572,1.0,1.0,1.0,1
0.75,1.0,1.0,1.0,1
0.42105263157894735,0.3302752293577982,0.0,0.3597122302158273,0
0.34285714285714286,0.24390243902439024,1.0,0.25,0
0.96,1.0,1.0,1.0,1
0.33333333333333337,0.38888888888888884,0.0,0.25,0
0.9523809523809522,1.0,1.0,1.0,1
0.3880597014925373,0.3307086614173228,0.0,0.24242424242424243,0
0.8571428571428572,1.0,1.0,1.0,1
0.2857142857142857,0.32258064516129037,1.0,0.45569620253164556,0
0.23529411764705888,0.36641221374045807,0.0,0.2545454545454545,0
0.4666666666666666,0.4,0.0,0.33333333333333337,0
0.3529411764705882,0.2592592592592593,0.0,1.0,0
0.826086956521739,1.0,1.0,1.0,1
0.9397590361445783,1.0,1.0,1.0,1
0.303030303030303,0.40944881889763785,0.0,0.25,0
0.24242424242424243,0.2524271844660194,0.0,0.22857142857142854,0
0.7894736842105263,1.0,1.0,1.0,1
0.8095238095238095,1.0,1.0,1.0,1
0.9655172413793103,1.0,1.0,1.0,1
0.30000000000000004,0.27826086956521734,1.0,0.25,0
0.8709677419354839,1.0,1.0,1.0,1
0.326530612244898,0.14492753623188404,0.0,0.3125,0
0.8,1.0,1.0,1.0,1
0.9484536082474225,1.0,1.0,1.0,1
0.2702702702702703,0.30107526881720426,0.0,0.31746031746031744,0
0.8461538461538461,1.0,1.0,1.0,1
0.23255813953488372,0.29333333333333333,0.0,0.48,0
0.6923076923076923,1.0,1.0,1.0,1
0.32432432432432434,0.3172413793103448,0.0,0.3597122302158273,0
0.8666666666666667,1.0,1.0,1.0,1
0.29032258064516125,0.3063063063063063,0.0,0.36363636363636365,0
0.6923076923076923,1.0,1.0,1.0,1
0.2222222222222222,0.34,0.0,0.2545454545454545,0
0.8076923076923077,0.0,1.0,1.0,1
0.8095238095238095,1.0,1.0,1.0,1
0.9411764705882352,1.0,1.0,1.0,1
0.2666666666666667,0.2702702702702703,0.0,1.0,0
0.4782608695652174,0.29333333333333333,0.0,0.48,0
0.9565217391304348,1.0,1.0,1.0,1
0.8,1.0,1.0,1.0,1
0.8,1.0,1.0,1.0,1
0.8857142857142857,1.0,1.0,1.0,1
0.43137254901960786,0.28985507246376807,0.0,0.25,0
0.75,1.0,1.0,1.0,1
0.6923076923076923,1.0,1.0,1.0,1
0.8275862068965517,1.0,1.0,1.0,1
0.68,1.0,1.0,1.0,1
0.826086956521739,1.0,1.0,1.0,1
0.9523809523809522,1.0,1.0,1.0,1
0.7142857142857143,1.0,1.0,1.0,1
0.8518518518518519,1.0,1.0,1.0,1
0.8709677419354839,1.0,1.0,1.0,1
0.6666666666666667,1.0,1.0,1.0,1
0.3125,0.32352941176470584,0.0,1.0,0
0.7894736842105263,1.0,1.0,1.0,1
0.6875,1.0,1.0,1.0,1
0.31999999999999995,0.34693877551020413,0.0,0.25,0
0.2702702702702703,0.25531914893617025,0.0,1.0,0
0.34615384615384615,0.2777777777777778,0.0,0.2545454545454545,0
0.2777777777777778,0.37956204379562036,0.0,1.0,0
0.8333333333333335,1.0,1.0,1.0,1
0.972972972972973,1.0,1.0,1.0,1
0.3529411764705882,0.33333333333333337,0.0,0.36923076923076925,0
0.8,1.0,1.0,1.0,1
0.36,0.26530612244897955,0.0,0.3214285714285714,0
0.28,0.27083333333333337,0.0,0.31746031746031744,0
0.84,1.0,1.0,1.0,1
0.375,0.27586206896551724,0.0,0.25,0
0.368421052631579,0.36585365853658536,0.0,1.0,0
0.3589743589743589,0.352,0.0,1.0,0
0.2592592592592593,0.1428571428571429,0.0,0.14678899082568808,0
0.8333333333333335,1.0,1.0,1.0,1
0.29729729729729726,0.390625,0.0,0.3597122302158273,0
0.9565217391304348,1.0,1.0,1.0,1
0.33333333333333337,0.3076923076923077,0.0,0.25,0
0.25806451612903225,0.375,0.0,0.14678899082568808,0
0.7333333333333334,1.0,1.0,1.0,1
0.4363636363636364,0.28888888888888886,0.0,0.3597122302158273,0
0.7037037037037037,1.0,1.0,1.0,1
0.2790697674418605,0.3035714285714286,0.0,0.2545454545454545,0
0.7777777777777779,1.0,1.0,1.0,1
0.4,0.29032258064516125,1.0,0.36923076923076925,0
0.37209302325581395,0.2784810126582279,0.0,1.0,0
0.30000000000000004,0.31999999999999995,0.0,1.0,0
0.7894736842105263,1.0,1.0,1.0,1
0.1875,0.2931034482758621,0.0,0.2857142857142857,0
0.7777777777777779,1.0,1.0,1.0,1
0.17647058823529416,0.20895522388059706,0.0,0.25,0
0.4285714285714286,0.24137931034482762,0.0,0.2857142857142857,0
0.68,1.0,1.0,1.0,1
0.303030303030303,0.2941176470588235,0.0,0.35820895522388063,0
0.18181818181818177,0.2654867256637168,0.0,0.48,0
0.24,0.37575757575757573,0.0,0.36923076923076925,0
0.2909090909090909,0.3418803418803419,0.0,0.25,0
0.34285714285714286,0.27083333333333337,0.0,0.35820895522388063,0
0.3157894736842105,0.3157894736842105,0.0,0.2857142857142857,0
0.36363636363636365,0.34285714285714286,0.0,0.1333333333333333,0
0.2666666666666667,0.33333333333333337,0.0,0.4444444444444444,0
0.31818181818181823,0.3076923076923077,0.0,0.25,0
0.7727272727272727,1.0,1.0,1.0,1
0.34285714285714286,0.2784810126582279,0.0,0.31746031746031744,0
0.9545454545454546,1.0,1.0,1.0,1
0.8787878787878788,1.0,1.0,1.0,1
0.962962962962963,1.0,1.0,1.0,1
0.36363636363636365,0.3875968992248062,1.0,0.4,0
0.8181818181818181,1.0,1.0,1.0,1
0.9545454545454546,1.0,1.0,1.0,1
0.36363636363636365,0.3298969072164949,0.0,0.45569620253164556,0
0.2666666666666667,0.3448275862068966,0.0,0.48,0
0.4761904761904761,0.3076923076923077,0.0,0.2545454545454545,0
0.9523809523809522,1.0,1.0,1.0,1
0.6190476190476191,1.0,1.0,1.0,1
0.7333333333333334,1.0,1.0,1.0,1
0.9047619047619048,1.0,1.0,1.0,1
0.7894736842105263,1.0,1.0,1.0,1
0.29166666666666663,0.2637362637362637,1.0,0.24242424242424243,0
0.8076923076923077,1.0,1.0,1.0,1
0.9803921568627451,1.0,1.0,1.0,1
0.6190476190476191,1.0,1.0,1.0,1
0.3555555555555555,0.3098591549295775,0.0,0.4444444444444444,0
0.4,0.2650602409638554,0.0,0.3597122302158273,0
0.6923076923076923,1.0,1.0,1.0,1
0.96,1.0,1.0,1.0,1
0.31818181818181823,0.29885057471264365,0.0,0.34285714285714286,0
0.68,1.0,1.0,1.0,1
0.339622641509434,0.2941176470588235,0.0,0.45569620253164556,0
0.7837837837837838,1.0,1.0,1.0,1
0.7916666666666665,1.0,1.0,1.0,1
0.9411764705882352,1.0,1.0,1.0,1
0.2857142857142857,0.24528301886792447,0.0,0.35820895522388063,0
0.8518518518518519,1.0,1.0,1.0,1
0.9743589743589743,1.0,1.0,1.0,1
0.3125,0.3650793650793651,0.0,0.5154639175257731,0
0.42105263157894735,0.2650602409638554,0.0,0.48,0
0.8333333333333335,1.0,1.0,1.0,1
0.8666666666666667,1.0,1.0,1.0,1
0.4615384615384615,0.24561403508771928,0.0,0.2222222222222222,0
0.9583333333333335,1.0,1.0,1.0,1
0.21052631578947367,0.0,1.0,1.0,0
0.9655172413793103,1.0,1.0,1.0,1
0.8787878787878788,1.0,1.0,1.0,1
0.7419354838709676,1.0,1.0,1.0,1
0.7333333333333334,1.0,1.0,1.0,1
0.9024390243902439,1.0,1.0,1.0,1
0.9538461538461537,1.0,1.0,1.0,1
0.7727272727272727,1.0,1.0,1.0,1
0.2790697674418605,0.23404255319148937,0.0,0.2702702702702703,0
0.8461538461538461,1.0,1.0,1.0,1
0.45614035087719296,0.18181818181818177,0.0,0.41666666666666663,0
0.32258064516129037,0.2650602409638554,0.0,0.14678899082568808,0
0.6923076923076923,1.0,1.0,1.0,1
0.34782608695652173,0.3146067415730337,0.0,0.25,0
0.3555555555555555,0.4444444444444444,0.0,0.36363636363636365,0
0.38095238095238093,0.273972602739726,0.0,1.0,0
0.24242424242424243,0.27450980392156865,0.0,1.0,0
0.33333333333333337,0.2295081967213115,0.0,0.3597122302158273,0
0.2857142857142857,0.29268292682926833,0.0,0.3597122302158273,0
0.3870967741935484,0.2650602409638554,0.0,0.25,0
0.8,1.0,1.0,1.0,1
0.24390243902439024,0.2018348623853211,0.0,0.4444444444444444,0
0.6,1.0,1.0,1.0,1
0.7647058823529411,1.0,1.0,1.0,1
0.7037037037037037,1.0,1.0,1.0,1
0.25531914893617025,0.4318181818181818,0.0,0.38095238095238093,0
0.2962962962962963,0.3508771929824561,0.0,1.0,0
0.2564102564102564,0.22916666666666663,0.0,0.23333333333333328,0
0.4489795918367348,0.24691358024691357,0.0,1.0,0
0.75,1.0,1.0,1.0,1
0.35,0.3423423423423423,0.0,0.14678899082568808,0
0.96,1.0,1.0,1.0,1
0.33333333333333337,0.36571428571428577,0.0,0.35820895522388063,0
0.3902439024390244,0.32352941176470584,0.0,0.3597122302158273,0
0.36363636363636365,0.36144578313253023,0.0,0.45569620253164556,0
0.31818181818181823,0.2222222222222222,0.0,0.25,0
0.3076923076923077,0.3846153846153846,0.0,0.25,0
0.7333333333333334,1.0,1.0,1.0,1
0.782608695652174,1.0,1.0,1.0,1
0.8333333333333335,1.0,1.0,1.0,1
0.3571428571428571,0.3090909090909091,1.0,0.4074074074074075,0
0.29268292682926833,0.3537414965986394,0.0,0.14678899082568808,0
0.33333333333333337,0.26086956521739135,0.0,0.25,0
0.9684210526315788,1.0,1.0,1.0,1
0.84375,1.0,1.0,1.0,1
0.9444444444444444,1.0,1.0,1.0,1
0.6923076923076923,1.0,1.0,1.0,1
0.4,0.36363636363636365,0.0,0.25,0
0.25,0.21875,0.0,0.14678899082568808,0
0.32258064516129037,0.26415094339622647,1.0,0.25,0
0.8095238095238095,1.0,1.0,1.0,1
0.8,1.0,1.0,1.0,1
0.32727272727272727,0.32380952380952377,1.0,1.0,0
0.7241379310344827,1.0,1.0,1.0,1
0.8709677419354839,1.0,1.0,1.0,1
0.7241379310344827,1.0,1.0,1.0,1
0.8461538461538461,1.0,1.0,1.0,1
0.33333333333333337,0.29007633587786263,1.0,0.4761904761904761,0
0.972972972972973,1.0,1.0,1.0,1
0.6923076923076923,1.0,1.0,1.0,1
0.9655172413793103,1.0,1.0,1.0,1
0.3076923076923077,0.34285714285714286,0.0,0.2545454545454545,0
0.6363636363636364,1.0,1.0,1.0,1
0.9615384615384616,1.0,1.0,1.0,1
0.782608695652174,1.0,1.0,1.0,1
0.37209302325581395,0.34782608695652173,0.0,0.2545454545454545,0
0.4,0.3508771929824561,0.0,0.3793103448275862,0
0.8333333333333335,1.0,1.0,1.0,1
0.5555555555555556,1.0,1.0,1.0,1
0.35,0.3703703703703704,0.0,0.24242424242424243,0
0.2068965517241379,0.4042553191489362,0.0,0.25,0
0.8823529411764706,1.0,1.0,1.0,1
0.9411764705882352,1.0,1.0,1.0,1
0.2666666666666667,0.359375,0.0,0.25,0
0.3783783783783784,0.23728813559322037,0.0,0.43333333333333335,0
0.7777777777777779,1.0,1.0,1.0,1
0.2978723404255319,0.24,0.0,0.36363636363636365,0
0.75,1.0,1.0,1.0,1
0.9473684210526316,1.0,1.0,1.0,1
0.926829268292683,1.0,1.0,1.0,1
0.9259259259259259,1.0,1.0,1.0,1
0.24242424242424243,0.3835616438356164,0.0,0.48,0
0.32432432432432434,0.31858407079646023,1.0,0.2222222222222222,0
0.9473684210526316,1.0,1.0,1.0,1
0.8571428571428572,0.0,1.0,1.0,1
0.8095238095238095,1.0,1.0,1.0,1
0.6363636363636364,1.0,1.0,1.0,1
0.20779220779220775,0.28915662650602414,0.0,0.5714285714285714,0
0.3783783783783784,0.4040404040404041,0.0,1.0,0
0.9074074074074074,1.0,1.0,1.0,1
0.21052631578947367,0.24,0.0,0.23333333333333328,0
0.2857142857142857,0.38888888888888884,0.0,0.22857142857142854,0
0.95,1.0,1.0,1.0,1
0.8787878787878788,1.0,1.0,1.0,1
0.6666666666666667,1.0,1.0,1.0,1
0.22857142857142854,0.31999999999999995,0.0,0.25,0
0.7333333333333334,1.0,1.0,1.0,1
0.972972972972973,1.0,1.0,1.0,1
0.7647058823529411,1.0,1.0,1.0,1
0.24390243902439024,0.27586206896551724,0.0,1.0,0
0.8367346938775511,1.0,1.0,1.0,1
0.9473684210526316,1.0,1.0,1.0,1
0.7727272727272727,1.0,1.0,1.0,1
0.1875,0.27350427350427353,0.0,0.35820895522388063,0
0.29268292682926833,0.2777777777777778,0.0,1.0,0
0.4,0.2828282828282829,0.0,1.0,0
0.2941176470588235,0.3571428571428571,0.0,0.2545454545454545,0
0.7142857142857143,1.0,1.0,1.0,1
0.6363636363636364,1.0,1.0,1.0,1
0.3448275862068966,0.38095238095238093,0.0,0.5154639175257731,0
0.3137254901960784,0.33333333333333337,0.0,0.36923076923076925,0
0.4651162790697675,0.26771653543307083,0.0,0.48,0
0.9565217391304348,1.0,1.0,1.0,1
0.41860465116279066,0.26086956521739135,0.0,1.0,0
0.7037037037037037,1.0,1.0,1.0,1
0.38888888888888884,0.3218390804597702,0.0,0.25,0
0.34782608695652173,0.41025641025641024,1.0,1.0,0
0.962962962962963,1.0,1.0,1.0,1
0.22857142857142854,0.26086956521739135,0.0,0.45569620253164556,0
0.28,0.34615384615384615,0.0,0.14814814814814814,0
0.33333333333333337,0.4077669902912622,0.0,0.2857142857142857,0
0.2894736842105263,0.20833333333333337,0.0,0.24137931034482762,0
0.25806451612903225,0.4032258064516129,0.0,0.48,0
0.7575757575757575,1.0,1.0,1.0,1
0.95,1.0,1.0,1.0,1
0.125,0.3928571428571429,0.0,1.0,0
0.9743589743589743,1.0,1.0,1.0,1
0.9545454545454546,1.0,1.0,1.0,1
0.8529411764705883,1.0,1.0,1.0,1
0.3728813559322034,0.3291139240506329,0.0,0.25,0
0.7037037037037037,1.0,1.0,1.0,1
0.8387096774193549,1.0,1.0,1.0,1
0.6,1.0,1.0,1.0,1
0.75,1.0,1.0,1.0,1
0.8181818181818181,1.0,1.0,1.0,1
0.8461538461538461,1.0,1.0,1.0,1
0.7333333333333334,1.0,1.0,1.0,1
0.8387096774193549,1.0,1.0,1.0,1
0.8461538461538461,1.0,1.0,1.0,1
0.8620689655172413,1.0,1.0,1.0,1
0.9538461538461537,1.0,1.0,1.0,1
0.3783783783783784,0.26415094339622647,0.0,0.3597122302158273,0
0.30000000000000004,0.27083333333333337,0.0,0.25,0
0.8333333333333335,1.0,1.0,1.0,1
0.2564102564102564,0.2647058823529411,0.0,0.31746031746031744,0
0.3529411764705882,0.28125,0.0,0.2857142857142857,0
0.23529411764705888,0.3793103448275862,0.0,1.0,0
0.33333333333333337,0.33009708737864074,0.0,1.0,0
0.2857142857142857,0.30000000000000004,0.0,0.25,0
0.7142857142857143,1.0,1.0,1.0,1
0.6363636363636364,1.0,1.0,1.0,1
0.9523809523809522,1.0,1.0,1.0,1
0.736842105263158,1.0,1.0,1.0,1
0.2702702702702703,0.3835616438356164,0.0,0.2545454545454545,0
0.30434782608695654,0.3137254901960784,0.0,0.31746031746031744,0
0.303030303030303,0.29007633587786263,0.0,0.42666666666666664,0
0.17647058823529416,0.3008849557522124,0.0,1.0,0
0.9166666666666665,1.0,1.0,1.0,1
0.30188679245283023,0.2142857142857143,0.0,0.48,0
0.34285714285714286,0.23076923076923073,1.0,0.31746031746031744,0
0.3571428571428571,0.303030303030303,0.0,0.25,0
0.2068965517241379,0.21739130434782605,1.0,0.29729729729729726,0
0.32558139534883723,0.30573248407643316,1.0,1.0,0
0.972972972972973,1.0,1.0,1.0,1
0.42105263157894735,0.375,0.0,0.41333333333333333,0
0.9111111111111111,1.0,1.0,1.0,1
0.6875,1.0,1.0,1.0,1
0.8,1.0,1.0,1.0,1
0.68,1.0,1.0,1.0,1
0.29268292682926833,0.41221374045801523,1.0,0.45569620253164556,0
0.9655172413793103,1.0,1.0,1.0,1
0.3076923076923077,0.33644859813084116,0.0,0.30508474576271183,0
0.36734693877551017,0.40449438202247184,0.0,0.2545454545454545,0
0.782608695652174,1.0,1.0,1.0,1
0.30434782608695654,0.32258064516129037,1.0,0.2222222222222222,0
0.8461538461538461,1.0,1.0,1.0,1
0.96,1.0,1.0,1.0,1
0.75,1.0,1.0,1.0,1
0.2777777777777778,0.36641221374045807,0.0,1.0,0
0.33333333333333337,0.33898305084745756,0.0,1.0,0
0.2777777777777778,0.27826086956521734,0.0,0.3597122302158273,0
0.3111111111111111,0.34951456310679613,0.0,0.35820895522388063,0
0.8666666666666667,1.0,1.0,1.0,1
0.31999999999999995,0.36111111111111116,0.0,0.25,0
0.7894736842105263,1.0,1.0,1.0,1
0.75,1.0,1.0,1.0,1
0.25,0.2222222222222222,0.0,0.14678899082568808,0
0.75,1.0,1.0,1.0,1
0.8974358974358975,1.0,1.0,1.0,1
0.9743589743589743,1.0,1.0,1.0,1
0.972972972972973,1.0,1.0,1.0,1
0.6190476190476191,1.0,1.0,1.0,1
0.9333333333333332,1.0,1.0,1.0,1
0.32432432432432434,0.4657534246575342,0.0,0.14814814814814814,0
0.24242424242424243,0.3307086614173228,0.0,0.3597122302158273,0
0.25,0.2978723404255319,0.0,0.25,0
0.34285714285714286,0.25,0.0,0.33333333333333337,0
0.8484848484848484,1.0,1.0,1.0,1
0.3414634146341463,0.4181818181818182,0.0,0.14814814814814814,0
0.84,1.0,1.0,1.0,1
0.3157894736842105,0.27450980392156865,0.0,0.23076923076923073,0
0.96875,1.0,1.0,1.0,1
0.975609756097561,1.0,1.0,1.0,1
0.9473684210526316,1.0,1.0,1.0,1
0.7894736842105263,1.0,1.0,1.0,1
0.3529411764705882,0.4,0.0,0.25,0
0.8518518518518519,1.0,1.0,1.0,1
0.3870967741935484,0.25316455696202533,0.0,1.0,0
0.975609756097561,1.0,1.0,1.0,1
0.9743589743589743,1.0,1.0,1.0,1
0.3076923076923077,0.30434782608695654,0.0,0.2702702702702703,0
0.43137254901960786,0.38596491228070173,0.0,0.2545454545454545,0
0.6190476190476191,1.0,1.0,1.0,1
0.9523809523809522,1.0,1.0,1.0,1
0.8,1.0,1.0,1.0,1
0.8666666666666667,1.0,1.0,1.0,1
0.84,1.0,1.0,1.0,1
0.962962962962963,1.0,1.0,1.0,1
0.375,0.33898305084745756,0.0,0.4444444444444444,0
0.8620689655172413,1.0,1.0,1.0,1
0.875,1.0,1.0,1.0,1
0.7619047619047619,1.0,1.0,1.0,1
0.75,1.0,1.0,1.0,1
0.7419354838709676,1.0,1.0,1.0,1
0.303030303030303,0.3384615384615385,0.0,0.44660194174757284,0
0.27586206896551724,0.32380952380952377,0.0,0.31746031746031744,0
0.19999999999999996,0.5040650406504066,0.0,0.23076923076923073,0
0.21739130434782605,0.27450980392156865,0.0,0.34782608695652173,0
0.8181818181818181,1.0,1.0,1.0,1
0.7837837837837838,1.0,1.0,1.0,1
0.7419354838709676,1.0,1.0,1.0,1
0.33333333333333337,0.5333333333333333,0.0,0.35820895522388063,0
0.25,0.2524271844660194,0.0,0.48,0
0.96,1.0,1.0,1.0,1
0.9642857142857143,1.0,1.0,1.0,1
0.975609756097561,1.0,1.0,1.0,1
0.2068965517241379,0.3114754098360656,0.0,1.0,0
0.5128205128205128,0.28037383177570097,0.0,0.2222222222222222,0
0.8,1.0,1.0,1.0,1
0.6666666666666667,1.0,1.0,1.0,1
0.3846153846153846,0.3142857142857143,1.0,0.25,0
0.9180327868852458,1.0,1.0,1.0,1
0.26315789473684215,0.4810126582278481,0.0,1.0,0
0.32432432432432434,0.3111111111111111,0.0,0.2545454545454545,0
0.8529411764705883,1.0,1.0,1.0,1
0.6923076923076923,1.0,1.0,1.0,1
0.3703703703703704,0.3220338983050848,0.0,1.0,0
0.9545454545454546,1.0,1.0,1.0,1
0.8787878787878788,1.0,1.0,1.0,1
0.7333333333333334,1.0,1.0,1.0,1
0.5333333333333333,0.23655913978494625,0.0,1.0,0
0.3414634146341463,0.3448275862068966,0.0,1.0,0
0.8095238095238095,1.0,1.0,1.0,1
0.2857142857142857,0.3191489361702128,0.0,0.48,0
0.8684210526315791,1.0,1.0,1.0,1
0.68,1.0,1.0,1.0,1
0.35,0.11627906976744186,0.0,0.24137931034482762,0
0.30000000000000004,0.26086956521739135,0.0,0.2545454545454545,0
0.33333333333333337,0.30508474576271183,0.0,0.4,0
0.4,0.30952380952380953,0.0,0.23076923076923073,0
0.2962962962962963,0.2807017543859649,0.0,0.31746031746031744,0
0.9696969696969697,1.0,1.0,1.0,1
0.303030303030303,0.3125,0.0,0.35820895522388063,0
0.3589743589743589,0.25,0.0,0.31746031746031744,0
0.7419354838709676,1.0,1.0,1.0,1
0.972972972972973,1.0,1.0,1.0,1
0.25,0.33333333333333337,0.0,0.25,0
0.8333333333333335,1.0,1.0,1.0,1
0.95,1.0,1.0,1.0,1
0.8666666666666667,1.0,1.0,1.0,1
0.33333333333333337,0.303030303030303,0.0,0.35820895522388063,0
0.2272727272727273,0.3278688524590164,0.0,0.5154639175257731,0
0.32258064516129037,0.31775700934579443,0.0,1.0,0
0.9545454545454546,1.0,1.0,1.0,1
0.33333333333333337,0.25396825396825395,0.0,0.34285714285714286,0
0.7241379310344827,1.0,1.0,1.0,1
0.8095238095238095,1.0,1.0,1.0,1
0.3076923076923077,0.35789473684210527,0.0,0.3597122302158273,0
0.9583333333333335,1.0,1.0,1.0,1
0.33333333333333337,0.339622641509434,0.0,0.31746031746031744,0
0.975609756097561,1.0,1.0,1.0,1
0.9473684210526316,1.0,1.0,1.0,1
0.9459459459459459,1.0,1.0,1.0,1
0.7727272727272727,1.0,1.0,1.0,1
0.8571428571428572,1.0,1.0,1.0,1
0.95,1.0,1.0,1.0,1
0.3589743589743589,0.3106796116504854,0.0,1.0,0
0.7142857142857143,1.0,1.0,1.0,1
0.967741935483871,1.0,1.0,1.0,1
0.8181818181818181,1.0,1.0,1.0,1
0.30434782608695654,0.3362831858407079,0.0,0.5154639175257731,0
0.9565217391304348,1.0,1.0,1.0,1
0.7222222222222221,1.0,1.0,1.0,1
0.2564102564102564,0.27956989247311825,1.0,0.4,0
0.33898305084745756,0.2790697674418605,0.0,1.0,0
0.7894736842105263,1.0,1.0,1.0,1
0.2777777777777778,0.19999999999999996,0.0,1.0,0
0.7142857142857143,1.0,1.0,1.0,1
0.826086956521739,1.0,1.0,1.0,1
0.3076923076923077,0.3544303797468354,0.0,0.3597122302158273,0
0.3870967741935484,0.18947368421052635,0.0,0.14678899082568808,0
0.7727272727272727,1.0,1.0,1.0,1
0.3783783783783784,0.3076923076923077,0.0,0.25,0
0.8571428571428572,1.0,1.0,1.0,1
0.29166666666666663,0.3603603603603604,0.0,1.0,0
0.9491525423728814,1.0,1.0,1.0,1
0.8076923076923077,1.0,1.0,1.0,1
0.2777777777777778,0.2816901408450704,1.0,0.14678899082568808,0
0.2666666666666667,0.26315789473684215,0.0,0.24137931034482762,0
0.3098591549295775,0.3035714285714286,0.0,0.3941605839416058,0
0.4,0.3157894736842105,1.0,0.42105263157894735,0
0.75,1.0,1.0,1.0,1
0.9111111111111111,0.0,1.0,1.0,1
0.30188679245283023,0.35,0.0,0.2545454545454545,0
0.9714285714285714,1.0,1.0,1.0,1
0.6122448979591837,0.39344262295081966,1.0,1.0,0
0.782608695652174,1.0,1.0,1.0,1
0.9696969696969697,1.0,1.0,1.0,1
0.8181818181818181,1.0,1.0,1.0,1
0.2941176470588235,0.24390243902439024,0.0,0.25,0
0.30000000000000004,0.33333333333333337,0.0,0.3597122302158273,0
0.8333333333333335,1.0,1.0,1.0,1
0.6,1.0,1.0,1.0,1
0.4444444444444444,0.21568627450980393,0.0,0.2545454545454545,0
0.7777777777777779,1.0,1.0,1.0,1
0.8333333333333335,1.0,1.0,1.0,1
0.6190476190476191,1.0,1.0,1.0,1
0.32558139534883723,0.21978021978021978,0.0,0.5714285714285714,0
0.972972972972973,1.0,1.0,1.0,1
0.36363636363636365,0.30645161290322576,0.0,0.31746031746031744,0
0.8787878787878788,1.0,1.0,1.0,1
0.2702702702702703,0.35,0.0,1.0,0
0.29333333333333333,0.2571428571428571,0.0,0.4,0
0.20512820512820518,0.25742574257425743,0.0,0.41333333333333333,0
0.9696969696969697,1.0,1.0,1.0,1
0.2666666666666667,0.32558139534883723,0.0,0.25,0
0.875,1.0,1.0,1.0,1
0.39130434782608686,0.33333333333333337,0.0,0.48,0
0.962962962962963,1.0,1.0,1.0,1
0.972972972972973,1.0,1.0,1.0,1
0.303030303030303,0.3414634146341463,0.0,0.34285714285714286,0
0.7916666666666665,1.0,1.0,1.0,1
0.45833333333333337,0.2857142857142857,0.0,0.2545454545454545,0
0.33333333333333337,0.2962962962962963,0.0,1.0,0
0.25,0.06521739130434778,0.0,0.20895522388059706,0
0.4615384615384615,0.29032258064516125,0.0,0.30508474576271183,0
0.9565217391304348,1.0,1.0,1.0,1
0.36363636363636365,0.3703703703703704,1.0,0.14678899082568808,0
0.29268292682926833,0.3783783783783784,1.0,0.23333333333333328,0
0.2857142857142857,0.33684210526315794,0.0,0.14678899082568808,0
0.2727272727272727,0.3529411764705882,0.0,1.0,0
0.23529411764705888,0.31818181818181823,0.0,0.5454545454545454,0
0.8461538461538461,1.0,1.0,1.0,1
0.8461538461538461,1.0,1.0,1.0,1
0.8974358974358975,1.0,1.0,1.0,1
0.7837837837837838,1.0,1.0,1.0,1
0.26086956521739135,0.23809523809523814,0.0,0.14678899082568808,0
0.5217391304347826,0.3448275862068966,0.0,1.0,0
0.4516129032258065,0.31775700934579443,0.0,0.45569620253164556,0
0.25531914893617025,0.34437086092715236,0.0,0.3597122302158273,0
0.814814814814815,1.0,1.0,1.0,1
0.9538461538461537,1.0,1.0,1.0,1
0.95,1.0,1.0,1.0,1
0.45833333333333337,0.3666666666666667,0.0,1.0,0
0.3555555555555555,0.3278688524590164,0.0,0.4,0
0.8666666666666667,1.0,1.0,1.0,1
0.2702702702702703,0.2978723404255319,0.0,0.4,0
0.7894736842105263,1.0,1.0,1.0,1
0.3214285714285714,0.3142857142857143,0.0,0.2222222222222222,0
0.962962962962963,1.0,1.0,1.0,1
0.23529411764705888,0.20512820512820518,0.0,0.30434782608695654,0
0.326530612244898,0.3703703703703704,0.0,1.0,0
0.36363636363636365,0.2479338842975206,0.0,0.25,0
0.36,0.38596491228070173,0.0,0.3793103448275862,0
0.972972972972973,1.0,1.0,1.0,1
0.1875,0.41509433962264153,0.0,0.3597122302158273,0
0.34285714285714286,0.31034482758620685,0.0,0.3597122302158273,0
0.8095238095238095,1.0,1.0,1.0,1
0.24561403508771928,0.2637362637362637,0.0,0.20895522388059706,0
0.21276595744680848,0.3513513513513513,0.0,0.3597122302158273,0
0.3076923076923077,0.3146067415730337,0.0,0.2545454545454545,0
0.9565217391304348,1.0,1.0,1.0,1
0.326530612244898,0.2272727272727273,0.0,0.48,0
0.2702702702702703,0.33333333333333337,0.0,0.3597122302158273,0
0.826086956521739,1.0,1.0,1.0,1
0.4,0.36065573770491793,0.0,0.3783783783783784,0
0.33333333333333337,0.21052631578947367,0.0,0.36363636363636365,0
0.6521739130434783,1.0,1.0,1.0,1
0.1875,0.23880597014925375,1.0,0.25,0
0.9508196721311475,1.0,1.0,1.0,1
0.8461538461538461,1.0,1.0,1.0,1
0.3555555555555555,0.28037383177570097,0.0,0.14814814814814814,0
0.8666666666666667,1.0,1.0,1.0,1
0.48275862068965514,0.2857142857142857,1.0,0.31746031746031744,0
0.9615384615384616,1.0,1.0,1.0,1
0.29850746268656714,0.30612244897959184,0.0,0.33333333333333337,0
0.34285714285714286,0.2702702702702703,0.0,0.48,0
0.962962962962963,1.0,1.0,1.0,1
0.9767441860465115,1.0,1.0,1.0,1
0.2692307692307693,0.09375,0.0,0.14678899082568808,0
0.8333333333333335,1.0,1.0,1.0,1
0.4666666666666666,0.3458646616541353,0.0,0.2545454545454545,0
0.47457627118644063,0.3624161073825503,0.0,0.5154639175257731,0
0.3111111111111111,0.27184466019417475,0.0,0.2545454545454545,0
0.8888888888888888,1.0,1.0,1.0,1
0.25,0.33333333333333337,0.0,0.36363636363636365,0
0.22857142857142854,0.3090909090909091,0.0,0.48,0
0.2857142857142857,0.43333333333333335,0.0,0.5154639175257731,0
0.4375,0.26890756302521013,0.0,1.0,0
0.33333333333333337,0.36363636363636365,0.0,0.20895522388059706,0
0.23255813953488372,0.28125,0.0,0.2545454545454545,0
0.8857142857142857,1.0,1.0,1.0,1
0.8,1.0,1.0,1.0,1
0.9743589743589743,1.0,1.0,1.0,1
0.7894736842105263,1.0,1.0,1.0,1
0.96,1.0,1.0,1.0,1
0.2962962962962963,0.2727272727272727,0.0,1.0,0
0.9583333333333335,1.0,1.0,1.0,1
0.3111111111111111,0.24242424242424243,0.0,1.0,0
0.3111111111111111,0.3728813559322034,0.0,0.24242424242424243,0
0.2857142857142857,0.33684210526315794,0.0,0.2857142857142857,0
0.32558139534883723,0.3296703296703297,1.0,1.0,0
0.95,1.0,1.0,1.0,1
0.2702702702702703,0.28,0.0,0.25,0
0.7894736842105263,1.0,1.0,1.0,1
0.8571428571428572,1.0,1.0,1.0,1
0.3214285714285714,0.31858407079646023,1.0,0.35820895522388063,0
0.8974358974358975,1.0,1.0,1.0,1
0.4,0.07407407407407407,0.0,0.3597122302158273,0
0.826086956521739,1.0,1.0,1.0,1
0.7647058823529411,1.0,1.0,1.0,1
0.2727272727272727,0.2857142857142857,0.0,0.4444444444444444,0
0.30000000000000004,0.3356643356643356,0.0,1.0,0
0.7419354838709676,1.0,1.0,1.0,1
0.3380281690140845,0.3472222222222222,0.0,1.0,0
0.34615384615384615,0.28205128205128205,1.0,1.0,0
0.95,1.0,1.0,1.0,1
0.24,0.25531914893617025,0.0,0.25,0
0.3137254901960784,0.1428571428571429,0.0,0.2545454545454545,0
0.8,1.0,1.0,1.0,1
0.29268292682926833,0.32558139534883723,0.0,1.0,0
0.326530612244898,0.34,0.0,0.3597122302158273,0
0.42105263157894735,0.23076923076923073,0.0,0.31746031746031744,0
0.962962962962963,1.0,1.0,1.0,1
0.8333333333333335,1.0,1.0,1.0,1
0.31746031746031744,0.375,0.0,0.43333333333333335,0
0.6,1.0,1.0,1.0,1
0.9473684210526316,1.0,1.0,1.0,1
0.972972972972973,1.0,1.0,1.0,1
0.5714285714285714,0.3076923076923077,0.0,1.0,0
0.7333333333333334,1.0,1.0,1.0,1
0.30508474576271183,0.3492063492063492,0.0,0.25,0
0.2622950819672131,0.2894736842105263,0.0,0.2545454545454545,0
0.4324324324324324,0.34951456310679613,0.0,1.0,0
0.7222222222222221,1.0,1.0,1.0,1
0.8823529411764706,1.0,1.0,1.0,1
0.8,1.0,1.0,1.0,1
0.814814814814815,1.0,1.0,1.0,1
0.8181818181818181,1.0,1.0,1.0,1
0.2666666666666667,0.3529411764705882,0.0,1.0,0
0.9473684210526316,1.0,1.0,1.0,1
0.27450980392156865,0.32432432432432434,0.0,0.23333333333333328,0
0.28125,0.2790697674418605,1.0,0.41379310344827597,0
0.7058823529411764,1.0,1.0,1.0,1
0.3076923076923077,0.2784810126582279,0.0,1.0,0
0.9615384615384616,1.0,1.0,1.0,1
0.9024390243902439,1.0,1.0,1.0,1
0.26315789473684215,0.3928571428571429,0.0,0.2545454545454545,0
0.4,0.3962264150943396,0.0,0.2857142857142857,0
0.8,1.0,1.0,1.0,1
0.962962962962963,1.0,1.0,1.0,1
0.25,0.30000000000000004,0.0,0.14678899082568808,0
0.25,0.1777777777777778,0.0,0.3783783783783784,0
0.19354838709677424,0.38636363636363635,0.0,1.0,0
0.15384615384615385,0.33333333333333337,0.0,0.22857142857142854,0
0.36923076923076925,0.24489795918367352,0.0,1.0,0
0.2272727272727273,0.3529411764705882,0.0,1.0,0
0.9387755102040817,1.0,1.0,1.0,1
0.303030303030303,0.375,0.0,0.3597122302158273,0
0.9333333333333332,1.0,1.0,1.0,1
0.7727272727272727,1.0,1.0,1.0,1
0.375,0.3896103896103897,0.0,0.48,0
0.8709677419354839,1.0,1.0,1.0,1
0.2564102564102564,0.3448275862068966,0.0,0.25,0
0.7619047619047619,1.0,1.0,1.0,1
0.9655172413793103,1.0,1.0,1.0,1
0.35,0.1875,1.0,0.2545454545454545,0
0.3661971830985915,0.34408602150537637,0.0,1.0,0
0.35,0.3380281690140845,0.0,0.3941605839416058,0
0.5306122448979591,0.19512195121951215,0.0,1.0,0
0.7916666666666665,1.0,1.0,1.0,1
0.7894736842105263,1.0,1.0,1.0,1
0.6428571428571428,1.0,1.0,1.0,1
0.8620689655172413,1.0,1.0,1.0,1
0.3529411764705882,0.30400000000000005,0.0,0.3597122302158273,0
0.7142857142857143,1.0,1.0,1.0,1
0.17021276595744683,0.3291139240506329,0.0,0.2545454545454545,0
0.7575757575757575,1.0,1.0,1.0,1
0.9333333333333332,1.0,1.0,1.0,1
0.9666666666666667,1.0,1.0,1.0,1
0.8,1.0,1.0,1.0,1
0.7894736842105263,1.0,1.0,1.0,1
0.3448275862068966,0.45238095238095233,0.0,0.3597122302158273,0
0.7894736842105263,1.0,1.0,1.0,1
0.31818181818181823,0.2962962962962963,0.0,0.41333333333333333,0
0.3448275862068966,0.3697478991596639,0.0,0.3941605839416058,0
0.4651162790697675,0.1643835616438356,0.0,1.0,0
0.7894736842105263,1.0,1.0,1.0,1
0.84,1.0,1.0,1.0,1
0.826086956521739,1.0,1.0,1.0,1
0.2564102564102564,0.3529411764705882,0.0,0.3783783783783784,0
0.7777777777777779,1.0,1.0,1.0,1
0.7241379310344827,1.0,1.0,1.0,1
0.4516129032258065,0.2571428571428571,0.0,0.25,0
0.9666666666666667,1.0,1.0,1.0,1
0.38095238095238093,0.368421052631579,0.0,1.0,0
0.1875,0.2666666666666667,0.0,0.25,0
0.26086956521739135,0.27956989247311825,0.0,0.3597122302158273,0
0.368421052631579,0.2857142857142857,0.0,1.0,0
0.3902439024390244,0.3577235772357723,0.0,0.48,0
0.6363636363636364,1.0,1.0,1.0,1
0.2962962962962963,0.3902439024390244,0.0,0.3597122302158273,0
0.24,0.3603603603603604,0.0,0.5454545454545454,0
0.8095238095238095,1.0,1.0,1.0,1
0.32258064516129037,0.3703703703703704,0.0,1.0,0
0.34782608695652173,0.2857142857142857,0.0,0.2941176470588235,0
0.2857142857142857,0.25,0.0,0.33333333333333337,0
0.3529411764705882,0.3537414965986394,0.0,0.22857142857142854,0
0.9333333333333332,1.0,1.0,1.0,1
0.9696969696969697,1.0,1.0,1.0,1
0.9285714285714286,1.0,1.0,1.0,1
0.9655172413793103,1.0,1.0,1.0,1
0.23529411764705888,0.2911392405063291,0.0,0.2545454545454545,0
0.32258064516129037,0.3529411764705882,0.0,0.14678899082568808,0
0.9454545454545454,1.0,1.0,1.0,1
0.3076923076923077,0.30927835051546393,0.0,0.3214285714285714,0
0.9666666666666667,1.0,1.0,1.0,1
0.9615384615384616,1.0,1.0,1.0,1
0.8,1.0,1.0,1.0,1
0.814814814814815,1.0,1.0,1.0,1
0.967741935483871,1.0,1.0,1.0,1
0.6363636363636364,1.0,1.0,1.0,1
0.26315789473684215,0.31999999999999995,0.0,0.14678899082568808,0
0.8076923076923077,1.0,1.0,1.0,1
0.84375,1.0,1.0,1.0,1
0.8620689655172413,1.0,1.0,1.0,1
0.5,0.3058823529411765,0.0,0.23076923076923073,0
0.9285714285714286,1.0,1.0,1.0,1
0.39130434782608686,0.2647058823529411,0.0,0.3597122302158273,0
0.8787878787878788,1.0,1.0,1.0,1
0.6923076923076923,1.0,1.0,1.0,1
0.8,1.0,1.0,1.0,1
0.375,0.21176470588235297,0.0,0.14678899082568808,0
0.2978723404255319,0.3207547169811321,1.0,0.4675324675324676,0
0.923076923076923,1.0,1.0,1.0,1
0.84,1.0,1.0,1.0,1
0.26086956521739135,0.32758620689655177,0.0,0.33333333333333337,0
0.75,1.0,1.0,1.0,1
0.8518518518518519,1.0,1.0,1.0,1
0.368421052631579,0.22784810126582278,0.0,0.2545454545454545,0
0.33333333333333337,0.28205128205128205,0.0,0.25,0
0.9361702127659575,1.0,1.0,1.0,1
0.3384615384615385,0.30000000000000004,0.0,0.25,0
0.38095238095238093,0.33333333333333337,0.0,0.2702702702702703,0
0.46808510638297873,0.2954545454545454,0.0,0.23333333333333328,0
0.4705882352941176,0.3023255813953488,0.0,1.0,0
0.4117647058823529,0.30612244897959184,0.0,0.2222222222222222,0
0.8181818181818181,1.0,1.0,1.0,1
0.967741935483871,1.0,1.0,1.0,1
0.9565217391304348,1.0,1.0,1.0,1
0.3111111111111111,0.23809523809523814,0.0,0.31746031746031744,0
0.8,1.0,1.0,1.0,1
0.35,0.3294117647058824,0.0,0.22857142857142854,0
0.8333333333333335,1.0,1.0,1.0,1
0.32432432432432434,0.3137254901960784,0.0,0.45569620253164556,0
0.95,1.0,1.0,1.0,1
0.2909090909090909,0.3278688524590164,0.0,0.41333333333333333,0
0.8461538461538461,1.0,1.0,1.0,1
0.32258064516129037,0.3188405797101449,0.0,0.2222222222222222,0
0.9565217391304348,1.0,1.0,1.0,1
0.375,0.25,0.0,0.14678899082568808,0
0.8076923076923077,1.0,1.0,1.0,1
0.9642857142857143,1.0,1.0,1.0,1
0.4,0.345679012345679,1.0,0.4545454545454546,0
0.4375,0.3116883116883117,0.0,0.3941605839416058,0
0.368421052631579,0.3571428571428571,0.0,0.3597122302158273,0
0.96,1.0,1.0,1.0,1
0.32727272727272727,0.18461538461538463,0.0,0.14678899082568808,0
0.8333333333333335,1.0,1.0,1.0,1
0.4,0.36496350364963503,0.0,0.42666666666666664,0
0.30188679245283023,0.36363636363636365,0.0,0.4444444444444444,0
0.7894736842105263,1.0,1.0,1.0,1
0.3448275862068966,0.32692307692307687,1.0,0.2545454545454545,0
0.8518518518518519,1.0,1.0,1.0,1
0.75,1.0,1.0,1.0,1
0.3703703703703704,0.33870967741935487,0.0,0.3597122302158273,0
0.8076923076923077,1.0,1.0,1.0,1
0.3548387096774194,0.25742574257425743,0.0,0.4,0
0.9583333333333335,1.0,1.0,1.0,1
0.2622950819672131,0.3294117647058824,0.0,0.48,0
0.29268292682926833,0.33009708737864074,0.0,0.2222222222222222,0
0.9565217391304348,1.0,1.0,1.0,1
0.8431372549019608,1.0,1.0,1.0,1
0.9024390243902439,1.0,1.0,1.0,1
0.75,1.0,1.0,1.0,1
0.33333333333333337,0.29032258064516125,0.0,1.0,0
0.4666666666666666,0.3023255813953488,0.0,0.14678899082568808,0
0.8,1.0,1.0,1.0,1
0.3448275862068966,0.30000000000000004,0.0,0.2545454545454545,0
0.8461538461538461,1.0,1.0,1.0,1
0.2702702702702703,0.36220472440944884,1.0,0.23076923076923073,0
0.8809523809523809,1.0,1.0,1.0,1
0.8787878787878788,1.0,1.0,1.0,1
0.28985507246376807,0.29850746268656714,0.0,0.36923076923076925,0
0.7727272727272727,1.0,1.0,1.0,1
0.9,1.0,1.0,1.0,1
0.826086956521739,1.0,1.0,1.0,1
0.9565217391304348,1.0,1.0,1.0,1
0.4390243902439024,0.20952380952380956,0.0,0.25,0
0.8461538461538461,1.0,1.0,1.0,1
0.2807017543859649,0.4,0.0,0.3278688524590164,0
0.9743589743589743,1.0,1.0,1.0,1
0.7647058823529411,1.0,1.0,1.0,1
0.6,1.0,1.0,1.0,1
0.8181818181818181,1.0,1.0,1.0,1
0.8571428571428572,1.0,1.0,1.0,1
0.3508771929824561,0.33333333333333337,1.0,0.2222222222222222,0
0.29166666666666663,0.30434782608695654,0.0,0.3783783783783784,0
0.31999999999999995,0.1707317073170732,0.0,1.0,0
0.9523809523809522,1.0,1.0,1.0,1
0.4117647058823529,0.2727272727272727,1.0,0.14814814814814814,0
0.30434782608695654,0.3055555555555556,0.0,0.36923076923076925,0
0.4736842105263158,0.41666666666666663,0.0,1.0,0
0.23529411764705888,0.2696629213483146,0.0,0.3783783783783784,0
0.43137254901960786,0.48275862068965514,0.0,0.25,0
0.9743589743589743,1.0,1.0,1.0,1
0.84,1.0,1.0,1.0,1
0.25,0.273972602739726,0.0,0.14678899082568808,0
0.36363636363636365,0.0,0.0,0.2264150943396226,0
0.19354838709677424,0.24561403508771928,0.0,0.34285714285714286,0
0.8666666666666667,1.0,1.0,1.0,1
0.19999999999999996,0.29850746268656714,0.0,0.3941605839416058,0
0.43478260869565216,0.2692307692307693,0.0,0.3597122302158273,0
0.96,1.0,1.0,1.0,1
0.736842105263158,1.0,1.0,1.0,1
0.4,0.4117647058823529,0.0,0.3278688524590164,0
0.2666666666666667,0.2790697674418605,0.0,0.31746031746031744,0
0.7894736842105263,1.0,1.0,1.0,1
0.23529411764705888,0.2990654205607477,0.0,0.4545454545454546,0
0.8857142857142857,1.0,1.0,1.0,1
0.36363636363636365,0.34408602150537637,0.0,1.0,0
0.7777777777777779,1.0,1.0,1.0,1
0.7419354838709676,1.0,1.0,1.0,1
0.3846153846153846,0.4642857142857143,0.0,0.31746031746031744,0
0.29166666666666663,0.22680412371134018,0.0,0.4444444444444444,0
0.8,1.0,1.0,1.0,1
0.32432432432432434,0.24489795918367352,0.0,0.2545454545454545,0
0.826086956521739,1.0,1.0,1.0,1
0.36363636363636365,0.345679012345679,0.0,0.2222222222222222,0
0.43999999999999995,0.35051546391752575,0.0,0.36923076923076925,0
0.736842105263158,1.0,1.0,1.0,1
0.36363636363636365,0.2592592592592593,0.0,1.0,0
0.9285714285714286,1.0,1.0,1.0,1
0.31818181818181823,0.3291139240506329,0.0,0.3783783783783784,0
0.9696969696969697,1.0,1.0,1.0,1
0.4117647058823529,0.32558139534883723,0.0,0.24137931034482762,0
0.7037037037037037,1.0,1.0,1.0,1
0.4285714285714286,0.31999999999999995,1.0,1.0,0
0.32558139534883723,0.32432432432432434,0.0,0.45569620253164556,0
0.8,1.0,1.0,1.0,1
0.9444444444444444,1.0,1.0,1.0,1
0.8,1.0,1.0,1.0,1
0.826086956521739,1.0,1.0,1.0,1
0.30000000000000004,0.3076923076923077,0.0,0.20895522388059706,0
0.32558139534883723,0.3768115942028986,0.0,0.35820895522388063,0
0.6190476190476191,1.0,1.0,1.0,1
0.8461538461538461,1.0,1.0,1.0,1
0.17142857142857137,0.430379746835443,0.0,0.30434782608695654,0
0.736842105263158,1.0,1.0,1.0,1
0.813953488372093,1.0,1.0,1.0,1
0.7894736842105263,1.0,1.0,1.0,1
0.826086956521739,1.0,1.0,1.0,1
0.7619047619047619,1.0,1.0,1.0,1
0.25,0.3855421686746988,0.0,0.25,0
0.6521739130434783,1.0,1.0,1.0,1
0.84375,1.0,1.0,1.0,1
0.31818181818181823,0.34408602150537637,0.0,0.25,0
0.814814814814815,1.0,1.0,1.0,1
0.24242424242424243,0.32352941176470584,0.0,0.2545454545454545,0
0.8076923076923077,1.0,1.0,1.0,1
0.8275862068965517,1.0,1.0,1.0,1
0.8461538461538461,1.0,1.0,1.0,1
0.16000000000000003,0.3157894736842105,0.0,0.34285714285714286,0
0.33333333333333337,0.34615384615384615,0.0,0.25,0
0.2857142857142857,0.30379746835443033,0.0,0.5154639175257731,0
0.8333333333333335,1.0,1.0,1.0,1
0.9545454545454546,1.0,1.0,1.0,1
0.3076923076923077,0.41290322580645167,0.0,1.0,0
0.9655172413793103,1.0,1.0,1.0,1
0.7894736842105263,1.0,1.0,1.0,1
0.8,1.0,1.0,1.0,1
0.41379310344827597,0.1875,0.0,0.2545454545454545,0
0.24390243902439024,0.2142857142857143,0.0,0.4444444444444444,0
0.7222222222222221,1.0,1.0,1.0,1
0.962962962962963,1.0,1.0,1.0,1
0.8620689655172413,1.0,1.0,1.0,1
0.3111111111111111,0.3220338983050848,0.0,0.24242424242424243,0
0.804878048780488,1.0,1.0,1.0,1
0.8275862068965517,1.0,1.0,1.0,1
0.9375,1.0,1.0,1.0,1
0.32098765432098764,0.4651162790697675,0.0,1.0,0
0.7142857142857143,1.0,1.0,1.0,1
0.84,1.0,1.0,1.0,1
0.22580645161290325,0.26315789473684215,0.0,0.45569620253164556,0
0.368421052631579,0.3132530120481928,1.0,1.0,0
0.25531914893617025,0.2962962962962963,0.0,0.3783783783783784,0
0.3157894736842105,0.22857142857142854,1.0,0.4761904761904761,0
0.2978723404255319,0.25316455696202533,0.0,0.4761904761904761,0
0.31999999999999995,0.0,1.0,0.4761904761904761,0
0.24390243902439024,0.30400000000000005,0.0,1.0,0
0.9655172413793103,1.0,1.0,1.0,1
0.8709677419354839,1.0,1.0,1.0,1
0.303030303030303,0.26771653543307083,0.0,0.25,0
0.3555555555555555,0.2828282828282829,0.0,0.4444444444444444,0
0.6363636363636364,1.0,1.0,1.0,1
0.32432432432432434,0.25,1.0,1.0,0
0.2702702702702703,0.2912621359223301,0.0,0.3783783783783784,0
0.8,1.0,1.0,1.0,1
0.9433962264150944,1.0,1.0,1.0,1
0.8837209302325582,1.0,1.0,1.0,1
0.26415094339622647,0.25,0.0,0.31746031746031744,0
0.2941176470588235,0.3893805309734514,0.0,0.33333333333333337,0
0.7333333333333334,1.0,1.0,1.0,1
0.24561403508771928,0.3220338983050848,1.0,0.35820895522388063,0
0.3076923076923077,0.27083333333333337,0.0,0.3214285714285714,0
0.8,1.0,1.0,1.0,1
0.2727272727272727,0.3496503496503497,0.0,0.3125,0
0.8333333333333335,1.0,1.0,1.0,1
0.3666666666666667,0.23076923076923073,0.0,0.36363636363636365,0
0.4,0.28,0.0,0.38235294117647056,0
0.8620689655172413,1.0,1.0,1.0,1
0.8648648648648648,1.0,1.0,1.0,1
0.2777777777777778,0.345679012345679,0.0,0.14814814814814814,0
0.7222222222222221,1.0,1.0,1.0,1
0.2142857142857143,0.34328358208955223,0.0,0.22857142857142854,0
0.962962962962963,1.0,1.0,1.0,1
0.7222222222222221,1.0,1.0,1.0,1
0.33333333333333337,0.2945736434108527,0.0,0.36363636363636365,0
0.4375,0.3058823529411765,0.0,0.14678899082568808,0
0.9090909090909091,1.0,1.0,1.0,1
0.33333333333333337,0.27350427350427353,0.0,0.2545454545454545,0
0.2727272727272727,0.3157894736842105,0.0,1.0,0
0.962962962962963,1.0,1.0,1.0,1
0.2702702702702703,0.33766233766233766,0.0,0.35820895522388063,0
0.27692307692307694,0.3305785123966942,0.0,0.4444444444444444,0
0.24390243902439024,0.24,0.0,0.45569620253164556,0
0.23076923076923073,0.2823529411764706,0.0,0.34285714285714286,0
0.9047619047619048,1.0,1.0,1.0,1
0.32727272727272727,0.32478632478632474,0.0,0.3597122302158273,0
0.2857142857142857,0.35,0.0,0.25,0
0.9333333333333332,1.0,1.0,1.0,1
0.8936170212765957,1.0,1.0,1.0,1
0.3125,0.24242424242424243,0.0,0.2545454545454545,0
0.6521739130434783,1.0,1.0,1.0,1
0.9545454545454546,1.0,1.0,1.0,1
0.2790697674418605,0.2682926829268293,0.0,0.33333333333333337,0
0.32432432432432434,0.20779220779220775,0.0,0.14678899082568808,0
0.9473684210526316,1.0,1.0,1.0,1
0.2068965517241379,0.30434782608695654,0.0,0.35820895522388063,0
0.1333333333333333,0.30107526881720426,0.0,1.0,0
0.9565217391304348,1.0,1.0,1.0,1
0.3921568627450981,0.2702702702702703,1.0,0.3597122302158273,0
0.2857142857142857,0.2857142857142857,0.0,0.25,0
0.9333333333333332,0.0,1.0,1.0,1
0.45070422535211263,0.2857142857142857,0.0,0.4242424242424242,0
0.3589743589743589,0.303030303030303,0.0,0.3597122302158273,0
0.9411764705882352,1.0,1.0,1.0,1
0.9310344827586207,1.0,1.0,1.0,1
0.23376623376623373,0.0,1.0,0.2222222222222222,0
0.5294117647058824,1.0,1.0,1.0,1
0.31999999999999995,0.3191489361702128,0.0,1.0,0
0.4363636363636364,0.34883720930232553,0.0,0.2545454545454545,0
0.33333333333333337,0.25,0.0,1.0,0
0.2790697674418605,0.3464566929133859,1.0,0.25,0
0.9552238805970148,1.0,1.0,1.0,1
0.2692307692307693,0.2272727272727273,0.0,0.14678899082568808,0
0.27586206896551724,0.20512820512820518,0.0,0.2545454545454545,0
0.375,0.20833333333333337,0.0,0.2545454545454545,0
0.3448275862068966,0.16666666666666663,0.0,0.4545454545454546,0
0.34285714285714286,0.3207547169811321,0.0,1.0,0
0.8,1.0,1.0,1.0,1
0.31999999999999995,0.4444444444444444,0.0,1.0,0
0.32258064516129037,0.2650602409638554,0.0,0.48,0
0.5833333333333333,1.0,1.0,1.0,1
0.24390243902439024,0.4242424242424242,0.0,0.3783783783783784,0
0.23076923076923073,0.3544303797468354,0.0,0.2857142857142857,0
0.5714285714285714,0.3013698630136986,0.0,0.41666666666666663,0
0.36363636363636365,0.3125,1.0,0.41666666666666663,0
0.41860465116279066,0.3076923076923077,0.0,0.3597122302158273,0
0.8888888888888888,1.0,1.0,1.0,1
0.32432432432432434,0.22916666666666663,0.0,0.33333333333333337,0
0.33333333333333337,0.35185185185185186,0.0,1.0,0
0.7777777777777779,1.0,1.0,1.0,1
0.9285714285714286,1.0,1.0,1.0,1
0.3846153846153846,0.36144578313253023,0.0,0.3783783783783784,0
0.8181818181818181,1.0,1.0,1.0,1
0.375,0.2790697674418605,0.0,0.2545454545454545,0
0.84,1.0,1.0,1.0,1
0.9743589743589743,1.0,1.0,1.0,1
0.8333333333333335,1.0,1.0,1.0,1
0.30188679245283023,0.34693877551020413,0.0,1.0,0
0.33333333333333337,0.2947368421052632,0.0,0.4,0
0.9473684210526316,1.0,1.0,1.0,1
0.24390243902439024,0.31746031746031744,0.0,0.3597122302158273,0
0.6521739130434783,1.0,1.0,1.0,1
0.3125,0.34615384615384615,0.0,0.35820895522388063,0
0.7619047619047619,1.0,1.0,1.0,1
0.2807017543859649,0.34090909090909094,0.0,0.31746031746031744,0
0.2857142857142857,0.17543859649122806,0.0,1.0,0
0.9655172413793103,1.0,1.0,1.0,1
0.6521739130434783,1.0,1.0,1.0,1
0.962962962962963,1.0,1.0,1.0,1
0.8333333333333335,1.0,1.0,1.0,1
0.7916666666666665,1.0,1.0,1.0,1
0.33333333333333337,0.2857142857142857,0.0,0.2545454545454545,0
0.7419354838709676,1.0,1.0,1.0,1
0.7916666666666665,1.0,1.0,1.0,1
0.7647058823529411,0.0,1.0,1.0,1
0.29268292682926833,0.34951456310679613,0.0,0.3783783783783784,0
0.7894736842105263,1.0,1.0,1.0,1
0.2857142857142857,0.20408163265306123,0.0,0.31746031746031744,0
0.4285714285714286,0.2823529411764706,0.0,0.4,0
0.7619047619047619,1.0,1.0,1.0,1
0.19999999999999996,0.23655913978494625,0.0,0.14678899082568808,0
0.875,1.0,1.0,1.0,1
0.7777777777777779,1.0,1.0,1.0,1
0.8518518518518519,1.0,1.0,1.0,1
0.25,0.43999999999999995,0.0,0.41666666666666663,0
0.9696969696969697,1.0,1.0,1.0,1
0.3137254901960784,0.3106796116504854,0.0,0.35820895522388063,0
0.9696969696969697,1.0,1.0,1.0,1
0.41025641025641024,0.38636363636363635,0.0,1.0,0
0.33333333333333337,0.29702970297029707,0.0,0.48,0
0.75,1.0,1.0,1.0,1
0.21052631578947367,0.24096385542168675,0.0,1.0,0
0.26086956521739135,0.2962962962962963,0.0,0.41333333333333333,0
0.35,0.202247191011236,0.0,0.3597122302158273,0
0.2702702702702703,0.18867924528301885,0.0,1.0,0
0.4,0.3513513513513513,0.0,0.14678899082568808,0
0.9696969696969697,1.0,1.0,1.0,1
0.9714285714285714,1.0,1.0,1.0,1
0.84,1.0,1.0,1.0,1
0.33333333333333337,0.288135593220339,0.0,0.3597122302158273,0
0.4,0.36269430051813467,1.0,0.14678899082568808,0
0.75,1.0,1.0,1.0,1
0.7222222222222221,1.0,1.0,1.0,1
0.25,0.3538461538461538,0.0,0.2545454545454545,0
0.39130434782608686,0.21818181818181814,0.0,0.14678899082568808,0
0.2666666666666667,0.1842105263157895,0.0,0.25,0
0.8,1.0,1.0,1.0,1
0.7037037037037037,1.0,1.0,1.0,1
0.25,0.3380281690140845,0.0,1.0,0
0.44999999999999996,0.1917808219178082,0.0,0.5154639175257731,0
0.962962962962963,1.0,1.0,1.0,1
0.967741935483871,1.0,1.0,1.0,1
0.32558139534883723,0.4125,1.0,0.25,0
0.7777777777777779,1.0,1.0,1.0,1
0.8620689655172413,1.0,1.0,1.0,1
0.972972972972973,1.0,1.0,1.0,1
0.2702702702702703,0.26865671641791045,0.0,0.41333333333333333,0
0.923076923076923,1.0,1.0,1.0,1
0.96,1.0,1.0,1.0,1
0.32558139534883723,0.33684210526315794,0.0,0.14678899082568808,0
0.34285714285714286,0.29508196721311475,0.0,1.0,0
0.25,0.28148148148148144,0.0,0.3214285714285714,0
0.36363636363636365,0.3076923076923077,0.0,0.35820895522388063,0
0.34285714285714286,0.23776223776223782,0.0,0.45569620253164556,0
0.9647058823529412,1.0,1.0,1.0,1
0.6363636363636364,1.0,1.0,1.0,1
0.7727272727272727,1.0,1.0,1.0,1
0.4,0.2654867256637168,0.0,1.0,0
0.7222222222222221,1.0,1.0,1.0,1
0.33333333333333337,0.3384615384615385,0.0,1.0,0
0.8857142857142857,1.0,1.0,1.0,1
0.18181818181818177,0.30188679245283023,0.0,0.3597122302158273,0
0.7777777777777779,1.0,1.0,1.0,1
0.95,1.0,1.0,1.0,1
0.4,0.4057971014492754,0.0,1.0,0
0.34285714285714286,0.23333333333333328,0.0,0.29729729729729726,0
0.3076923076923077,0.23333333333333328,0.0,0.31746031746031744,0
0.30000000000000004,0.19999999999999996,0.0,0.25,0
0.375,0.2597402597402597,0.0,0.3597122302158273,0
0.4,0.17142857142857137,0.0,1.0,0
0.6521739130434783,1.0,1.0,1.0,1
0.875,1.0,1.0,1.0,1
0.2857142857142857,0.16666666666666663,0.0,1.0,0
0.9743589743589743,1.0,1.0,1.0,1
0.34285714285714286,0.273972602739726,0.0,0.25,0
0.8857142857142857,1.0,1.0,1.0,1
0.8095238095238095,1.0,1.0,1.0,1
0.9714285714285714,1.0,1.0,1.0,1
0.8095238095238095,1.0,1.0,1.0,1
0.962962962962963,1.0,1.0,1.0,1
0.41860465116279066,0.3414634146341463,0.0,0.24137931034482762,0
0.2727272727272727,0.3232323232323232,0.0,0.3783783783783784,0
0.8709677419354839,1.0,1.0,1.0,1
0.8620689655172413,1.0,1.0,1.0,1
0.9696969696969697,1.0,1.0,1.0,1
0.24242424242424243,0.2666666666666667,0.0,0.14678899082568808,0
0.2068965517241379,0.2666666666666667,0.0,0.23076923076923073,0
0.8333333333333335,1.0,1.0,1.0,1
0.27586206896551724,0.32098765432098764,0.0,0.3597122302158273,0
0.7948717948717949,1.0,1.0,1.0,1
0.29268292682926833,0.3392857142857143,0.0,1.0,0
0.3076923076923077,0.0,0.0,0.14678899082568808,0
0.7894736842105263,1.0,1.0,1.0,1
0.19999999999999996,0.16279069767441856,0.0,1.0,0
0.2162162162162162,0.33333333333333337,0.0,0.2545454545454545,0
0.3928571428571429,0.1333333333333333,0.0,0.34782608695652173,0
0.2857142857142857,0.31007751937984496,0.0,1.0,0
0.326530612244898,0.4,0.0,1.0,0
0.7241379310344827,1.0,1.0,1.0,1
0.3571428571428571,0.4032258064516129,1.0,0.4761904761904761,0
0.8518518518518519,1.0,1.0,1.0,1
0.962962962962963,1.0,1.0,1.0,1
0.8181818181818181,1.0,1.0,1.0,1
0.8518518518518519,1.0,1.0,1.0,1
0.2857142857142857,0.36363636363636365,0.0,0.5154639175257731,0
0.9333333333333332,1.0,1.0,1.0,1
0.3870967741935484,0.32258064516129037,0.0,0.2068965517241379,0
0.8095238095238095,1.0,1.0,1.0,1
0.3111111111111111,0.39130434782608686,0.0,0.22857142857142854,0
0.6153846153846154,1.0,1.0,1.0,1
0.8823529411764706,1.0,1.0,1.0,1
0.6521739130434783,1.0,1.0,1.0,1
0.3137254901960784,0.2954545454545454,0.0,0.2545454545454545,0
0.31999999999999995,0.2777777777777778,0.0,0.3597122302158273,0
0.8518518518518519,1.0,1.0,1.0,1
0.6666666666666667,1.0,1.0,1.0,1
0.2666666666666667,0.33333333333333337,0.0,0.33333333333333337,0
0.9666666666666667,1.0,1.0,1.0,1
0.8095238095238095,1.0,1.0,1.0,1
0.75,1.0,1.0,1.0,1
0.3157894736842105,0.3090909090909091,0.0,0.20895522388059706,0
0.3448275862068966,0.34,0.0,0.25,0
0.368421052631579,0.2535211267605634,0.0,1.0,0
0.2692307692307693,0.3529411764705882,0.0,0.2222222222222222,0
0.2727272727272727,0.35955056179775285,0.0,0.48,0
0.2790697674418605,0.25,0.0,1.0,0
0.8181818181818181,1.0,1.0,1.0,1
0.18181818181818177,0.2894736842105263,0.0,0.14678899082568808,0
0.5714285714285714,0.2978723404255319,0.0,0.2545454545454545,0
0.9523809523809522,1.0,1.0,1.0,1
0.9523809523809522,1.0,1.0,1.0,1
0.375,0.3448275862068966,0.0,0.34285714285714286,0
0.3870967741935484,0.28787878787878785,1.0,0.25,0
0.8095238095238095,1.0,1.0,1.0,1
0.962962962962963,1.0,1.0,1.0,1
0.2909090909090909,0.3458646616541353,0.0,0.25,0
0.9433962264150944,1.0,1.0,1.0,1
0.6521739130434783,1.0,1.0,1.0,1
0.2857142857142857,0.3564356435643564,0.0,1.0,0
0.9615384615384616,1.0,1.0,1.0,1
0.31999999999999995,0.406015037593985,1.0,0.5154639175257731,0
0.8461538461538461,1.0,1.0,1.0,1
0.32258064516129037,0.2777777777777778,0.0,0.14678899082568808,0
0.32432432432432434,0.49056603773584906,0.0,0.5154639175257731,0
0.7619047619047619,1.0,1.0,1.0,1
0.3529411764705882,0.32499999999999996,0.0,0.35820895522388063,0
0.9545454545454546,1.0,1.0,1.0,1
0.2941176470588235,0.3278688524590164,0.0,1.0,0
0.8666666666666667,1.0,1.0,1.0,1
0.34285714285714286,0.42307692307692313,0.0,1.0,0
0.32258064516129037,0.4,1.0,0.288135593220339,0
0.7619047619047619,1.0,1.0,1.0,1
0.21739130434782605,0.3065693430656934,0.0,1.0,0
0.9714285714285714,1.0,1.0,1.0,1
0.8214285714285714,1.0,1.0,1.0,1
0.28,0.3711340206185567,0.0,0.25,0
0.32432432432432434,0.25,0.0,0.48,0
0.2702702702702703,0.3448275862068966,0.0,0.31746031746031744,0
0.7894736842105263,1.0,1.0,1.0,1
0.3157894736842105,0.2857142857142857,0.0,0.2545454545454545,0
0.9047619047619048,1.0,1.0,1.0,1
0.9523809523809522,1.0,1.0,1.0,1
0.23529411764705888,0.27826086956521734,0.0,0.3597122302158273,0
0.3076923076923077,0.2666666666666667,0.0,0.25,0
0.923076923076923,1.0,1.0,1.0,1
0.3448275862068966,0.4040404040404041,0.0,0.3597122302158273,0
0.7647058823529411,1.0,1.0,1.0,1
0.2857142857142857,0.3302752293577982,0.0,0.14814814814814814,0
0.3125,0.4,0.0,0.33333333333333337,0
0.38095238095238093,0.3555555555555555,0.0,0.41666666666666663,0
0.7222222222222221,1.0,1.0,1.0,1
0.36363636363636365,0.3157894736842105,0.0,0.2545454545454545,0
0.8181818181818181,1.0,1.0,1.0,1
0.9473684210526316,1.0,1.0,1.0,1
0.8484848484848484,1.0,1.0,1.0,1
0.33333333333333337,0.38235294117647056,0.0,1.0,0
0.35,0.3302752293577982,0.0,0.2727272727272727,0
0.9411764705882352,1.0,1.0,1.0,1
0.42553191489361697,0.36170212765957444,0.0,0.43333333333333335,0
0.7333333333333334,1.0,1.0,1.0,1
0.2666666666666667,0.2650602409638554,0.0,1.0,0
0.33333333333333337,0.33333333333333337,0.0,0.25,0
0.8974358974358975,1.0,1.0,1.0,1
0.4242424242424242,0.33333333333333337,0.0,1.0,0
0.34615384615384615,0.4390243902439024,0.0,0.23076923076923073,0
0.24489795918367352,0.33333333333333337,0.0,1.0,0
0.40909090909090906,0.26190476190476186,0.0,1.0,0
0.7727272727272727,1.0,1.0,1.0,1
0.4,0.3125,0.0,0.41333333333333333,0
0.3076923076923077,0.2666666666666667,1.0,0.25,0
0.9166666666666665,1.0,1.0,1.0,1
0.32432432432432434,0.28205128205128205,0.0,0.3941605839416058,0
0.9777777777777777,1.0,1.0,1.0,1
0.42307692307692313,0.3137254901960784,0.0,0.14678899082568808,0
0.2857142857142857,0.3846153846153846,0.0,1.0,0
0.7777777777777779,1.0,1.0,1.0,1
0.3571428571428571,0.2622950819672131,0.0,0.5154639175257731,0
0.3125,0.3529411764705882,0.0,0.3597122302158273,0
0.967741935483871,1.0,1.0,1.0,1
0.7619047619047619,1.0,1.0,1.0,1
0.29268292682926833,0.34615384615384615,0.0,0.3214285714285714,0
0.32258064516129037,0.27184466019417475,0.0,0.24137931034482762,0
0.303030303030303,0.25,0.0,0.14814814814814814,0
0.3589743589743589,0.3063063063063063,0.0,1.0,0
0.18181818181818177,0.3728813559322034,0.0,0.2545454545454545,0
0.782608695652174,1.0,1.0,1.0,1
0.26086956521739135,0.44999999999999996,0.0,1.0,0
0.9142857142857143,1.0,1.0,1.0,1
0.8333333333333335,1.0,1.0,1.0,1
0.8461538461538461,1.0,1.0,1.0,1
0.23809523809523814,0.36363636363636365,0.0,1.0,0
0.962962962962963,1.0,1.0,1.0,1
0.31818181818181823,0.25,0.0,0.41333333333333333,0
0.9696969696969697,1.0,1.0,1.0,1
0.6521739130434783,1.0,1.0,1.0,1
0.8181818181818181,1.0,1.0,1.0,1
0.3157894736842105,0.36065573770491793,0.0,0.4761904761904761,0
0.24242424242424243,0.19047619047619047,0.0,0.3597122302158273,0
0.826086956521739,1.0,1.0,1.0,1
0.34042553191489366,0.34782608695652173,1.0,0.25,0
0.9714285714285714,1.0,1.0,1.0,1
0.2702702702702703,0.21276595744680848,0.0,1.0,0
0.24390243902439024,0.28985507246376807,0.0,0.48,0
0.84,1.0,1.0,1.0,1
0.3846153846153846,0.3076923076923077,0.0,0.25,0
0.2857142857142857,0.24242424242424243,0.0,0.3941605839416058,0
0.9743589743589743,1.0,1.0,1.0,1
0.8709677419354839,1.0,1.0,1.0,1
0.19047619047619047,0.3764705882352941,0.0,0.3597122302158273,0
0.75,1.0,1.0,1.0,1
0.8095238095238095,1.0,1.0,1.0,1
0.3529411764705882,0.33333333333333337,0.0,0.3783783783783784,0
0.18181818181818177,0.2909090909090909,0.0,1.0,0
0.8095238095238095,1.0,1.0,1.0,1
0.8214285714285714,1.0,1.0,1.0,1
0.36734693877551017,0.33684210526315794,0.0,0.14678899082568808,0
0.8571428571428572,1.0,1.0,1.0,1
0.7222222222222221,1.0,1.0,1.0,1
0.4,0.3846153846153846,1.0,0.20895522388059706,0
0.2727272727272727,0.23809523809523814,0.0,1.0,0
0.3076923076923077,0.28985507246376807,0.0,0.31746031746031744,0
0.37209302325581395,0.26315789473684215,0.0,0.14678899082568808,0
0.8333333333333335,1.0,1.0,1.0,1
0.3508771929824561,0.36,1.0,0.2857142857142857,0
0.1875,0.3013698630136986,0.0,0.42105263157894735,0
0.9565217391304348,1.0,1.0,1.0,1
0.26315789473684215,0.39534883720930236,0.0,0.25,0
0.3414634146341463,0.23655913978494625,0.0,0.3783783783783784,0
0.26315789473684215,0.3013698630136986,0.0,0.5154639175257731,0
0.3157894736842105,0.3302752293577982,0.0,0.3597122302158273,0
0.23076923076923073,0.27956989247311825,0.0,0.36923076923076925,0
0.736842105263158,1.0,1.0,1.0,1
0.9523809523809522,1.0,1.0,1.0,1
0.7333333333333334,1.0,1.0,1.0,1
0.38095238095238093,0.3305785123966942,0.0,0.30952380952380953,0
0.26315789473684215,0.4,0.0,0.3589743589743589,0
0.875,1.0,1.0,1.0,1
0.2222222222222222,0.3114754098360656,0.0,0.14678899082568808,0
0.826086956521739,1.0,1.0,1.0,1
0.2857142857142857,0.21276595744680848,0.0,0.48,0
0.2857142857142857,0.41379310344827597,0.0,0.4761904761904761,0
0.3076923076923077,0.31707317073170727,0.0,0.25,0
0.30000000000000004,0.2716049382716049,0.0,0.25,0
0.32432432432432434,0.2644628099173554,0.0,0.36363636363636365,0
0.21052631578947367,0.2990654205607477,0.0,0.3597122302158273,0
0.7333333333333334,1.0,1.0,1.0,1
0.9411764705882352,1.0,1.0,1.0,1
0.26086956521739135,0.2941176470588235,0.0,0.14678899082568808,0
0.5,1.0,1.0,1.0,1
0.9743589743589743,1.0,1.0,1.0,1
0.4390243902439024,0.3382352941176471,0.0,0.31746031746031744,0
0.36363636363636365,0.3120567375886525,1.0,0.20895522388059706,0
0.967741935483871,1.0,1.0,1.0,1
0.8333333333333335,1.0,1.0,1.0,1
0.45714285714285713,0.3058823529411765,0.0,0.33333333333333337,0
0.3448275862068966,0.21359223300970875,0.0,1.0,0
0.25,0.3013698630136986,0.0,0.25,0
0.967741935483871,1.0,1.0,1.0,1
0.7894736842105263,1.0,1.0,1.0,1
0.826086956521739,1.0,1.0,1.0,1
0.23076923076923073,0.32558139534883723,0.0,0.48,0
0.2622950819672131,0.3142857142857143,1.0,0.38095238095238093,0
0.9130434782608696,1.0,1.0,1.0,1
0.6923076923076923,1.0,1.0,1.0,1
0.4285714285714286,0.36190476190476195,0.0,0.25,0
0.29508196721311475,0.29268292682926833,0.0,0.35820895522388063,0
0.32432432432432434,0.23529411764705888,0.0,0.48,0
0.326530612244898,0.32258064516129037,0.0,0.31746031746031744,0
0.3157894736842105,0.31999999999999995,0.0,0.5154639175257731,0
0.84,1.0,1.0,1.0,1
0.8095238095238095,1.0,1.0,1.0,1
0.75,1.0,1.0,1.0,1
0.8095238095238095,1.0,1.0,1.0,1
0.3111111111111111,0.23880597014925375,0.0,0.23333333333333328,0
0.4642857142857143,0.28,0.0,0.2545454545454545,0
0.7142857142857143,1.0,1.0,1.0,1
0.9620253164556962,1.0,1.0,1.0,1
0.41025641025641024,0.29059829059829057,0.0,0.45569620253164556,0
0.9655172413793103,1.0,1.0,1.0,1
0.8,1.0,1.0,1.0,1
0.8214285714285714,1.0,1.0,1.0,1
0.9130434782608696,1.0,1.0,1.0,1
0.7894736842105263,1.0,1.0,1.0,1
0.3076923076923077,0.2857142857142857,0.0,1.0,0
0.9090909090909091,1.0,1.0,1.0,1
0.8181818181818181,1.0,1.0,1.0,1
0.41025641025641024,0.37735849056603776,1.0,0.14678899082568808,0
0.975609756097561,1.0,1.0,1.0,1
0.813953488372093,1.0,1.0,1.0,1
0.7619047619047619,1.0,1.0,1.0,1
0.782608695652174,1.0,1.0,1.0,1
0.2978723404255319,0.26415094339622647,0.0,0.2222222222222222,0
0.45714285714285713,0.3880597014925373,0.0,0.32258064516129037,0
0.7619047619047619,1.0,1.0,1.0,1
0.11111111111111116,0.2692307692307693,0.0,0.5714285714285714,0
0.814814814814815,1.0,1.0,1.0,1
0.29166666666666663,0.21212121212121215,0.0,0.45569620253164556,0
0.3414634146341463,0.3589743589743589,0.0,0.25,0
0.34666666666666673,0.3666666666666667,0.0,1.0,0
0.8181818181818181,1.0,1.0,1.0,1
0.29166666666666663,0.30612244897959184,0.0,1.0,0
0.2790697674418605,0.28888888888888886,0.0,0.35820895522388063,0
0.30000000000000004,0.368421052631579,0.0,0.4,0
0.3111111111111111,0.390625,0.0,0.31746031746031744,0
0.84,1.0,1.0,1.0,1
0.303030303030303,0.35789473684210527,0.0,0.48,0
0.972972972972973,1.0,1.0,1.0,1
0.84,1.0,1.0,1.0,1
0.33333333333333337,0.276595744680851,0.0,0.48,0
0.39130434782608686,0.34782608695652173,0.0,0.3597122302158273,0
0.9767441860465115,1.0,1.0,1.0,1
0.36734693877551017,0.3298969072164949,0.0,0.14814814814814814,0
0.4285714285714286,0.3307086614173228,0.0,0.2545454545454545,0
0.32432432432432434,0.2931034482758621,0.0,0.48,0
0.31818181818181823,0.29508196721311475,0.0,0.25,0
0.8518518518518519,1.0,1.0,1.0,1
0.8076923076923077,1.0,1.0,1.0,1
0.8181818181818181,1.0,1.0,1.0,1
0.8,1.0,1.0,1.0,1
0.9565217391304348,1.0,1.0,1.0,1
0.33333333333333337,0.34782608695652173,0.0,0.31746031746031744,0
0.9523809523809522,1.0,1.0,1.0,1
0.35,0.19417475728155342,0.0,0.25,0
0.43478260869565216,0.3370786516853933,0.0,0.25,0
0.303030303030303,0.36363636363636365,1.0,0.3589743589743589,0
0.2777777777777778,0.33870967741935487,0.0,0.14678899082568808,0
0.782608695652174,1.0,1.0,1.0,1
0.7619047619047619,1.0,1.0,1.0,1
0.3508771929824561,0.2222222222222222,0.0,1.0,0
0.8666666666666667,1.0,1.0,1.0,1
0.18181818181818177,0.3571428571428571,0.0,0.36363636363636365,0
0.2857142857142857,0.3687943262411347,0.0,0.31746031746031744,0
0.23255813953488372,0.5825242718446602,1.0,0.5154639175257731,0
0.17021276595744683,0.3850931677018633,1.0,0.3597122302158273,0
0.4242424242424242,0.3715846994535519,0.0,1.0,0
0.34042553191489366,0.3492063492063492,0.0,1.0,0
0.6363636363636364,1.0,1.0,1.0,1
0.8095238095238095,1.0,1.0,1.0,1
0.9655172413793103,1.0,1.0,1.0,1
0.3137254901960784,0.1578947368421053,0.0,0.22857142857142854,0
0.8095238095238095,1.0,1.0,1.0,1
0.6363636363636364,1.0,1.0,1.0,1
0.8571428571428572,1.0,1.0,1.0,1
0.368421052631579,0.33333333333333337,0.0,1.0,0
0.5789473684210527,1.0,1.0,1.0,1
0.33333333333333337,0.21052631578947367,0.0,0.32258064516129037,0
0.2962962962962963,0.2666666666666667,0.0,1.0,0
0.826086956521739,1.0,1.0,1.0,1
0.75,1.0,1.0,1.0,1
0.3278688524590164,0.32558139534883723,0.0,0.20895522388059706,0
0.6363636363636364,1.0,1.0,1.0,1
0.8333333333333335,1.0,1.0,1.0,1
0.30434782608695654,0.27692307692307694,1.0,1.0,0
0.48275862068965514,0.24742268041237114,0.0,0.35820895522388063,0
0.7241379310344827,1.0,1.0,1.0,1
0.826086956521739,1.0,1.0,1.0,1
0.3529411764705882,0.31666666666666665,0.0,0.25,0
0.11111111111111116,0.2545454545454545,0.0,0.25,0
0.25806451612903225,0.3898305084745763,0.0,0.3597122302158273,0
0.3764705882352941,0.31707317073170727,0.0,0.5154639175257731,0
0.33333333333333337,0.3661971830985915,0.0,0.34285714285714286,0
0.875,1.0,1.0,1.0,1
0.3214285714285714,0.3783783783783784,0.0,1.0,0
0.30188679245283023,0.4222222222222223,1.0,0.2545454545454545,0
0.9696969696969697,1.0,1.0,1.0,1
0.8095238095238095,1.0,1.0,1.0,1
0.84,1.0,1.0,1.0,1
0.3448275862068966,0.25,1.0,0.2545454545454545,0
0.9411764705882352,1.0,1.0,1.0,1
0.33333333333333337,0.35668789808917206,0.0,0.31746031746031744,0
0.8076923076923077,1.0,1.0,1.0,1
0.9367088607594937,1.0,1.0,1.0,1
0.8,1.0,1.0,1.0,1
0.3870967741935484,0.2857142857142857,0.0,0.31746031746031744,0
0.962962962962963,1.0,1.0,1.0,1
0.962962962962963,1.0,1.0,1.0,1
0.7647058823529411,1.0,1.0,1.0,1
0.3783783783783784,0.32894736842105265,0.0,0.4666666666666666,0
0.32258064516129037,0.4615384615384615,0.0,0.41666666666666663,0
0.3555555555555555,0.3302752293577982,0.0,0.14814814814814814,0
0.967741935483871,1.0,1.0,1.0,1
0.68,1.0,1.0,1.0,1
0.975609756097561,1.0,1.0,1.0,1
0.8333333333333335,1.0,1.0,1.0,1
0.8095238095238095,1.0,1.0,1.0,1
0.826086956521739,1.0,1.0,1.0,1
0.33333333333333337,0.33333333333333337,0.0,0.3597122302158273,0
0.38888888888888884,0.30379746835443033,0.0,0.3597122302158273,0
0.8461538461538461,1.0,1.0,1.0,1
0.2941176470588235,0.2666666666666667,0.0,0.4761904761904761,0
0.29268292682926833,0.2465753424657534,0.0,0.25,0
0.9473684210526316,1.0,1.0,1.0,1
0.9428571428571427,1.0,1.0,1.0,1
0.33333333333333337,0.3492063492063492,0.0,0.3125,0
0.3111111111111111,0.24242424242424243,0.0,0.34285714285714286,0
0.8888888888888888,1.0,1.0,1.0,1
0.38888888888888884,0.3055555555555556,0.0,0.3597122302158273,0
0.23076923076923073,0.3291139240506329,0.0,0.5154639175257731,0
0.8333333333333335,1.0,1.0,1.0,1
0.30188679245283023,0.25263157894736843,0.0,0.35820895522388063,0
0.25,0.33333333333333337,0.0,0.33333333333333337,0
0.736842105263158,1.0,1.0,1.0,1
0.33333333333333337,0.2831858407079646,0.0,0.48,0
0.8787878787878788,1.0,1.0,1.0,1
0.9523809523809522,1.0,1.0,1.0,1
0.8461538461538461,1.0,1.0,1.0,1
0.30000000000000004,0.34090909090909094,0.0,0.25,0
0.9696969696969697,1.0,1.0,1.0,1
0.6923076923076923,1.0,1.0,1.0,1
0.6923076923076923,1.0,1.0,1.0,1
0.6190476190476191,1.0,1.0,1.0,1
0.7647058823529411,1.0,1.0,1.0,1
0.9615384615384616,1.0,1.0,1.0,1
0.4,0.3529411764705882,0.0,0.33333333333333337,0
0.4516129032258065,0.32352941176470584,0.0,0.41666666666666663,0
0.3921568627450981,0.3157894736842105,0.0,0.34285714285714286,0
0.9615384615384616,1.0,1.0,1.0,1
0.8461538461538461,1.0,1.0,1.0,1
0.37209302325581395,0.3544303797468354,0.0,0.45569620253164556,0
0.9767441860465115,1.0,1.0,1.0,1
0.8181818181818181,1.0,1.0,1.0,1
0.875,1.0,1.0,1.0,1
0.45714285714285713,0.3939393939393939,0.0,0.288135593220339,0
0.84,1.0,1.0,1.0,1
0.8958333333333335,1.0,1.0,1.0,1
0.7419354838709676,1.0,1.0,1.0,1
0.68,1.0,1.0,1.0,1
0.967741935483871,1.0,1.0,1.0,1
0.9444444444444444,1.0,1.0,1.0,1
0.962962962962963,1.0,1.0,1.0,1
0.8918918918918919,1.0,1.0,1.0,1
0.34285714285714286,0.29166666666666663,0.0,0.36363636363636365,0
0.368421052631579,0.26530612244897955,0.0,0.2545454545454545,0
0.8620689655172413,1.0,1.0,1.0,1
0.7647058823529411,1.0,1.0,1.0,1
0.8709677419354839,1.0,1.0,1.0,1
0.6666666666666667,1.0,1.0,1.0,1
0.9473684210526316,1.0,1.0,1.0,1
0.33333333333333337,0.31746031746031744,0.0,0.23333333333333328,0
0.5,1.0,1.0,1.0,1
0.41666666666666663,0.41758241758241754,0.0,0.2545454545454545,0
0.9473684210526316,1.0,1.0,1.0,1
0.32558139534883723,0.2909090909090909,0.0,0.41333333333333333,0
0.1568627450980392,0.24137931034482762,0.0,0.2068965517241379,0
0.3137254901960784,0.24347826086956526,0.0,0.20895522388059706,0
0.25,0.28846153846153844,0.0,0.3783783783783784,0
0.32352941176470584,0.3529411764705882,0.0,0.4545454545454546,0
0.32558139534883723,0.3703703703703704,0.0,0.2545454545454545,0
0.7142857142857143,1.0,1.0,1.0,1
0.4242424242424242,0.26262626262626265,0.0,0.2545454545454545,0
0.33333333333333337,0.0,1.0,1.0,0
0.9545454545454546,1.0,1.0,1.0,1
0.7647058823529411,1.0,1.0,1.0,1
0.33898305084745756,0.33333333333333337,0.0,1.0,0
0.7222222222222221,1.0,1.0,1.0,1
0.38596491228070173,0.29702970297029707,0.0,1.0,0
0.2790697674418605,0.34545454545454546,0.0,0.25,0
0.36923076923076925,0.375,0.0,0.4444444444444444,0
0.33333333333333337,0.339622641509434,0.0,0.5714285714285714,0
0.9743589743589743,1.0,1.0,1.0,1
0.6521739130434783,1.0,1.0,1.0,1
0.68,1.0,1.0,1.0,1
0.8095238095238095,1.0,1.0,1.0,1
0.7619047619047619,1.0,1.0,1.0,1
0.3125,0.3666666666666667,0.0,0.3597122302158273,0
0.33333333333333337,0.36764705882352944,1.0,0.35820895522388063,0
0.3703703703703704,0.27118644067796616,0.0,0.3783783783783784,0
0.2702702702702703,0.3076923076923077,0.0,0.14678899082568808,0
0.25,0.07894736842105265,0.0,0.2465753424657534,0
0.8518518518518519,1.0,1.0,1.0,1
0.972972972972973,1.0,1.0,1.0,1
0.3111111111111111,0.2857142857142857,0.0,0.25,0
0.25,0.3278688524590164,0.0,0.25,0
0.9523809523809522,1.0,1.0,1.0,1
0.33333333333333337,0.3529411764705882,0.0,0.35820895522388063,0
0.896551724137931,1.0,1.0,1.0,1
0.8214285714285714,1.0,1.0,1.0,1
0.3589743589743589,0.34426229508196726,0.0,0.14678899082568808,0
0.7727272727272727,1.0,1.0,1.0,1
0.24390243902439024,0.4126984126984127,0.0,0.48,0
0.2592592592592593,0.2828282828282829,0.0,0.3597122302158273,0
0.3125,0.3661971830985915,0.0,0.4545454545454546,0
0.9473684210526316,1.0,1.0,1.0,1
0.2790697674418605,0.3653846153846154,0.0,0.4,0
0.8,1.0,1.0,1.0,1
0.23076923076923073,0.34090909090909094,0.0,1.0,0
0.8,1.0,1.0,1.0,1
0.2857142857142857,0.3508771929824561,0.0,0.2545454545454545,0
0.3157894736842105,0.2244897959183674,0.0,0.25,0
0.41860465116279066,0.2680412371134021,0.0,0.25,0
0.9,1.0,1.0,1.0,1
0.8571428571428572,1.0,1.0,1.0,1
0.33898305084745756,0.368421052631579,0.0,0.23333333333333328,0
0.27586206896551724,0.20588235294117652,0.0,1.0,0
0.23076923076923073,0.23255813953488372,0.0,0.36363636363636365,0
0.9189189189189189,1.0,1.0,1.0,1
0.8571428571428572,1.0,1.0,1.0,1
0.926829268292683,1.0,1.0,1.0,1
0.375,0.3768115942028986,0.0,0.2545454545454545,0
0.2941176470588235,0.25,0.0,0.33333333333333337,0
0.7777777777777779,1.0,1.0,1.0,1
0.31999999999999995,0.33333333333333337,0.0,0.35820895522388063,0
0.25806451612903225,0.16326530612244894,0.0,1.0,0
0.7241379310344827,1.0,1.0,1.0,1
0.32258064516129037,0.2702702702702703,0.0,0.25,0
0.2564102564102564,0.32499999999999996,0.0,1.0,0
0.9130434782608696,1.0,1.0,1.0,1
0.3902439024390244,0.33333333333333337,0.0,0.23529411764705888,0
0.2564102564102564,0.2644628099173554,1.0,0.3783783783783784,0
0.8095238095238095,1.0,1.0,1.0,1
0.4444444444444444,0.31999999999999995,0.0,0.3597122302158273,0
0.34782608695652173,0.4074074074074075,0.0,0.24137931034482762,0
0.19354838709677424,0.28260869565217395,0.0,0.32258064516129037,0
0.43478260869565216,0.09090909090909094,0.0,1.0,0
0.7894736842105263,1.0,1.0,1.0,1
0.5294117647058824,1.0,1.0,1.0,1
0.8709677419354839,1.0,1.0,1.0,1
0.1923076923076923,0.2647058823529411,0.0,0.23333333333333328,0
0.33333333333333337,0.3410852713178295,1.0,0.36923076923076925,0
0.08695652173913049,0.37623762376237624,0.0,0.35820895522388063,0
0.3529411764705882,0.4,0.0,0.4,0
0.33333333333333337,0.24778761061946908,0.0,0.2545454545454545,0
0.4,0.3689320388349514,0.0,0.3597122302158273,0
0.339622641509434,0.3191489361702128,0.0,1.0,0
0.35,0.32258064516129037,0.0,0.25,0
0.16666666666666663,0.21818181818181814,1.0,0.45569620253164556,0
0.37209302325581395,0.45977011494252873,0.0,0.25,0
0.24489795918367352,0.33587786259541985,0.0,0.3214285714285714,0
0.7575757575757575,1.0,1.0,1.0,1
0.7619047619047619,1.0,1.0,1.0,1
0.4117647058823529,0.3076923076923077,1.0,0.36363636363636365,0
0.2142857142857143,0.379746835443038,0.0,0.14814814814814814,0
0.3555555555555555,0.27184466019417475,0.0,1.0,0
0.3820224719101124,0.32258064516129037,0.0,0.25,0
0.36363636363636365,0.4299065420560748,0.0,0.25,0
0.36363636363636365,0.36170212765957444,0.0,0.3597122302158273,0
0.41860465116279066,0.34285714285714286,0.0,0.25,0
0.6976744186046511,0.34375,0.0,0.25,0
0.29166666666666663,0.3214285714285714,0.0,0.25,0
0.7241379310344827,1.0,1.0,1.0,1
0.3076923076923077,0.31707317073170727,0.0,0.25,0
0.7777777777777779,1.0,1.0,1.0,1
0.9545454545454546,1.0,1.0,1.0,1
0.7222222222222221,1.0,1.0,1.0,1
0.736842105263158,1.0,1.0,1.0,1
0.26086956521739135,0.34862385321100914,0.0,0.25,0
0.9743589743589743,1.0,1.0,1.0,1
0.3902439024390244,0.3561643835616438,0.0,0.36923076923076925,0
0.8333333333333335,1.0,1.0,1.0,1
0.3157894736842105,0.34285714285714286,0.0,0.36363636363636365,0
0.9148936170212765,1.0,1.0,1.0,1
0.6521739130434783,1.0,1.0,1.0,1
0.9743589743589743,1.0,1.0,1.0,1
0.975609756097561,1.0,1.0,1.0,1
0.3939393939393939,0.32835820895522383,0.0,0.36923076923076925,0
0.9545454545454546,1.0,1.0,1.0,1
0.29268292682926833,0.20895522388059706,0.0,0.2545454545454545,0
0.8620689655172413,1.0,1.0,1.0,1
0.31999999999999995,0.23529411764705888,0.0,0.3597122302158273,0
0.7647058823529411,1.0,1.0,1.0,1
0.31999999999999995,0.29032258064516125,0.0,0.23076923076923073,0
0.6521739130434783,1.0,1.0,1.0,1
0.32727272727272727,0.3157894736842105,0.0,0.25,0
0.06451612903225812,0.2962962962962963,0.0,1.0,0
0.23076923076923073,0.32432432432432434,1.0,1.0,0
0.33333333333333337,0.36111111111111116,0.0,0.2702702702702703,0
0.5,1.0,1.0,1.0,1
0.7037037037037037,1.0,1.0,1.0,1
0.8095238095238095,1.0,1.0,1.0,1
0.9565217391304348,1.0,1.0,1.0,1
0.68,1.0,1.0,1.0,1
0.75,1.0,1.0,1.0,1
0.35,0.3580246913580247,0.0,0.35820895522388063,0
0.6666666666666667,1.0,1.0,1.0,1
0.18181818181818177,0.2921348314606742,0.0,0.32258064516129037,0
0.8857142857142857,1.0,1.0,1.0,1
0.2790697674418605,0.2909090909090909,0.0,0.25,0
0.22857142857142854,0.29059829059829057,1.0,0.4,0
0.30434782608695654,0.303030303030303,0.0,0.41333333333333333,0
0.8571428571428572,1.0,1.0,1.0,1
0.7777777777777779,1.0,1.0,1.0,1
0.3125,0.2816901408450704,1.0,0.14678899082568808,0
0.32432432432432434,0.26086956521739135,0.0,0.25,0
0.8709677419354839,1.0,1.0,1.0,1
0.8333333333333335,1.0,1.0,1.0,1
0.68,1.0,1.0,1.0,1
0.19354838709677424,0.21052631578947367,0.0,1.0,0
0.7894736842105263,1.0,1.0,1.0,1
0.9565217391304348,1.0,1.0,1.0,1
0.7777777777777779,1.0,1.0,1.0,1
0.32432432432432434,0.25,0.0,0.25,0
0.8,1.0,1.0,1.0,1
0.9473684210526316,1.0,1.0,1.0,1
0.8333333333333335,1.0,1.0,1.0,1
0.7419354838709676,1.0,1.0,1.0,1
0.9375,1.0,1.0,1.0,1
0.9565217391304348,1.0,1.0,1.0,1
0.30000000000000004,0.3076923076923077,0.0,0.14678899082568808,0
0.736842105263158,1.0,1.0,1.0,1
0.2222222222222222,0.29268292682926833,0.0,0.3597122302158273,0
0.8275862068965517,1.0,1.0,1.0,1
0.29166666666666663,0.2857142857142857,0.0,0.25,0
0.6,1.0,1.0,1.0,1
0.8076923076923077,1.0,1.0,1.0,1
0.8333333333333335,1.0,1.0,1.0,1
0.2857142857142857,0.41891891891891897,1.0,0.4761904761904761,0
0.3589743589743589,0.3829787234042554,0.0,0.2857142857142857,0
0.4117647058823529,0.23880597014925375,0.0,0.20895522388059706,0
0.8333333333333335,1.0,1.0,1.0,1
0.2777777777777778,0.2678571428571429,0.0,0.48,0
0.24489795918367352,0.2990654205607477,0.0,1.0,0
0.9565217391304348,1.0,1.0,1.0,1
0.36363636363636365,0.2666666666666667,0.0,0.1333333333333333,0
0.84,1.0,1.0,1.0,1
0.2790697674418605,0.0,0.0,0.25,0
0.9459459459459459,1.0,1.0,1.0,1
0.28,0.17721518987341767,0.0,0.2545454545454545,0
0.23529411764705888,0.3548387096774194,1.0,1.0,0
0.27586206896551724,0.4842105263157894,0.0,0.19047619047619047,0
0.4444444444444444,0.33986928104575165,0.0,0.23333333333333328,0
0.9473684210526316,1.0,1.0,1.0,1
0.2666666666666667,0.3194444444444444,0.0,0.3597122302158273,0
0.25,0.36734693877551017,0.0,0.2545454545454545,0
0.26315789473684215,0.13793103448275867,1.0,0.14814814814814814,0
0.2666666666666667,0.26865671641791045,1.0,0.25,0
0.8214285714285714,1.0,1.0,1.0,1
0.9444444444444444,1.0,1.0,1.0,1
0.27586206896551724,0.3783783783783784,0.0,0.43333333333333335,0
0.25806451612903225,0.33333333333333337,0.0,0.14814814814814814,0
0.2857142857142857,0.31746031746031744,0.0,0.36363636363636365,0
0.826086956521739,1.0,1.0,1.0,1
0.2702702702702703,0.2068965517241379,0.0,1.0,0
0.68,0.0,1.0,1.0,1
0.8518518518518519,1.0,1.0,1.0,1
0.4242424242424242,0.2696629213483146,0.0,0.25,0
0.9642857142857143,1.0,1.0,1.0,1
0.8571428571428572,0.0,1.0,1.0,1
0.6666666666666667,1.0,1.0,1.0,1
0.84375,1.0,1.0,1.0,1
0.8,1.0,1.0,1.0,1
0.21052631578947367,0.26262626262626265,0.0,0.3597122302158273,0
0.33333333333333337,0.375,1.0,0.45569620253164556,0
0.43478260869565216,0.31999999999999995,0.0,0.42666666666666664,0
0.20512820512820518,0.3137254901960784,0.0,0.48,0
0.96,1.0,1.0,1.0,1
0.6923076923076923,1.0,1.0,1.0,1
0.7894736842105263,1.0,1.0,1.0,1
0.32558139534883723,0.26530612244897955,0.0,1.0,0
0.36363636363636365,0.3218390804597702,0.0,0.25,0
0.2727272727272727,0.3661971830985915,1.0,1.0,0
0.2666666666666667,0.33333333333333337,0.0,0.48,0
0.33333333333333337,0.46875,0.0,0.36363636363636365,0
0.23076923076923073,0.2682926829268293,0.0,0.25,0
0.84375,1.0,1.0,1.0,1
0.3125,0.3125,0.0,1.0,0
0.2857142857142857,0.3703703703703704,0.0,0.4,0
0.27586206896551724,0.3137254901960784,0.0,1.0,0
0.2727272727272727,0.36363636363636365,0.0,0.24137931034482762,0
0.8709677419354839,1.0,1.0,1.0,1
0.8571428571428572,1.0,1.0,1.0,1
0.18181818181818177,0.2777777777777778,0.0,0.4761904761904761,0
0.8913043478260869,1.0,1.0,1.0,1
0.9583333333333335,1.0,1.0,1.0,1
0.8461538461538461,1.0,1.0,1.0,1
0.41509433962264153,0.3571428571428571,0.0,1.0,0
0.26315789473684215,0.30379746835443033,0.0,0.48,0
0.6875,1.0,1.0,1.0,1
0.84,1.0,1.0,1.0,1
0.368421052631579,0.3728813559322034,1.0,0.24242424242424243,0
0.3571428571428571,0.3648648648648649,0.0,0.3597122302158273,0
0.6,1.0,1.0,1.0,1
0.19354838709677424,0.2063492063492064,0.0,0.25,0
0.9473684210526316,1.0,1.0,1.0,1
0.9411764705882352,1.0,1.0,1.0,1
0.30000000000000004,0.35185185185185186,0.0,0.3076923076923077,0
0.9333333333333332,1.0,1.0,1.0,1
0.736842105263158,1.0,1.0,1.0,1
0.2666666666666667,0.2947368421052632,0.0,0.48,0
0.7241379310344827,1.0,1.0,1.0,1
0.21052631578947367,0.3063063063063063,0.0,0.3597122302158273,0
0.8,1.0,1.0,1.0,1
0.8333333333333335,1.0,1.0,1.0,1
0.6666666666666667,1.0,1.0,1.0,1
0.3571428571428571,0.25,0.0,1.0,0
0.30000000000000004,0.26890756302521013,0.0,0.42666666666666664,0
0.4444444444444444,0.3294117647058824,0.0,0.2545454545454545,0
0.2978723404255319,0.23913043478260865,0.0,0.30434782608695654,0
0.38888888888888884,0.19672131147540983,0.0,0.33333333333333337,0
0.6666666666666667,1.0,1.0,1.0,1
0.3157894736842105,0.303030303030303,0.0,0.3597122302158273,0
0.46875,0.2828282828282829,1.0,0.43333333333333335,0
0.972972972972973,1.0,1.0,1.0,1
0.6923076923076923,1.0,1.0,1.0,1
0.9444444444444444,1.0,1.0,1.0,1
0.8,1.0,1.0,1.0,1
0.2727272727272727,0.3035714285714286,0.0,0.3278688524590164,0
0.2777777777777778,0.3661971830985915,0.0,0.4545454545454546,0
0.36363636363636365,0.23404255319148937,0.0,1.0,0
0.8076923076923077,1.0,1.0,1.0,1
0.9285714285714286,1.0,1.0,1.0,1
0.96,1.0,1.0,1.0,1
0.826086956521739,1.0,1.0,1.0,1
0.32258064516129037,0.34042553191489366,0.0,0.24137931034482762,0
0.962962962962963,1.0,1.0,1.0,1
0.9302325581395349,1.0,1.0,1.0,1
0.4285714285714286,0.33898305084745756,0.0,0.24242424242424243,0
0.2666666666666667,0.22857142857142854,0.0,0.2222222222222222,0
0.25,0.25742574257425743,0.0,0.35820895522388063,0
0.9696969696969697,1.0,1.0,1.0,1
0.7837837837837838,0.0,1.0,1.0,1
0.3783783783783784,0.31818181818181823,0.0,0.48,0
0.27586206896551724,0.30952380952380953,0.0,0.25,0
0.7916666666666665,1.0,1.0,1.0,1
0.2857142857142857,0.30434782608695654,1.0,0.14814814814814814,0
0.42553191489361697,0.31858407079646023,0.0,0.4383561643835616,0
0.8461538461538461,1.0,1.0,1.0,1
0.6190476190476191,1.0,1.0,1.0,1
0.21052631578947367,0.25316455696202533,0.0,0.36923076923076925,0
0.8823529411764706,1.0,1.0,1.0,1
0.923076923076923,1.0,1.0,1.0,1
0.2857142857142857,0.25,0.0,0.23333333333333328,0
0.5405405405405406,0.2471910112359551,0.0,1.0,0
0.7058823529411764,1.0,1.0,1.0,1
0.303030303030303,0.3384615384615385,0.0,1.0,0
0.38888888888888884,0.34090909090909094,0.0,0.33333333333333337,0
0.19047619047619047,0.34782608695652173,0.0,0.41666666666666663,0
0.3870967741935484,0.29729729729729726,0.0,0.3597122302158273,0
0.9473684210526316,1.0,1.0,1.0,1
0.6875,1.0,1.0,1.0,1
0.2941176470588235,0.27586206896551724,0.0,0.25,0
0.41025641025641024,0.0,0.0,0.14678899082568808,0
0.4,0.3287671232876712,0.0,0.38095238095238093,0
0.6190476190476191,1.0,1.0,1.0,1
0.3783783783783784,0.2912621359223301,0.0,0.4444444444444444,0
0.9302325581395349,1.0,1.0,1.0,1
0.9473684210526316,1.0,1.0,1.0,1
0.32258064516129037,0.3414634146341463,0.0,0.23333333333333328,0
0.962962962962963,1.0,1.0,1.0,1
0.6190476190476191,1.0,1.0,1.0,1
0.7714285714285716,1.0,1.0,1.0,1
0.6190476190476191,1.0,1.0,1.0,1
0.4285714285714286,0.29824561403508776,0.0,0.2545454545454545,0
0.24242424242424243,0.2857142857142857,0.0,0.48,0
0.8,1.0,1.0,1.0,1
0.9565217391304348,1.0,1.0,1.0,1
0.75,1.0,1.0,1.0,1
0.24390243902439024,0.26315789473684215,0.0,0.14678899082568808,0
0.40909090909090906,0.26865671641791045,0.0,0.3941605839416058,0
0.5294117647058824,1.0,1.0,1.0,1
0.68,1.0,1.0,1.0,1
0.2790697674418605,0.34285714285714286,0.0,0.3597122302158273,0
0.9523809523809522,1.0,1.0,1.0,1
0.7575757575757575,1.0,1.0,1.0,1
0.38095238095238093,0.3950617283950617,1.0,0.42666666666666664,0
0.814814814814815,1.0,1.0,1.0,1
0.4375,0.32894736842105265,1.0,1.0,0
0.8181818181818181,1.0,1.0,1.0,1
0.4,0.28125,0.0,1.0,0
0.6,1.0,1.0,1.0,1
0.6190476190476191,1.0,1.0,1.0,1
0.33333333333333337,0.34408602150537637,0.0,0.24137931034482762,0
0.8518518518518519,1.0,1.0,1.0,1
0.6363636363636364,1.0,1.0,1.0,1
0.4782608695652174,0.25531914893617025,0.0,0.24137931034482762,0
0.9523809523809522,1.0,1.0,1.0,1
0.33333333333333337,0.3458646616541353,0.0,1.0,0
0.8709677419354839,1.0,1.0,1.0,1
0.2857142857142857,0.2545454545454545,0.0,0.2545454545454545,0
0.2702702702702703,0.29333333333333333,0.0,0.2857142857142857,0
0.37209302325581395,0.41428571428571426,0.0,0.25,0
0.24390243902439024,0.28205128205128205,0.0,0.3597122302158273,0
0.8076923076923077,1.0,1.0,1.0,1
0.9714285714285714,1.0,1.0,1.0,1
0.7647058823529411,1.0,1.0,1.0,1
0.736842105263158,1.0,1.0,1.0,1
0.967741935483871,1.0,1.0,1.0,1
0.32432432432432434,0.28767123287671237,0.0,1.0,0
0.84,1.0,1.0,1.0,1
0.75,1.0,1.0,1.0,1
0.4,0.3833333333333333,0.0,0.3076923076923077,0
0.375,0.18604651162790697,0.0,1.0,0
0.326530612244898,0.3106796116504854,1.0,0.23333333333333328,0
0.31818181818181823,0.28985507246376807,0.0,1.0,0
0.6190476190476191,1.0,1.0,1.0,1
0.7727272727272727,1.0,1.0,1.0,1
0.8076923076923077,1.0,1.0,1.0,1
0.68,1.0,1.0,1.0,1
0.36,0.3218390804597702,0.0,0.48,0
0.27586206896551724,0.36065573770491793,0.0,0.35820895522388063,0
0.6875,1.0,1.0,1.0,1
0.36,0.2947368421052632,1.0,0.14814814814814814,0
0.33333333333333337,0.2857142857142857,0.0,0.2545454545454545,0
0.8333333333333335,1.0,1.0,1.0,1
0.5555555555555556,1.0,1.0,1.0,1
0.9,1.0,1.0,1.0,1
0.84375,1.0,1.0,1.0,1
0.3703703703703704,0.3870967741935484,0.0,0.14678899082568808,0
0.26086956521739135,0.2650602409638554,0.0,1.0,0
0.27586206896551724,0.27722772277227725,0.0,0.3597122302158273,0
0.8571428571428572,1.0,1.0,1.0,1
0.5882352941176471,0.30612244897959184,0.0,1.0,0
0.33333333333333337,0.16666666666666663,0.0,0.35820895522388063,0
0.5,0.36220472440944884,1.0,0.24137931034482762,0
0.7419354838709676,1.0,1.0,1.0,1
0.7037037037037037,1.0,1.0,1.0,1
0.9696969696969697,1.0,1.0,1.0,1
0.4864864864864865,0.37362637362637363,0.0,0.3597122302158273,0
0.7037037037037037,1.0,1.0,1.0,1
0.8461538461538461,1.0,1.0,1.0,1
0.972972972972973,1.0,1.0,1.0,1
0.826086956521739,1.0,1.0,1.0,1
0.962962962962963,1.0,1.0,1.0,1
0.3902439024390244,0.368,0.0,0.31746031746031744,0
0.8709677419354839,1.0,1.0,1.0,1
0.967741935483871,1.0,1.0,1.0,1
0.34782608695652173,0.33043478260869563,0.0,1.0,0
0.3870967741935484,0.30434782608695654,0.0,0.3597122302158273,0
0.32558139534883723,0.29565217391304344,0.0,1.0,0
0.8823529411764706,1.0,1.0,1.0,1
0.33333333333333337,0.3538461538461538,0.0,0.2545454545454545,0
0.9696969696969697,1.0,1.0,1.0,1
0.8648648648648648,1.0,1.0,1.0,1
0.8709677419354839,1.0,1.0,1.0,1
0.4,0.33333333333333337,0.0,0.14814814814814814,0
0.967741935483871,1.0,1.0,1.0,1
0.9523809523809522,1.0,1.0,1.0,1
0.6190476190476191,1.0,1.0,1.0,1
0.38888888888888884,0.3129251700680272,0.0,1.0,0
0.38888888888888884,0.27522935779816515,0.0,1.0,0
0.9523809523809522,1.0,1.0,1.0,1
0.8,1.0,1.0,1.0,1
0.736842105263158,1.0,1.0,1.0,1
0.7037037037037037,1.0,1.0,1.0,1
0.7058823529411764,1.0,1.0,1.0,1
0.3870967741935484,0.3119266055045872,0.0,0.14678899082568808,0
0.8461538461538461,1.0,1.0,1.0,1
0.6521739130434783,1.0,1.0,1.0,1
0.8214285714285714,1.0,1.0,1.0,1
0.8484848484848484,1.0,1.0,1.0,1
0.2941176470588235,0.31707317073170727,0.0,0.31746031746031744,0
0.25,0.3063063063063063,0.0,0.3597122302158273,0
0.2909090909090909,0.2894736842105263,0.0,0.5714285714285714,0
0.5128205128205128,0.31999999999999995,0.0,0.25,0
0.9047619047619048,1.0,1.0,1.0,1
0.8333333333333335,1.0,1.0,1.0,1
0.9545454545454546,1.0,1.0,1.0,1
0.3111111111111111,0.3356643356643356,0.0,0.25,0
0.29268292682926833,0.29032258064516125,0.0,1.0,0
0.9696969696969697,1.0,1.0,1.0,1
0.3157894736842105,0.30000000000000004,1.0,1.0,0
0.7647058823529411,1.0,1.0,1.0,1
0.3571428571428571,0.28828828828828834,0.0,0.2545454545454545,0
0.38888888888888884,0.3529411764705882,0.0,0.35820895522388063,0
0.75,1.0,1.0,1.0,1
0.31818181818181823,0.3373493975903614,0.0,0.2545454545454545,0
0.40909090909090906,0.0,1.0,0.4761904761904761,0
0.2666666666666667,0.2376237623762376,0.0,0.2702702702702703,0
0.34782608695652173,0.31304347826086953,0.0,0.2545454545454545,0
0.6666666666666667,1.0,1.0,1.0,1
0.32258064516129037,0.29268292682926833,0.0,0.14814814814814814,0
0.39130434782608686,0.27450980392156865,0.0,0.35820895522388063,0
0.303030303030303,0.30000000000000004,0.0,0.25,0
0.8333333333333335,1.0,1.0,1.0,1
0.2222222222222222,0.2272727272727273,0.0,0.14678899082568808,0
0.6666666666666667,1.0,1.0,1.0,1
0.6666666666666667,1.0,1.0,1.0,1
0.303030303030303,0.3370786516853933,0.0,0.25,0
0.9433962264150944,1.0,1.0,1.0,1
0.8529411764705883,1.0,1.0,1.0,1
0.6666666666666667,1.0,1.0,1.0,1
0.26315789473684215,0.3471074380165289,0.0,0.25,0
0.2962962962962963,0.18181818181818177,0.0,1.0,0
0.36,0.36144578313253023,0.0,0.34285714285714286,0
0.8333333333333335,1.0,1.0,1.0,1
0.7333333333333334,1.0,1.0,1.0,1
0.196078431372549,0.3294117647058824,0.0,0.3783783783783784,0
0.7647058823529411,1.0,1.0,1.0,1
0.2222222222222222,0.34285714285714286,0.0,1.0,0
0.8214285714285714,1.0,1.0,1.0,1
0.5161290322580645,0.0,0.0,0.4,0
0.9375,1.0,1.0,1.0,1
0.4117647058823529,0.3214285714285714,0.0,0.25,0
0.4285714285714286,0.26415094339622647,0.0,0.3529411764705882,0
0.75,1.0,1.0,1.0,1
0.2222222222222222,0.29268292682926833,0.0,0.3597122302158273,0
0.3555555555555555,0.33333333333333337,0.0,0.25,0
0.2272727272727273,0.30188679245283023,0.0,0.36923076923076925,0
0.782608695652174,1.0,1.0,1.0,1
0.75,1.0,1.0,1.0,1
0.9583333333333335,1.0,1.0,1.0,1
0.8620689655172413,1.0,1.0,1.0,1
0.3783783783783784,0.35398230088495575,0.0,0.25,0
0.9767441860465115,1.0,1.0,1.0,1
0.7619047619047619,1.0,1.0,1.0,1
0.32352941176470584,0.36641221374045807,0.0,0.2545454545454545,0
0.3529411764705882,0.4132231404958677,0.0,0.25,0
0.7222222222222221,1.0,1.0,1.0,1
0.3548387096774194,0.3119266055045872,0.0,0.24390243902439024,0
0.368421052631579,0.42105263157894735,0.0,0.48,0
0.36923076923076925,0.13953488372093026,0.0,0.23333333333333328,0
0.24242424242424243,0.3307086614173228,1.0,0.41666666666666663,0
0.3783783783783784,0.3962264150943396,0.0,0.3597122302158273,0
0.9545454545454546,1.0,1.0,1.0,1
0.3928571428571429,0.34,0.0,0.25,0
0.35,0.24,1.0,0.23333333333333328,0
0.8,1.0,1.0,1.0,1
0.9743589743589743,1.0,1.0,1.0,1
0.3783783783783784,0.2168674698795181,0.0,0.14814814814814814,0
0.26315789473684215,0.3661971830985915,0.0,0.25,0
0.28,0.3294117647058824,0.0,0.4545454545454546,0
0.7333333333333334,1.0,1.0,1.0,1
0.6666666666666667,1.0,1.0,1.0,1
0.7777777777777779,1.0,1.0,1.0,1
0.3589743589743589,0.3076923076923077,0.0,1.0,0
0.9583333333333335,1.0,1.0,1.0,1
0.7241379310344827,1.0,1.0,1.0,1
0.41025641025641024,0.34375,0.0,0.36363636363636365,0
0.7647058823529411,1.0,1.0,1.0,1
0.3555555555555555,0.40909090909090906,0.0,0.3597122302158273,0
0.9696969696969697,1.0,1.0,1.0,1
0.3142857142857143,0.3188405797101449,0.0,0.25,0
0.7894736842105263,1.0,1.0,1.0,1
0.5161290322580645,0.35051546391752575,0.0,1.0,0
0.32558139534883723,0.3291139240506329,0.0,0.4,0
0.1333333333333333,0.39130434782608686,0.0,0.25,0
0.7894736842105263,1.0,1.0,1.0,1
0.4390243902439024,0.27826086956521734,0.0,0.20895522388059706,0
0.6521739130434783,1.0,1.0,1.0,1
0.3492063492063492,0.2571428571428571,0.0,0.25,0
0.7419354838709676,1.0,1.0,1.0,1
0.27586206896551724,0.3555555555555555,0.0,0.25,0
0.8095238095238095,1.0,1.0,1.0,1
0.2068965517241379,0.29850746268656714,1.0,0.14678899082568808,0
0.972972972972973,1.0,1.0,1.0,1
0.7894736842105263,1.0,1.0,1.0,1
0.7894736842105263,1.0,1.0,1.0,1
0.7727272727272727,1.0,1.0,1.0,1
0.2222222222222222,0.3418803418803419,0.0,0.20895522388059706,0
0.8918918918918919,1.0,1.0,1.0,1
0.7241379310344827,1.0,1.0,1.0,1
0.7333333333333334,1.0,1.0,1.0,1
0.33898305084745756,0.3870967741935484,0.0,0.48,0
0.9714285714285714,1.0,1.0,1.0,1
0.7837837837837838,1.0,1.0,1.0,1
0.84,1.0,1.0,1.0,1
0.962962962962963,1.0,1.0,1.0,1
0.8666666666666667,1.0,1.0,1.0,1
0.9130434782608696,1.0,1.0,1.0,1
0.368421052631579,0.27184466019417475,0.0,0.34285714285714286,0
0.3111111111111111,0.3870967741935484,0.0,1.0,0
0.7894736842105263,1.0,1.0,1.0,1
0.7058823529411764,1.0,1.0,1.0,1
0.9583333333333335,1.0,1.0,1.0,1
0.32432432432432434,0.2666666666666667,0.0,0.33333333333333337,0
0.3793103448275862,0.2857142857142857,0.0,0.14814814814814814,0
0.8571428571428572,1.0,1.0,1.0,1
0.33333333333333337,0.3025210084033614,0.0,0.2545454545454545,0
0.8709677419354839,1.0,1.0,1.0,1
0.68,1.0,1.0,1.0,1
0.8181818181818181,1.0,1.0,1.0,1
0.0,0.2417582417582418,0.0,0.41333333333333333,0
0.8095238095238095,1.0,1.0,1.0,1
0.23728813559322037,0.30379746835443033,0.0,1.0,0
0.2978723404255319,0.22916666666666663,0.0,0.3783783783783784,0
0.9411764705882352,1.0,1.0,1.0,1
0.68,1.0,1.0,1.0,1
0.5185185185185186,0.21333333333333335,0.0,0.4444444444444444,0
0.3111111111111111,0.34408602150537637,0.0,0.4,0
0.3783783783783784,0.368421052631579,0.0,0.25,0
0.8095238095238095,1.0,1.0,1.0,1
0.3414634146341463,0.29357798165137616,0.0,0.31746031746031744,0
0.3076923076923077,0.2857142857142857,0.0,0.25,0
0.2264150943396226,0.3076923076923077,0.0,0.3597122302158273,0
0.8333333333333335,1.0,1.0,1.0,1
0.45714285714285713,0.33333333333333337,0.0,0.25,0
0.6923076923076923,1.0,1.0,1.0,1
0.826086956521739,1.0,1.0,1.0,1
0.3555555555555555,0.3296703296703297,0.0,0.3214285714285714,0
0.6875,1.0,1.0,1.0,1
0.8076923076923077,1.0,1.0,1.0,1
0.38888888888888884,0.39669421487603307,0.0,0.24242424242424243,0
0.9166666666666665,1.0,1.0,1.0,1
0.34615384615384615,0.36363636363636365,0.0,0.23333333333333328,0
0.84,1.0,1.0,1.0,1
0.6666666666666667,1.0,1.0,1.0,1
0.9696969696969697,1.0,1.0,1.0,1
0.36363636363636365,0.26530612244897955,0.0,0.35820895522388063,0
0.3137254901960784,0.25196850393700787,0.0,1.0,0
0.967741935483871,1.0,1.0,1.0,1
0.33333333333333337,0.34951456310679613,0.0,0.1333333333333333,0
0.9714285714285714,1.0,1.0,1.0,1
0.24,0.26771653543307083,0.0,0.3597122302158273,0
0.36734693877551017,0.2777777777777778,0.0,0.25,0
0.33333333333333337,0.2823529411764706,0.0,0.23333333333333328,0
0.2727272727272727,0.34782608695652173,0.0,0.4,0
0.30000000000000004,0.07792207792207795,0.0,1.0,0
0.31818181818181823,0.32835820895522383,0.0,1.0,0
0.25,0.302158273381295,0.0,0.2545454545454545,0
0.9666666666666667,1.0,1.0,1.0,1
0.2857142857142857,0.35,0.0,0.3783783783783784,0
0.7714285714285716,1.0,1.0,1.0,1
0.7575757575757575,1.0,1.0,1.0,1
0.2962962962962963,0.0,1.0,0.4761904761904761,0
0.8461538461538461,1.0,1.0,1.0,1
0.24390243902439024,0.2666666666666667,0.0,0.5154639175257731,0
0.8181818181818181,1.0,1.0,1.0,1
0.8214285714285714,1.0,1.0,1.0,1
0.7894736842105263,1.0,1.0,1.0,1
0.8,1.0,1.0,1.0,1
0.2666666666666667,0.36111111111111116,0.0,0.4242424242424242,0
0.33333333333333337,0.3106796116504854,0.0,0.4545454545454546,0
0.7894736842105263,1.0,1.0,1.0,1
0.2702702702702703,0.23809523809523814,0.0,1.0,0
0.4375,0.26086956521739135,0.0,0.25,0
0.8974358974358975,1.0,1.0,1.0,1
0.3157894736842105,0.3116883116883117,0.0,0.2857142857142857,0
0.736842105263158,1.0,1.0,1.0,1
0.27118644067796616,0.2857142857142857,1.0,1.0,0
0.36111111111111116,0.3063063063063063,0.0,0.48,0
0.7777777777777779,1.0,1.0,1.0,1
0.3870967741935484,0.27350427350427353,0.0,0.3597122302158273,0
0.28125,0.3653846153846154,0.0,0.36363636363636365,0
0.34782608695652173,0.3165467625899281,1.0,0.25,0
0.36,0.38235294117647056,1.0,0.35820895522388063,0
0.36065573770491793,0.3366336633663366,0.0,0.45569620253164556,0
0.8787878787878788,1.0,1.0,1.0,1
0.23809523809523814,0.5391304347826087,0.0,0.25,0
0.8571428571428572,1.0,1.0,1.0,1
0.9130434782608696,0.0,1.0,1.0,1
0.9538461538461537,1.0,1.0,1.0,1
0.2857142857142857,0.4,0.0,0.20895522388059706,0
0.8529411764705883,1.0,1.0,1.0,1
0.35,0.3902439024390244,0.0,0.35820895522388063,0
0.8648648648648648,1.0,1.0,1.0,1
0.19512195121951215,0.29268292682926833,0.0,0.2222222222222222,0
0.2857142857142857,0.19753086419753085,0.0,0.25,0
0.8076923076923077,1.0,1.0,1.0,1
0.8181818181818181,1.0,1.0,1.0,1
0.9142857142857143,1.0,1.0,1.0,1
0.4444444444444444,0.35789473684210527,0.0,0.35820895522388063,0
0.25806451612903225,0.3835616438356164,0.0,1.0,0
0.32258064516129037,0.29885057471264365,0.0,0.25,0
0.3076923076923077,0.31999999999999995,0.0,0.14678899082568808,0
0.95,1.0,1.0,1.0,1
0.3728813559322034,0.3653846153846154,0.0,0.3589743589743589,0
0.8620689655172413,1.0,1.0,1.0,1
0.23076923076923073,0.4545454545454546,0.0,0.25,0
0.46808510638297873,0.3448275862068966,0.0,0.2545454545454545,0
0.75,1.0,1.0,1.0,1
0.7647058823529411,1.0,1.0,1.0,1
0.7241379310344827,1.0,1.0,1.0,1
0.6363636363636364,1.0,1.0,1.0,1
0.8958333333333335,1.0,1.0,1.0,1
0.826086956521739,1.0,1.0,1.0,1
0.3157894736842105,0.4246575342465754,1.0,0.3597122302158273,0
0.8333333333333335,1.0,1.0,1.0,1
0.7142857142857143,1.0,1.0,1.0,1
0.8,1.0,1.0,1.0,1
0.41666666666666663,0.352,0.0,0.3597122302158273,0
0.29268292682926833,0.2962962962962963,0.0,0.36363636363636365,0
0.38888888888888884,0.26086956521739135,0.0,0.3597122302158273,0
0.7241379310344827,1.0,1.0,1.0,1
0.368421052631579,0.40384615384615385,0.0,0.48,0
0.30000000000000004,0.35185185185185186,0.0,1.0,0
0.4307692307692308,0.2571428571428571,0.0,0.5154639175257731,0
0.33333333333333337,0.32727272727272727,0.0,0.4444444444444444,0
0.42105263157894735,0.3098591549295775,0.0,0.25,0
0.2962962962962963,0.16326530612244894,0.0,0.14678899082568808,0
0.96,1.0,1.0,1.0,1
0.32258064516129037,0.30000000000000004,0.0,0.5154639175257731,0
0.9655172413793103,1.0,1.0,1.0,1
0.31034482758620685,0.23333333333333328,0.0,0.45569620253164556,0
0.7037037037037037,1.0,1.0,1.0,1
0.9642857142857143,1.0,1.0,1.0,1
0.9375,1.0,1.0,1.0,1
0.7575757575757575,1.0,1.0,1.0,1
0.3555555555555555,0.25,0.0,0.33333333333333337,0
0.8823529411764706,1.0,1.0,1.0,1
0.9743589743589743,1.0,1.0,1.0,1
0.9565217391304348,1.0,1.0,1.0,1
0.7714285714285716,1.0,1.0,1.0,1
0.3571428571428571,0.24242424242424243,0.0,0.25,0
0.7142857142857143,1.0,1.0,1.0,1
0.8529411764705883,1.0,1.0,1.0,1
0.9375,1.0,1.0,1.0,1
0.8,1.0,1.0,1.0,1
0.3846153846153846,0.32835820895522383,0.0,0.36363636363636365,0
0.3870967741935484,0.3655913978494624,0.0,1.0,0
0.7142857142857143,1.0,1.0,1.0,1
0.3157894736842105,0.2033898305084746,0.0,1.0,0
0.33333333333333337,0.2295081967213115,1.0,0.4761904761904761,0
0.375,0.3703703703703704,0.0,0.5154639175257731,0
0.5789473684210527,1.0,1.0,1.0,1
0.8333333333333335,1.0,1.0,1.0,1
0.34615384615384615,0.2807017543859649,1.0,0.45569620253164556,0
0.8666666666666667,1.0,1.0,1.0,1
0.8857142857142857,1.0,1.0,1.0,1
0.4444444444444444,0.3232323232323232,0.0,0.5714285714285714,0
0.303030303030303,0.2465753424657534,0.0,0.34285714285714286,0
0.2857142857142857,0.2790697674418605,0.0,0.5714285714285714,0
0.7619047619047619,1.0,1.0,1.0,1
0.3529411764705882,0.1081081081081081,0.0,0.3597122302158273,0
0.8297872340425532,1.0,1.0,1.0,1
0.36363636363636365,0.25742574257425743,1.0,0.2727272727272727,0
0.33333333333333337,0.32608695652173914,0.0,0.3589743589743589,0
0.46808510638297873,0.379746835443038,0.0,1.0,0
0.2727272727272727,0.34375,0.0,0.25,0
0.23076923076923073,0.36144578313253023,1.0,0.30434782608695654,0
0.9375,1.0,1.0,1.0,1
0.8181818181818181,1.0,1.0,1.0,1
0.2857142857142857,0.21176470588235297,0.0,0.2264150943396226,0
0.4,0.3559322033898306,0.0,0.34285714285714286,0
0.75,1.0,1.0,1.0,1
0.96,1.0,1.0,1.0,1
0.31999999999999995,0.3846153846153846,0.0,1.0,0
0.40909090909090906,0.2558139534883721,0.0,0.35820895522388063,0
0.9743589743589743,1.0,1.0,1.0,1
0.7333333333333334,1.0,1.0,1.0,1
0.814814814814815,1.0,1.0,1.0,1
0.9473684210526316,1.0,1.0,1.0,1
0.967741935483871,1.0,1.0,1.0,1
0.34285714285714286,0.25688073394495414,0.0,1.0,0
0.8484848484848484,1.0,1.0,1.0,1
0.2857142857142857,0.27586206896551724,0.0,0.2857142857142857,0
0.9523809523809522,1.0,1.0,1.0,1
0.2162162162162162,0.34210526315789463,0.0,0.4,0
0.9545454545454546,1.0,1.0,1.0,1
0.8666666666666667,1.0,1.0,1.0,1
0.375,0.25287356321839083,0.0,0.31746031746031744,0
0.7777777777777779,1.0,1.0,1.0,1
0.2727272727272727,0.3063063063063063,0.0,1.0,0
0.972972972972973,1.0,1.0,1.0,1
0.7222222222222221,1.0,1.0,1.0,1
0.8518518518518519,1.0,1.0,1.0,1
0.9523809523809522,1.0,1.0,1.0,1
0.736842105263158,1.0,1.0,1.0,1
0.3125,0.39560439560439564,0.0,0.3529411764705882,0
0.4782608695652174,0.37398373983739847,0.0,0.3793103448275862,0
0.9130434782608696,1.0,1.0,1.0,1
0.8387096774193549,1.0,1.0,1.0,1
0.9545454545454546,1.0,1.0,1.0,1
0.23809523809523814,0.21176470588235297,0.0,1.0,0
0.3928571428571429,0.2962962962962963,0.0,0.5154639175257731,0
0.28125,0.23684210526315785,0.0,0.2545454545454545,0
0.9795918367346939,1.0,1.0,1.0,1
0.33333333333333337,0.25806451612903225,1.0,0.3597122302158273,0
0.4390243902439024,0.4426229508196722,0.0,0.4545454545454546,0
0.9523809523809522,1.0,1.0,1.0,1
0.31034482758620685,0.4375,0.0,0.25,0
0.9777777777777777,1.0,1.0,1.0,1
0.23728813559322037,0.37142857142857144,0.0,0.36363636363636365,0
0.7619047619047619,1.0,1.0,1.0,1
0.3214285714285714,0.30000000000000004,0.0,0.5454545454545454,0
0.32432432432432434,0.3870967741935484,0.0,0.31746031746031744,0
0.43478260869565216,0.37777777777777777,0.0,0.48,0
0.9444444444444444,1.0,1.0,1.0,1
0.9787234042553191,1.0,1.0,1.0,1
0.7333333333333334,1.0,1.0,1.0,1
0.9375,1.0,1.0,1.0,1
0.24242424242424243,0.28125,0.0,1.0,0
0.3414634146341463,0.15189873417721522,0.0,0.2941176470588235,0
0.8947368421052632,1.0,1.0,1.0,1
0.38888888888888884,0.3689320388349514,0.0,0.3597122302158273,0
0.923076923076923,1.0,1.0,1.0,1
0.29508196721311475,0.34615384615384615,0.0,0.2545454545454545,0
0.5,0.29268292682926833,0.0,1.0,0
0.2564102564102564,0.2558139534883721,0.0,0.31746031746031744,0
0.31999999999999995,0.23076923076923073,0.0,0.25,0
0.9361702127659575,1.0,1.0,1.0,1
0.33333333333333337,0.30508474576271183,0.0,0.2545454545454545,0
0.814814814814815,1.0,1.0,1.0,1
0.3111111111111111,0.26315789473684215,0.0,0.25,0
0.9411764705882352,1.0,1.0,1.0,1
0.36,0.2068965517241379,0.0,0.25,0
0.27586206896551724,0.31137724550898205,0.0,1.0,0
0.7647058823529411,1.0,1.0,1.0,1
0.303030303030303,0.28985507246376807,1.0,0.35820895522388063,0
0.967741935483871,1.0,1.0,1.0,1
0.7222222222222221,1.0,1.0,1.0,1
0.975609756097561,1.0,1.0,1.0,1
0.6190476190476191,1.0,1.0,1.0,1
0.8333333333333335,1.0,1.0,1.0,1
0.34782608695652173,0.28915662650602414,0.0,1.0,0
0.41025641025641024,0.3142857142857143,0.0,0.2222222222222222,0
0.9655172413793103,1.0,1.0,1.0,1
0.2777777777777778,0.375,0.0,1.0,0
0.7647058823529411,1.0,1.0,1.0,1
0.75,1.0,1.0,1.0,1
0.3076923076923077,0.3125,0.0,1.0,0
0.6521739130434783,1.0,1.0,1.0,1
0.26315789473684215,0.2978723404255319,0.0,1.0,0
0.2702702702702703,0.33333333333333337,0.0,0.23076923076923073,0
0.25806451612903225,0.3116883116883117,0.0,0.1333333333333333,0
0.3783783783783784,0.37209302325581395,1.0,0.25,0
0.9743589743589743,1.0,1.0,1.0,1
0.23529411764705888,0.3835616438356164,1.0,1.0,0
0.30000000000000004,0.23423423423423428,0.0,0.25,0
0.17647058823529416,0.34013605442176875,0.0,0.14678899082568808,0
0.9444444444444444,1.0,1.0,1.0,1
0.8181818181818181,1.0,1.0,1.0,1
0.41379310344827597,0.37241379310344824,0.0,0.25,0
0.7619047619047619,1.0,1.0,1.0,1
0.68,1.0,1.0,1.0,1
0.3157894736842105,0.41025641025641024,0.0,0.48,0
0.4444444444444444,0.2921348314606742,0.0,1.0,0
0.375,0.3278688524590164,0.0,1.0,0
0.9166666666666665,1.0,1.0,1.0,1
0.3157894736842105,0.33333333333333337,0.0,0.3783783783783784,0
0.4324324324324324,0.33898305084745756,1.0,0.3597122302158273,0
0.2978723404255319,0.39669421487603307,1.0,0.14814814814814814,0
0.3589743589743589,0.28865979381443296,0.0,0.31746031746031744,0
0.8461538461538461,1.0,1.0,1.0,1
0.3589743589743589,0.33599999999999997,1.0,0.5154639175257731,0
0.75,1.0,1.0,1.0,1
0.736842105263158,1.0,1.0,1.0,1
0.3157894736842105,0.21739130434782605,0.0,0.48,0
0.9425287356321839,1.0,1.0,1.0,1
0.31999999999999995,0.3921568627450981,0.0,0.25,0
0.3125,0.40909090909090906,0.0,0.25,0
0.75,1.0,1.0,1.0,1
0.30188679245283023,0.30952380952380953,0.0,0.3125,0
0.9523809523809522,1.0,1.0,1.0,1
0.2857142857142857,0.3191489361702128,0.0,0.14678899082568808,0
0.7647058823529411,1.0,1.0,1.0,1
0.33333333333333337,0.27586206896551724,0.0,0.25,0
0.9565217391304348,1.0,1.0,1.0,1
0.8275862068965517,1.0,1.0,1.0,1
0.8518518518518519,1.0,1.0,1.0,1
0.8095238095238095,1.0,1.0,1.0,1
0.2790697674418605,0.32478632478632474,0.0,1.0,0
0.6666666666666667,1.0,1.0,1.0,1
0.27586206896551724,0.21875,0.0,0.38095238095238093,0
0.36363636363636365,0.39682539682539686,0.0,0.2545454545454545,0
0.36,0.3448275862068966,0.0,0.45569620253164556,0
0.7647058823529411,1.0,1.0,1.0,1
0.6923076923076923,1.0,1.0,1.0,1
0.4705882352941176,0.29007633587786263,0.0,0.2545454545454545,0
0.43478260869565216,0.3380281690140845,0.0,0.3597122302158273,0
0.2068965517241379,0.2222222222222222,0.0,0.25,0
0.2857142857142857,0.29729729729729726,0.0,1.0,0
0.9743589743589743,1.0,1.0,1.0,1
0.9090909090909091,0.0,1.0,1.0,1
0.8333333333333335,1.0,1.0,1.0,1
0.21052631578947367,0.3287671232876712,0.0,0.2545454545454545,0
0.7894736842105263,1.0,1.0,1.0,1
0.36363636363636365,0.27118644067796616,0.0,0.3597122302158273,0
0.8,1.0,1.0,1.0,1
0.4615384615384615,0.2545454545454545,0.0,0.3597122302158273,0
0.3157894736842105,0.4383561643835616,0.0,0.31746031746031744,0
0.3939393939393939,0.23684210526315785,0.0,0.16260162601626013,0
0.3157894736842105,0.25,0.0,1.0,0
0.34285714285714286,0.34375,0.0,0.2545454545454545,0
0.30434782608695654,0.23636363636363633,0.0,0.41860465116279066,0
0.5263157894736843,0.2857142857142857,0.0,0.2545454545454545,0
0.7894736842105263,1.0,1.0,1.0,1
0.33333333333333337,0.0,0.0,0.4,0
0.36363636363636365,0.43999999999999995,0.0,1.0,0
0.8461538461538461,1.0,1.0,1.0,1
0.9538461538461537,1.0,1.0,1.0,1
0.3529411764705882,0.3302752293577982,1.0,0.23333333333333328,0
0.3529411764705882,0.3508771929824561,0.0,0.3597122302158273,0
0.8181818181818181,1.0,1.0,1.0,1
0.8709677419354839,1.0,1.0,1.0,1
0.84,1.0,1.0,1.0,1
0.4444444444444444,0.5074626865671642,0.0,0.48,0
0.7727272727272727,1.0,1.0,1.0,1
0.25806451612903225,0.27368421052631575,0.0,0.25,0
0.20408163265306123,0.5106382978723405,0.0,0.3597122302158273,0
0.7333333333333334,1.0,1.0,1.0,1
0.9655172413793103,1.0,1.0,1.0,1
0.3571428571428571,0.3458646616541353,0.0,0.35820895522388063,0
0.3414634146341463,0.34782608695652173,0.0,0.25,0
0.34042553191489366,0.31707317073170727,0.0,0.3597122302158273,0
0.7619047619047619,1.0,1.0,1.0,1
0.826086956521739,1.0,1.0,1.0,1
0.375,0.3620689655172413,0.0,1.0,0
0.9642857142857143,1.0,1.0,1.0,1
0.9302325581395349,1.0,1.0,1.0,1
0.962962962962963,1.0,1.0,1.0,1
0.42553191489361697,0.29508196721311475,0.0,1.0,0
0.5555555555555556,1.0,1.0,1.0,1
0.27586206896551724,0.30000000000000004,0.0,0.31746031746031744,0
0.37142857142857144,0.3008849557522124,0.0,0.36363636363636365,0
0.3157894736842105,0.38888888888888884,0.0,0.31746031746031744,0
0.36,0.36496350364963503,1.0,1.0,0
0.303030303030303,0.2894736842105263,0.0,0.31746031746031744,0
0.95,1.0,1.0,1.0,1
0.9696969696969697,1.0,1.0,1.0,1
0.33333333333333337,0.23529411764705888,0.0,0.4,0
0.6923076923076923,1.0,1.0,1.0,1
0.34615384615384615,0.3921568627450981,0.0,0.2068965517241379,0
0.7619047619047619,1.0,1.0,1.0,1
0.3508771929824561,0.18604651162790697,0.0,1.0,0
0.7647058823529411,1.0,1.0,1.0,1
0.8181818181818181,1.0,1.0,1.0,1
0.9523809523809522,1.0,1.0,1.0,1
0.4,0.2222222222222222,1.0,0.2545454545454545,0
0.7619047619047619,1.0,1.0,1.0,1
0.967741935483871,1.0,1.0,1.0,1
0.9148936170212765,1.0,1.0,1.0,1
0.32432432432432434,0.3296703296703297,0.0,1.0,0
0.8214285714285714,1.0,1.0,1.0,1
0.9714285714285714,1.0,1.0,1.0,1
0.25,0.17910447761194026,0.0,0.25,0
0.7894736842105263,1.0,1.0,1.0,1
0.2142857142857143,0.3294117647058824,0.0,0.3597122302158273,0
0.3589743589743589,0.26415094339622647,0.0,0.14814814814814814,0
0.2857142857142857,0.1578947368421053,0.0,1.0,0
0.8095238095238095,1.0,1.0,1.0,1
0.8823529411764706,1.0,1.0,1.0,1
0.35,0.2816901408450704,0.0,0.42666666666666664,0
0.9189189189189189,1.0,1.0,1.0,1
0.9583333333333335,1.0,1.0,1.0,1
0.5,1.0,1.0,1.0,1
0.7037037037037037,1.0,1.0,1.0,1
0.3589743589743589,0.3695652173913043,0.0,0.3783783783783784,0
0.9473684210526316,1.0,1.0,1.0,1
0.31818181818181823,0.25,0.0,0.25,0
0.4,0.3908045977011494,0.0,0.14678899082568808,0
0.33766233766233766,0.18461538461538463,0.0,0.35820895522388063,0
0.8823529411764706,1.0,1.0,1.0,1
0.972972972972973,1.0,1.0,1.0,1
0.43137254901960786,0.19277108433734935,1.0,0.2545454545454545,0
0.8936170212765957,0.0,1.0,1.0,1
0.9428571428571427,1.0,1.0,1.0,1
0.8484848484848484,1.0,1.0,1.0,1
0.4242424242424242,0.23728813559322037,0.0,1.0,0
0.25806451612903225,0.23529411764705888,0.0,0.14678899082568808,0
0.3571428571428571,0.3025210084033614,0.0,0.24137931034482762,0
0.9666666666666667,1.0,1.0,1.0,1
0.9333333333333332,1.0,1.0,1.0,1
0.6521739130434783,1.0,1.0,1.0,1
0.5294117647058824,1.0,1.0,1.0,1
0.782608695652174,1.0,1.0,1.0,1
0.9508196721311475,1.0,1.0,1.0,1
0.8461538461538461,1.0,1.0,1.0,1
0.7241379310344827,1.0,1.0,1.0,1
0.8809523809523809,1.0,1.0,1.0,1
0.2702702702702703,0.4516129032258065,0.0,0.40909090909090906,0
0.8181818181818181,1.0,1.0,1.0,1
0.975609756097561,1.0,1.0,1.0,1
0.8333333333333335,1.0,1.0,1.0,1
0.75,1.0,1.0,1.0,1
0.8837209302325582,1.0,1.0,1.0,1
0.3111111111111111,0.37593984962406013,1.0,0.48,0
0.5306122448979591,0.33333333333333337,0.0,0.48,0
0.36,0.3119266055045872,0.0,0.20895522388059706,0
0.7647058823529411,1.0,1.0,1.0,1
0.7647058823529411,1.0,1.0,1.0,1
0.3076923076923077,0.36363636363636365,0.0,0.25,0
0.33333333333333337,0.3111111111111111,0.0,0.4242424242424242,0
0.8333333333333335,1.0,1.0,1.0,1
0.782608695652174,1.0,1.0,1.0,1
0.826086956521739,1.0,1.0,1.0,1
0.9552238805970148,1.0,1.0,1.0,1
0.2962962962962963,0.3384615384615385,0.0,1.0,0
0.8461538461538461,1.0,1.0,1.0,1
0.3589743589743589,0.29565217391304344,0.0,0.25,0
0.967741935483871,1.0,1.0,1.0,1
0.2142857142857143,0.34285714285714286,1.0,0.25,0
0.962962962962963,1.0,1.0,1.0,1
0.25806451612903225,0.22988505747126442,0.0,0.2702702702702703,0
0.2727272727272727,0.2650602409638554,0.0,0.2545454545454545,0
0.9538461538461537,1.0,1.0,1.0,1
0.38888888888888884,0.3214285714285714,0.0,0.3597122302158273,0
0.20833333333333337,0.3564356435643564,0.0,1.0,0
0.962962962962963,1.0,1.0,1.0,1
0.32432432432432434,0.34951456310679613,0.0,0.4444444444444444,0
0.8,1.0,1.0,1.0,1
0.967741935483871,1.0,1.0,1.0,1
0.3098591549295775,0.25396825396825395,0.0,0.22857142857142854,0
0.962962962962963,1.0,1.0,1.0,1
0.2790697674418605,0.23140495867768596,0.0,1.0,0
0.7894736842105263,1.0,1.0,1.0,1
0.17142857142857137,0.27118644067796616,0.0,0.5154639175257731,0
0.8333333333333335,1.0,1.0,1.0,1
0.967741935483871,1.0,1.0,1.0,1
0.2564102564102564,0.3931623931623932,0.0,0.25,0
0.2962962962962963,0.3023255813953488,0.0,0.35820895522388063,0
0.8181818181818181,1.0,1.0,1.0,1
0.375,0.32478632478632474,0.0,1.0,0
0.8095238095238095,1.0,1.0,1.0,1
0.5365853658536586,0.2931034482758621,0.0,0.3941605839416058,0
0.7575757575757575,1.0,1.0,1.0,1
0.3555555555555555,0.2816901408450704,1.0,1.0,0
0.8181818181818181,1.0,1.0,1.0,1
0.6923076923076923,1.0,1.0,1.0,1
0.33333333333333337,0.2716049382716049,0.0,1.0,0
0.339622641509434,0.37593984962406013,0.0,0.3597122302158273,0
0.8181818181818181,1.0,1.0,1.0,1
0.9411764705882352,1.0,1.0,1.0,1
0.2068965517241379,0.28125,0.0,0.3597122302158273,0
0.9545454545454546,1.0,1.0,1.0,1
0.9696969696969697,1.0,1.0,1.0,1
0.8787878787878788,1.0,1.0,1.0,1
0.9047619047619048,1.0,1.0,1.0,1
0.303030303030303,0.17582417582417587,0.0,1.0,0
0.3157894736842105,0.31343283582089554,0.0,1.0,0
0.8529411764705883,1.0,1.0,1.0,1
0.8620689655172413,1.0,1.0,1.0,1
0.8709677419354839,1.0,1.0,1.0,1
0.2702702702702703,0.3414634146341463,0.0,0.30508474576271183,0
0.25,0.23728813559322037,0.0,0.3589743589743589,0
0.30434782608695654,0.2784810126582279,0.0,0.25,0
0.962962962962963,1.0,1.0,1.0,1
0.6190476190476191,1.0,1.0,1.0,1
0.7222222222222221,1.0,1.0,1.0,1
0.9589041095890412,1.0,1.0,1.0,1
0.826086956521739,1.0,1.0,1.0,1
0.21052631578947367,0.27450980392156865,0.0,0.25,0
0.4375,0.31818181818181823,0.0,1.0,0
0.375,0.24242424242424243,0.0,0.14678899082568808,0
0.9433962264150944,1.0,1.0,1.0,1
0.9411764705882352,1.0,1.0,1.0,1
0.36363636363636365,0.27586206896551724,0.0,0.3597122302158273,0
0.7777777777777779,1.0,1.0,1.0,1
0.35,0.31999999999999995,0.0,0.35820895522388063,0
0.8518518518518519,1.0,1.0,1.0,1
0.9189189189189189,1.0,1.0,1.0,1
0.303030303030303,0.27692307692307694,0.0,0.34285714285714286,0
0.8666666666666667,1.0,1.0,1.0,1
0.9523809523809522,1.0,1.0,1.0,1
0.24242424242424243,0.28888888888888886,0.0,0.2857142857142857,0
0.3846153846153846,0.35398230088495575,0.0,1.0,0
0.8076923076923077,1.0,1.0,1.0,1
0.6666666666666667,1.0,1.0,1.0,1
0.8571428571428572,1.0,1.0,1.0,1
0.26315789473684215,0.37209302325581395,0.0,0.24137931034482762,0
0.975609756097561,1.0,1.0,1.0,1
0.9411764705882352,1.0,1.0,1.0,1
0.14814814814814814,0.1917808219178082,0.0,0.41333333333333333,0
0.8571428571428572,1.0,1.0,1.0,1
0.33333333333333337,0.2093023255813954,0.0,0.14678899082568808,0
0.2857142857142857,0.30952380952380953,1.0,0.2545454545454545,0
0.8181818181818181,1.0,1.0,1.0,1
0.9444444444444444,1.0,1.0,1.0,1
0.7333333333333334,1.0,1.0,1.0,1
0.3076923076923077,0.5979381443298969,1.0,0.3597122302158273,0
0.2142857142857143,0.2790697674418605,1.0,0.3597122302158273,0
0.4375,0.3877551020408163,0.0,0.36923076923076925,0
0.7142857142857143,1.0,1.0,1.0,1
0.29268292682926833,0.4329896907216495,0.0,0.2727272727272727,0
0.3414634146341463,0.32307692307692304,0.0,1.0,0
0.3571428571428571,0.2168674698795181,0.0,0.35820895522388063,0
0.21739130434782605,0.38095238095238093,0.0,0.35820895522388063,0
0.8823529411764706,1.0,1.0,1.0,1
0.7222222222222221,1.0,1.0,1.0,1
0.2702702702702703,0.19999999999999996,0.0,0.14678899082568808,0
0.6181818181818182,0.3384615384615385,0.0,1.0,0
0.9545454545454546,1.0,1.0,1.0,1
0.75,1.0,1.0,1.0,1
0.7777777777777779,1.0,1.0,1.0,1
0.33333333333333337,0.25,0.0,0.3597122302158273,0
0.9565217391304348,1.0,1.0,1.0,1
0.7333333333333334,1.0,1.0,1.0,1
0.9047619047619048,1.0,1.0,1.0,1
0.9545454545454546,1.0,1.0,1.0,1
0.8214285714285714,1.0,1.0,1.0,1
0.9655172413793103,1.0,1.0,1.0,1
0.29268292682926833,0.36046511627906974,1.0,1.0,0
0.9523809523809522,1.0,1.0,1.0,1
0.9411764705882352,1.0,1.0,1.0,1
0.9523809523809522,1.0,1.0,1.0,1
0.2857142857142857,0.3314285714285714,0.0,1.0,0
0.5625,0.2647058823529411,0.0,1.0,0
0.368421052631579,0.0,0.0,0.22857142857142854,0
0.15000000000000002,0.2666666666666667,0.0,0.24242424242424243,0
0.9473684210526316,1.0,1.0,1.0,1
0.9696969696969697,1.0,1.0,1.0,1
0.8,1.0,1.0,1.0,1
0.2777777777777778,0.26415094339622647,1.0,0.3597122302158273,0
0.8918918918918919,1.0,1.0,1.0,1
0.3829787234042554,0.2702702702702703,0.0,0.4444444444444444,0
0.6666666666666667,1.0,1.0,1.0,1
0.29850746268656714,0.32758620689655177,0.0,0.3793103448275862,0
0.2727272727272727,0.29230769230769227,0.0,0.36363636363636365,0
0.38235294117647056,0.40384615384615385,0.0,0.25,0
0.15384615384615385,0.3307086614173228,1.0,0.14814814814814814,0
0.9743589743589743,1.0,1.0,1.0,1
0.8620689655172413,1.0,1.0,1.0,1
0.9523809523809522,1.0,1.0,1.0,1
0.41860465116279066,0.23076923076923073,0.0,1.0,0
0.31818181818181823,0.3076923076923077,0.0,1.0,0
0.8181818181818181,1.0,1.0,1.0,1
0.30000000000000004,0.33333333333333337,0.0,0.25,0
0.7619047619047619,1.0,1.0,1.0,1
0.8571428571428572,1.0,1.0,1.0,1
0.8518518518518519,1.0,1.0,1.0,1
0.368421052631579,0.2702702702702703,0.0,1.0,0
0.26315789473684215,0.30000000000000004,0.0,0.3597122302158273,0
0.3846153846153846,0.33644859813084116,0.0,0.25,0
0.7647058823529411,1.0,1.0,1.0,1
0.9295774647887324,1.0,1.0,1.0,1
0.2222222222222222,0.26530612244897955,0.0,0.25,0
0.9565217391304348,1.0,1.0,1.0,1
0.32258064516129037,0.303030303030303,0.0,0.2068965517241379,0
0.4324324324324324,0.22784810126582278,0.0,1.0,0
0.5,1.0,1.0,1.0,1
0.34615384615384615,0.19672131147540983,0.0,0.35820895522388063,0
0.5555555555555556,1.0,1.0,1.0,1
0.9444444444444444,1.0,1.0,1.0,1
0.3214285714285714,0.33333333333333337,0.0,0.24137931034482762,0
0.35,0.37168141592920356,1.0,0.25,0
0.9565217391304348,1.0,1.0,1.0,1
0.9523809523809522,1.0,1.0,1.0,1
0.37209302325581395,0.31999999999999995,0.0,0.5154639175257731,0
0.25,0.3111111111111111,0.0,0.3597122302158273,0
0.303030303030303,0.2588235294117647,0.0,0.4,0
0.8857142857142857,1.0,1.0,1.0,1
0.9111111111111111,1.0,1.0,1.0,1
0.40909090909090906,0.3125,0.0,0.48,0
0.34615384615384615,0.34545454545454546,0.0,0.4444444444444444,0
0.6190476190476191,1.0,1.0,1.0,1
0.33333333333333337,0.25,0.0,0.3597122302158273,0
0.32558139534883723,0.3846153846153846,0.0,0.2857142857142857,0
0.3548387096774194,0.3314285714285714,0.0,0.3597122302158273,0
0.7894736842105263,1.0,1.0,1.0,1
0.26086956521739135,0.2678571428571429,0.0,0.25,0
0.8333333333333335,1.0,1.0,1.0,1
0.7647058823529411,1.0,1.0,1.0,1
0.75,1.0,1.0,1.0,1
0.8333333333333335,1.0,1.0,1.0,1
0.33333333333333337,0.3583815028901734,0.0,0.22857142857142854,0
0.9565217391304348,1.0,1.0,1.0,1
0.3125,0.3137254901960784,0.0,0.5154639175257731,0
0.8387096774193549,1.0,1.0,1.0,1
0.23076923076923073,0.2962962962962963,0.0,1.0,0
0.28,0.22857142857142854,0.0,0.25,0
0.37209302325581395,0.28865979381443296,0.0,0.4545454545454546,0
0.8,1.0,1.0,1.0,1
0.32432432432432434,0.4444444444444444,0.0,0.20895522388059706,0
0.84,1.0,1.0,1.0,1
0.96,1.0,1.0,1.0,1
0.4545454545454546,0.33333333333333337,0.0,0.25,0
0.25531914893617025,0.31858407079646023,0.0,0.3597122302158273,0
0.25806451612903225,0.26530612244897955,0.0,0.288135593220339,0
0.9361702127659575,1.0,1.0,1.0,1
0.84,1.0,1.0,1.0,1
0.2666666666666667,0.2706766917293233,0.0,0.3597122302158273,0
0.2666666666666667,0.2753623188405797,1.0,0.45569620253164556,0
0.8484848484848484,1.0,1.0,1.0,1
0.9811320754716981,1.0,1.0,1.0,1
0.975609756097561,1.0,1.0,1.0,1
0.5,0.4067796610169492,0.0,0.14678899082568808,0
0.2222222222222222,0.34666666666666673,0.0,0.48,0
0.6923076923076923,1.0,1.0,1.0,1
0.5555555555555556,1.0,1.0,1.0,1
0.25,0.31932773109243695,0.0,1.0,0
0.3157894736842105,0.3916083916083915,0.0,0.32258064516129037,0
0.7777777777777779,1.0,1.0,1.0,1
0.8,1.0,1.0,1.0,1
0.3448275862068966,0.34090909090909094,1.0,0.3783783783783784,0
0.6923076923076923,1.0,1.0,1.0,1
0.2564102564102564,0.26086956521739135,0.0,0.34285714285714286,0
0.782608695652174,1.0,1.0,1.0,1
0.7333333333333334,1.0,1.0,1.0,1
0.9545454545454546,1.0,1.0,1.0,1
0.9565217391304348,1.0,1.0,1.0,1
0.3571428571428571,0.3278688524590164,0.0,0.14814814814814814,0
0.75,1.0,1.0,1.0,1
0.38095238095238093,0.3298969072164949,0.0,0.3597122302158273,0
0.826086956521739,1.0,1.0,1.0,1
0.68,1.0,1.0,1.0,1
0.7894736842105263,1.0,1.0,1.0,1
0.8571428571428572,1.0,1.0,1.0,1
0.972972972972973,1.0,1.0,1.0,1
0.3076923076923077,0.3653846153846154,0.0,0.2857142857142857,0
0.7058823529411764,1.0,1.0,1.0,1
0.41025641025641024,0.3120567375886525,0.0,0.45569620253164556,0
0.6875,1.0,1.0,1.0,1
0.4516129032258065,0.303030303030303,0.0,0.14678899082568808,0
0.34042553191489366,0.276595744680851,0.0,1.0,0
0.33333333333333337,0.42352941176470593,0.0,0.25,0
0.29268292682926833,0.35051546391752575,0.0,0.2545454545454545,0
0.3076923076923077,0.3418803418803419,0.0,0.3589743589743589,0
0.9545454545454546,1.0,1.0,1.0,1
0.26086956521739135,0.3063063063063063,0.0,0.48,0
0.8823529411764706,1.0,1.0,1.0,1
0.35,0.3650793650793651,0.0,0.23333333333333328,0
0.9444444444444444,1.0,1.0,1.0,1
0.30000000000000004,0.2162162162162162,0.0,0.34782608695652173,0
0.21052631578947367,0.26415094339622647,0.0,1.0,0
0.6666666666666667,1.0,1.0,1.0,1
0.9565217391304348,1.0,1.0,1.0,1
0.31818181818181823,0.3655913978494624,0.0,0.48,0
0.39130434782608686,0.23376623376623373,0.0,0.3597122302158273,0
0.32258064516129037,0.2222222222222222,0.0,0.38095238095238093,0
0.4516129032258065,0.2222222222222222,0.0,0.2545454545454545,0
0.7619047619047619,1.0,1.0,1.0,1
0.826086956521739,1.0,1.0,1.0,1
0.14634146341463417,0.37168141592920356,0.0,1.0,0
0.3157894736842105,0.25806451612903225,0.0,0.4,0
0.32258064516129037,0.3220338983050848,0.0,0.35820895522388063,0
0.2857142857142857,0.3296703296703297,0.0,0.3597122302158273,0
0.36363636363636365,0.1724137931034483,0.0,0.45569620253164556,0
0.3076923076923077,0.29565217391304344,0.0,0.3597122302158273,0
0.96,1.0,1.0,1.0,1
0.8936170212765957,1.0,1.0,1.0,1
0.9655172413793103,1.0,1.0,1.0,1
0.84,1.0,1.0,1.0,1
0.7948717948717949,1.0,1.0,1.0,1
0.9565217391304348,1.0,1.0,1.0,1
0.3902439024390244,0.2962962962962963,0.0,1.0,0
0.8611111111111112,1.0,1.0,1.0,1
0.6666666666666667,1.0,1.0,1.0,1
0.972972972972973,1.0,1.0,1.0,1
0.6923076923076923,1.0,1.0,1.0,1
0.8,1.0,1.0,1.0,1
0.9473684210526316,1.0,1.0,1.0,1
0.8181818181818181,1.0,1.0,1.0,1
0.9615384615384616,1.0,1.0,1.0,1
0.2692307692307693,0.4324324324324324,1.0,0.2545454545454545,0
0.8,1.0,1.0,1.0,1
0.2647058823529411,0.26865671641791045,0.0,0.25,0
0.3555555555555555,0.09259259259259256,0.0,1.0,0
0.972972972972973,1.0,1.0,1.0,1
0.30508474576271183,0.3137254901960784,0.0,0.36363636363636365,0
0.962962962962963,1.0,1.0,1.0,1
0.826086956521739,1.0,1.0,1.0,1
0.8387096774193549,1.0,1.0,1.0,1
0.8181818181818181,1.0,1.0,1.0,1
0.7777777777777779,1.0,1.0,1.0,1
0.32835820895522383,0.36363636363636365,1.0,0.23076923076923073,0
0.84,1.0,1.0,1.0,1
0.303030303030303,0.3142857142857143,0.0,0.3783783783783784,0
0.2727272727272727,0.38888888888888884,0.0,0.3783783783783784,0
0.975609756097561,1.0,1.0,1.0,1
0.2666666666666667,0.36496350364963503,0.0,0.22857142857142854,0
0.8484848484848484,1.0,1.0,1.0,1
0.20833333333333337,0.4130434782608695,0.0,0.14678899082568808,0
0.4545454545454546,0.25,0.0,0.3597122302158273,0
0.4285714285714286,0.3076923076923077,0.0,1.0,0
0.26415094339622647,0.32530120481927716,0.0,0.14678899082568808,0
0.34042553191489366,0.3584905660377359,0.0,0.4545454545454546,0
0.43999999999999995,0.3877551020408163,0.0,0.25,0
0.37209302325581395,0.21666666666666667,0.0,0.14678899082568808,0
0.75,1.0,1.0,1.0,1
0.7894736842105263,1.0,1.0,1.0,1
0.19999999999999996,0.2823529411764706,0.0,0.25,0
0.3571428571428571,0.22580645161290325,0.0,1.0,0
0.75,1.0,1.0,1.0,1
0.36363636363636365,0.0,1.0,0.4761904761904761,0
0.2702702702702703,0.2954545454545454,0.0,1.0,0
0.962962962962963,1.0,1.0,1.0,1
0.28,0.2564102564102564,0.0,0.2545454545454545,0
0.27118644067796616,0.26086956521739135,0.0,0.36363636363636365,0
0.9767441860465115,1.0,1.0,1.0,1
0.8461538461538461,1.0,1.0,1.0,1
0.2692307692307693,0.39583333333333337,0.0,1.0,0
0.8888888888888888,1.0,1.0,1.0,1
0.814814814814815,1.0,1.0,1.0,1
0.8461538461538461,1.0,1.0,1.0,1
0.4242424242424242,0.368421052631579,0.0,0.36363636363636365,0
0.2857142857142857,0.43373493975903604,0.0,0.3597122302158273,0
0.9743589743589743,1.0,1.0,1.0,1
0.7894736842105263,1.0,1.0,1.0,1
0.3214285714285714,0.29885057471264365,0.0,0.24137931034482762,0
0.6923076923076923,1.0,1.0,1.0,1
0.84375,1.0,1.0,1.0,1
0.8333333333333335,1.0,1.0,1.0,1
0.34042553191489366,0.3950617283950617,0.0,0.2545454545454545,0
0.4444444444444444,0.3232323232323232,0.0,0.48,0
0.7647058823529411,1.0,1.0,1.0,1
0.33333333333333337,0.24489795918367352,0.0,0.3597122302158273,0
0.826086956521739,1.0,1.0,1.0,1
0.9032258064516128,1.0,1.0,1.0,1
0.8275862068965517,1.0,1.0,1.0,1
0.27586206896551724,0.35064935064935066,1.0,0.5154639175257731,0
0.29268292682926833,0.25,0.0,0.48,0
0.6521739130434783,1.0,1.0,1.0,1
0.4,0.23853211009174313,0.0,0.25,0
0.3555555555555555,0.202247191011236,0.0,0.4761904761904761,0
0.2790697674418605,0.36,1.0,0.3783783783783784,0
0.9523809523809522,1.0,1.0,1.0,1
0.3529411764705882,0.3089430894308943,1.0,1.0,0
0.7894736842105263,1.0,1.0,1.0,1
0.9589041095890412,1.0,1.0,1.0,1
0.6666666666666667,1.0,1.0,1.0,1
0.2692307692307693,0.32608695652173914,0.0,0.41860465116279066,0
0.2857142857142857,0.32352941176470584,0.0,0.24242424242424243,0
0.25,0.2535211267605634,0.0,0.3597122302158273,0
0.3157894736842105,0.35185185185185186,1.0,0.3783783783783784,0
0.2807017543859649,0.33898305084745756,0.0,0.14678899082568808,0
0.32258064516129037,0.31707317073170727,0.0,0.35820895522388063,0
0.2962962962962963,0.31496062992125984,0.0,0.25,0
0.2222222222222222,0.27083333333333337,0.0,0.3492063492063492,0
0.3125,0.27692307692307694,1.0,1.0,0
0.2857142857142857,0.3023255813953488,0.0,0.3597122302158273,0
0.8333333333333335,1.0,1.0,1.0,1
0.31999999999999995,0.25,0.0,0.42666666666666664,0
0.9714285714285714,1.0,1.0,1.0,1
0.26315789473684215,0.43999999999999995,1.0,0.24137931034482762,0
0.2978723404255319,0.3908045977011494,0.0,1.0,0
0.8461538461538461,1.0,1.0,1.0,1
0.4,0.2716049382716049,0.0,0.14678899082568808,0
0.9302325581395349,1.0,1.0,1.0,1
0.3076923076923077,0.4144144144144144,0.0,0.14678899082568808,0
0.2790697674418605,0.47863247863247854,0.0,0.3783783783783784,0
0.4,0.32499999999999996,0.0,0.45569620253164556,0
0.84,1.0,1.0,1.0,1
0.379746835443038,0.2702702702702703,0.0,1.0,0
0.84,1.0,1.0,1.0,1
0.8823529411764706,1.0,1.0,1.0,1
0.8571428571428572,1.0,1.0,1.0,1
0.7058823529411764,1.0,1.0,1.0,1
0.814814814814815,1.0,1.0,1.0,1
0.33333333333333337,0.35820895522388063,1.0,1.0,0
0.368421052631579,0.19512195121951215,0.0,0.3597122302158273,0
0.25,0.0,0.0,0.3278688524590164,0
0.3589743589743589,0.37209302325581395,1.0,0.35820895522388063,0
0.4444444444444444,0.2816901408450704,0.0,0.3783783783783784,0
0.7241379310344827,1.0,1.0,1.0,1
0.3529411764705882,0.33333333333333337,0.0,1.0,0
0.19999999999999996,0.3296703296703297,1.0,1.0,0
0.3529411764705882,0.3661971830985915,0.0,1.0,0
0.34782608695652173,0.3055555555555556,0.0,0.2545454545454545,0
0.7777777777777779,1.0,1.0,1.0,1
0.30000000000000004,0.32558139534883723,0.0,0.35820895522388063,0
0.3846153846153846,0.32499999999999996,0.0,0.2545454545454545,0
0.8947368421052632,1.0,1.0,1.0,1
0.2978723404255319,0.28828828828828834,0.0,0.35820895522388063,0
0.35,0.2790697674418605,0.0,1.0,0
0.962962962962963,1.0,1.0,1.0,1
0.8095238095238095,1.0,1.0,1.0,1
0.8076923076923077,1.0,1.0,1.0,1
0.9166666666666665,1.0,1.0,1.0,1
0.30434782608695654,0.33333333333333337,1.0,0.2545454545454545,0
0.7647058823529411,1.0,1.0,1.0,1
0.8095238095238095,1.0,1.0,1.0,1
0.2666666666666667,0.32478632478632474,0.0,0.25,0
0.8666666666666667,1.0,1.0,1.0,1
0.3448275862068966,0.33333333333333337,0.0,0.2857142857142857,0
0.25806451612903225,0.26315789473684215,1.0,0.4545454545454546,0
0.3870967741935484,0.2586206896551724,0.0,0.3589743589743589,0
0.34042553191489366,0.2786885245901639,0.0,0.2545454545454545,0
0.826086956521739,1.0,1.0,1.0,1
0.7058823529411764,1.0,1.0,1.0,1
0.16000000000000003,0.3870967741935484,0.0,0.1333333333333333,0
0.20512820512820518,0.2781456953642384,0.0,0.5154639175257731,0
0.24,0.2978723404255319,0.0,0.24137931034482762,0
0.2222222222222222,0.2666666666666667,0.0,0.35820895522388063,0
0.34042553191489366,0.33587786259541985,0.0,0.42666666666666664,0
0.16666666666666663,0.33898305084745756,0.0,1.0,0
0.375,0.3278688524590164,0.0,1.0,0
0.24242424242424243,0.30666666666666664,0.0,0.3597122302158273,0
0.41025641025641024,0.27586206896551724,0.0,1.0,0
0.6521739130434783,1.0,1.0,1.0,1
0.2222222222222222,0.3728813559322034,1.0,0.2545454545454545,0
0.7948717948717949,1.0,1.0,1.0,1
0.9772727272727273,1.0,1.0,1.0,1
0.32432432432432434,0.2857142857142857,0.0,1.0,0
0.8,1.0,1.0,1.0,1
0.196078431372549,0.2857142857142857,0.0,0.20895522388059706,0
0.2857142857142857,0.26315789473684215,1.0,0.25,0
0.7894736842105263,1.0,1.0,1.0,1
0.2777777777777778,0.31999999999999995,0.0,0.4761904761904761,0
0.7037037037037037,1.0,1.0,1.0,1
0.34375,0.2564102564102564,0.0,0.23076923076923073,0
0.2068965517241379,0.2912621359223301,0.0,0.14678899082568808,0
0.9696969696969697,1.0,1.0,1.0,1
0.30000000000000004,0.3544303797468354,0.0,0.2222222222222222,0
0.826086956521739,1.0,1.0,1.0,1
0.3448275862068966,0.44999999999999996,0.0,0.35820895522388063,0
0.962962962962963,1.0,1.0,1.0,1
0.9090909090909091,1.0,1.0,1.0,1
0.4,0.2857142857142857,0.0,1.0,0
0.3380281690140845,0.28125,0.0,0.3597122302158273,0
0.29268292682926833,0.34285714285714286,0.0,0.25,0
0.9655172413793103,1.0,1.0,1.0,1
0.37735849056603776,0.34782608695652173,0.0,0.3597122302158273,0
0.9545454545454546,1.0,1.0,1.0,1
0.41379310344827597,0.29885057471264365,0.0,0.3597122302158273,0
0.3555555555555555,0.368,1.0,0.2545454545454545,0
0.9259259259259259,1.0,1.0,1.0,1
0.4324324324324324,0.3111111111111111,0.0,0.3589743589743589,0
0.3125,0.275,1.0,1.0,0
0.6363636363636364,1.0,1.0,1.0,1
0.3529411764705882,0.326530612244898,0.0,0.3597122302158273,0
0.5,0.29268292682926833,0.0,0.24137931034482762,0
0.2909090909090909,0.34210526315789463,0.0,1.0,0
0.8461538461538461,1.0,1.0,1.0,1
0.8888888888888888,1.0,1.0,1.0,1
0.3529411764705882,0.3076923076923077,1.0,1.0,0
0.3666666666666667,0.33613445378151263,1.0,0.25,0
0.7333333333333334,1.0,1.0,1.0,1
0.34042553191489366,0.3407407407407408,0.0,0.25,0
0.7916666666666665,1.0,1.0,1.0,1
0.2272727272727273,0.41860465116279066,0.0,0.48,0
0.9166666666666665,1.0,1.0,1.0,1
0.3508771929824561,0.2753623188405797,0.0,0.2545454545454545,0
0.48275862068965514,0.34615384615384615,0.0,0.42666666666666664,0
0.9655172413793103,1.0,1.0,1.0,1
0.33333333333333337,0.3278688524590164,0.0,0.25,0
0.9019607843137255,1.0,1.0,1.0,1
0.9589041095890412,1.0,1.0,1.0,1
0.27450980392156865,0.34862385321100914,1.0,0.2545454545454545,0
0.41025641025641024,0.30612244897959184,0.0,0.25,0
0.9411764705882352,1.0,1.0,1.0,1
0.96,1.0,1.0,1.0,1
0.3076923076923077,0.3076923076923077,0.0,0.25,0
0.7647058823529411,1.0,1.0,1.0,1
0.3703703703703704,0.3666666666666667,1.0,0.35820895522388063,0
0.6666666666666667,1.0,1.0,1.0,1
0.804878048780488,1.0,1.0,1.0,1
0.34782608695652173,0.3508771929824561,0.0,0.22857142857142854,0
0.4,0.37606837606837606,0.0,0.36363636363636365,0
0.19999999999999996,0.2191780821917808,0.0,0.2545454545454545,0
0.8571428571428572,1.0,1.0,1.0,1
0.23529411764705888,0.24761904761904763,0.0,0.41666666666666663,0
0.8518518518518519,1.0,1.0,1.0,1
0.8076923076923077,1.0,1.0,1.0,1
0.36363636363636365,0.2692307692307693,0.0,0.25,0
0.7894736842105263,1.0,1.0,1.0,1
0.4705882352941176,0.23529411764705888,0.0,0.25,0
0.2790697674418605,0.31818181818181823,0.0,1.0,0
0.34782608695652173,0.2790697674418605,0.0,0.48,0
0.2564102564102564,0.41237113402061853,0.0,0.31746031746031744,0
0.2857142857142857,0.31481481481481477,0.0,0.5154639175257731,0
0.75,1.0,1.0,1.0,1
0.43478260869565216,0.28865979381443296,0.0,0.25,0
0.3783783783783784,0.3298969072164949,0.0,0.3597122302158273,0
0.7777777777777779,1.0,1.0,1.0,1
0.84,1.0,1.0,1.0,1
0.2222222222222222,0.29268292682926833,0.0,0.3597122302158273,0
0.2857142857142857,0.3423423423423423,0.0,0.25,0
0.8,1.0,1.0,1.0,1
0.368421052631579,0.4077669902912622,0.0,0.4545454545454546,0
0.8666666666666667,1.0,1.0,1.0,1
0.8461538461538461,1.0,1.0,1.0,1
0.34375,0.30952380952380953,0.0,0.25,0
0.9459459459459459,1.0,1.0,1.0,1
0.4,0.34285714285714286,0.0,0.2545454545454545,0
0.7894736842105263,1.0,1.0,1.0,1
0.40816326530612246,0.29032258064516125,0.0,1.0,0
0.5365853658536586,0.35051546391752575,0.0,1.0,0
0.8974358974358975,1.0,1.0,1.0,1
0.2962962962962963,0.42592592592592593,0.0,0.2702702702702703,0
0.4,0.3818181818181819,1.0,0.3783783783783784,0
0.3555555555555555,0.303448275862069,1.0,0.35820895522388063,0
0.6521739130434783,1.0,1.0,1.0,1
0.2978723404255319,0.419047619047619,0.0,0.22857142857142854,0
0.9069767441860467,1.0,1.0,1.0,1
0.9583333333333335,1.0,1.0,1.0,1
0.962962962962963,1.0,1.0,1.0,1
0.7333333333333334,1.0,1.0,1.0,1
0.25806451612903225,0.2909090909090909,0.0,0.4761904761904761,0
0.826086956521739,1.0,1.0,1.0,1
0.9361702127659575,1.0,1.0,1.0,1
0.4705882352941176,0.3603603603603604,0.0,1.0,0
0.2666666666666667,0.3137254901960784,0.0,0.3783783783783784,0
0.8275862068965517,1.0,1.0,1.0,1
0.3448275862068966,0.36363636363636365,1.0,1.0,0
0.4285714285714286,0.30000000000000004,0.0,0.25,0
0.75,1.0,1.0,1.0,1
0.9743589743589743,1.0,1.0,1.0,1
0.4324324324324324,0.31818181818181823,0.0,0.25,0
0.8666666666666667,1.0,1.0,1.0,1
0.41025641025641024,0.3589743589743589,0.0,0.3125,0
0.8823529411764706,1.0,1.0,1.0,1
0.3076923076923077,0.32432432432432434,0.0,0.3597122302158273,0
0.68,1.0,1.0,1.0,1
0.9655172413793103,1.0,1.0,1.0,1
0.4242424242424242,0.3821656050955414,0.0,0.3597122302158273,0
0.8,1.0,1.0,1.0,1
0.2857142857142857,0.3703703703703704,0.0,0.35820895522388063,0
0.3783783783783784,0.351145038167939,0.0,1.0,0
0.3571428571428571,0.3111111111111111,1.0,1.0,0
0.29166666666666663,0.2990654205607477,0.0,0.24137931034482762,0
0.7241379310344827,1.0,1.0,1.0,1
0.7647058823529411,1.0,1.0,1.0,1
0.6521739130434783,1.0,1.0,1.0,1
0.19999999999999996,0.2777777777777778,1.0,0.2857142857142857,0
0.782608695652174,1.0,1.0,1.0,1
0.3370786516853933,0.2857142857142857,0.0,0.33333333333333337,0
0.29268292682926833,0.3090909090909091,0.0,0.3597122302158273,0
0.96,1.0,1.0,1.0,1
0.3589743589743589,0.4273504273504274,0.0,0.31746031746031744,0
0.24,0.3728813559322034,0.0,0.2545454545454545,0
0.2857142857142857,0.303030303030303,0.0,0.25,0
0.75,1.0,1.0,1.0,1
0.3902439024390244,0.17543859649122806,0.0,1.0,0
0.31034482758620685,0.29824561403508776,0.0,1.0,0
0.9777777777777777,1.0,1.0,1.0,1
0.39130434782608686,0.26771653543307083,1.0,0.3597122302158273,0
0.34042553191489366,0.3218390804597702,0.0,0.35820895522388063,0
0.75,1.0,1.0,1.0,1
0.2962962962962963,0.12048192771084343,0.0,0.14678899082568808,0
0.8333333333333335,1.0,1.0,1.0,1
0.8181818181818181,1.0,1.0,1.0,1
0.3529411764705882,0.3846153846153846,0.0,0.4444444444444444,0
0.30000000000000004,0.2748091603053435,0.0,0.48,0
0.2790697674418605,0.2222222222222222,0.0,0.3597122302158273,0
0.4375,0.2823529411764706,0.0,0.3597122302158273,0
0.9090909090909091,1.0,1.0,1.0,1
0.23529411764705888,0.28205128205128205,0.0,0.24137931034482762,0
0.3157894736842105,0.33333333333333337,0.0,1.0,0
0.68,1.0,1.0,1.0,1
0.814814814814815,1.0,1.0,1.0,1
0.23728813559322037,0.25263157894736843,0.0,0.25,0
0.2790697674418605,0.2429906542056075,0.0,1.0,0
0.6363636363636364,1.0,1.0,1.0,1
0.2857142857142857,0.3731343283582089,0.0,1.0,0
0.75,1.0,1.0,1.0,1
0.75,1.0,1.0,1.0,1
0.96,1.0,1.0,1.0,1
0.25806451612903225,0.2666666666666667,0.0,0.25,0
0.7333333333333334,1.0,1.0,1.0,1
0.2666666666666667,0.32432432432432434,0.0,0.38095238095238093,0
0.27586206896551724,0.34782608695652173,0.0,0.25,0
0.7619047619047619,1.0,1.0,1.0,1
0.84,1.0,1.0,1.0,1
0.42105263157894735,0.29885057471264365,0.0,0.2545454545454545,0
0.32258064516129037,0.36363636363636365,0.0,0.48,0
0.8095238095238095,1.0,1.0,1.0,1
0.84,0.0,1.0,1.0,1
0.3214285714285714,0.33333333333333337,0.0,1.0,0
0.7777777777777779,1.0,1.0,1.0,1
0.25806451612903225,0.3178807947019867,0.0,0.3597122302158273,0
0.27586206896551724,0.19672131147540983,0.0,0.35820895522388063,0
0.8461538461538461,1.0,1.0,1.0,1
0.96,1.0,1.0,1.0,1
0.8461538461538461,1.0,1.0,1.0,1
0.8,1.0,1.0,1.0,1
0.36111111111111116,0.2295081967213115,0.0,0.25,0
0.2702702702702703,0.40816326530612246,0.0,0.2545454545454545,0
0.34615384615384615,0.37209302325581395,0.0,0.3783783783783784,0
0.7647058823529411,1.0,1.0,1.0,1
0.35,0.33333333333333337,0.0,0.45569620253164556,0
0.9411764705882352,1.0,1.0,1.0,1
0.8214285714285714,1.0,1.0,1.0,1
0.84,1.0,1.0,1.0,1
0.3214285714285714,0.33587786259541985,1.0,0.5154639175257731,0
0.43333333333333335,0.1923076923076923,0.0,0.34782608695652173,0
0.4285714285714286,0.4126984126984127,0.0,0.48,0
0.8947368421052632,1.0,1.0,1.0,1
0.46808510638297873,0.25287356321839083,0.0,0.42666666666666664,0
0.41379310344827597,0.3584905660377359,1.0,0.31746031746031744,0
0.8709677419354839,1.0,1.0,1.0,1
0.736842105263158,1.0,1.0,1.0,1
0.6923076923076923,1.0,1.0,1.0,1
0.37209302325581395,0.31818181818181823,0.0,0.4545454545454546,0
0.9655172413793103,1.0,1.0,1.0,1
0.9777777777777777,1.0,1.0,1.0,1
0.36363636363636365,0.33333333333333337,0.0,1.0,0
0.7714285714285716,1.0,1.0,1.0,1
0.29268292682926833,0.29824561403508776,0.0,1.0,0
0.6857142857142857,0.3111111111111111,0.0,0.3597122302158273,0
0.2777777777777778,0.38888888888888884,0.0,0.2545454545454545,0
0.8461538461538461,1.0,1.0,1.0,1
0.2978723404255319,0.28205128205128205,0.0,0.4761904761904761,0
0.35,0.3214285714285714,0.0,1.0,0
0.96,1.0,1.0,1.0,1
0.4615384615384615,0.2857142857142857,0.0,0.14678899082568808,0
0.37209302325581395,0.2962962962962963,0.0,0.48,0
0.2068965517241379,0.32307692307692304,0.0,0.36363636363636365,0
0.9047619047619048,1.0,1.0,1.0,1
0.8823529411764706,1.0,1.0,1.0,1
0.38888888888888884,0.2716049382716049,0.0,0.3783783783783784,0
0.4363636363636364,0.3157894736842105,0.0,0.25,0
0.3157894736842105,0.27956989247311825,0.0,0.24137931034482762,0
0.36734693877551017,0.2978723404255319,1.0,0.25,0
0.41666666666666663,0.0,0.0,0.24,0
0.7894736842105263,1.0,1.0,1.0,1
0.9,1.0,1.0,1.0,1
0.4,0.45783132530120485,0.0,0.5154639175257731,0
0.32558139534883723,0.23728813559322037,0.0,0.2857142857142857,0
0.75,1.0,1.0,1.0,1
0.36363636363636365,0.37398373983739847,0.0,0.2222222222222222,0
0.3902439024390244,0.34375,0.0,1.0,0
0.9375,1.0,1.0,1.0,1
0.7727272727272727,1.0,1.0,1.0,1
0.24,0.3529411764705882,0.0,1.0,0
0.23529411764705888,0.3414634146341463,0.0,0.38095238095238093,0
0.782608695652174,1.0,1.0,1.0,1
0.33333333333333337,0.39252336448598135,0.0,0.25,0
0.972972972972973,1.0,1.0,1.0,1
0.33333333333333337,0.34782608695652173,0.0,0.4761904761904761,0
0.2666666666666667,0.29729729729729726,0.0,1.0,0
0.5789473684210527,1.0,1.0,1.0,1
0.1875,0.3962264150943396,0.0,0.40909090909090906,0
0.9090909090909091,1.0,1.0,1.0,1
0.8518518518518519,1.0,1.0,1.0,1
0.5217391304347826,0.25396825396825395,0.0,0.25,0
0.9090909090909091,1.0,1.0,1.0,1
0.7222222222222221,1.0,1.0,1.0,1
0.8095238095238095,1.0,1.0,1.0,1
0.75,1.0,1.0,1.0,1
0.23529411764705888,0.2222222222222222,0.0,1.0,0
0.34042553191489366,0.3047619047619048,0.0,1.0,0
0.24242424242424243,0.12,0.0,0.38095238095238093,0
0.9743589743589743,1.0,1.0,1.0,1
0.9444444444444444,1.0,1.0,1.0,1
0.3529411764705882,0.28846153846153844,0.0,1.0,0
0.8,1.0,1.0,1.0,1
0.33333333333333337,0.28985507246376807,1.0,0.3597122302158273,0
0.4,0.40506329113924056,0.0,0.48,0
0.7142857142857143,1.0,1.0,1.0,1
0.7419354838709676,1.0,1.0,1.0,1
0.2790697674418605,0.3709677419354838,0.0,0.2545454545454545,0
0.3703703703703704,0.42666666666666664,1.0,0.4,0
0.3414634146341463,0.419047619047619,0.0,1.0,0
0.2777777777777778,0.31858407079646023,0.0,0.25,0
0.9473684210526316,1.0,1.0,1.0,1
0.8888888888888888,1.0,1.0,1.0,1
0.8709677419354839,1.0,1.0,1.0,1
0.4117647058823529,0.36363636363636365,0.0,0.5,0
0.9620253164556962,1.0,1.0,1.0,1
0.5769230769230769,0.3877551020408163,0.0,1.0,0
0.26315789473684215,0.2588235294117647,1.0,0.25,0
0.6923076923076923,0.0,1.0,1.0,1
0.32727272727272727,0.26865671641791045,0.0,0.3783783783783784,0
0.7333333333333334,1.0,1.0,1.0,1
0.4375,0.18918918918918914,0.0,1.0,0
0.6521739130434783,1.0,1.0,1.0,1
0.4444444444444444,0.3666666666666667,0.0,0.3597122302158273,0
0.2978723404255319,0.41237113402061853,0.0,0.36363636363636365,0
0.9523809523809522,1.0,1.0,1.0,1
0.38888888888888884,0.35398230088495575,0.0,1.0,0
0.3111111111111111,0.2975206611570248,1.0,0.25,0
0.23076923076923073,0.24489795918367352,1.0,0.25,0
0.9259259259259259,1.0,1.0,1.0,1
0.25,0.2222222222222222,0.0,0.24137931034482762,0
0.7727272727272727,1.0,1.0,1.0,1
0.9743589743589743,1.0,1.0,1.0,1
0.5161290322580645,0.3833333333333333,0.0,0.2545454545454545,0
0.962962962962963,1.0,1.0,1.0,1
0.9655172413793103,1.0,1.0,1.0,1
0.9473684210526316,1.0,1.0,1.0,1
0.9444444444444444,1.0,1.0,1.0,1
0.2222222222222222,0.33898305084745756,0.0,0.36923076923076925,0
0.4545454545454546,0.3424657534246576,0.0,0.3597122302158273,0
0.32432432432432434,0.28985507246376807,0.0,0.25,0
0.25,0.28099173553719003,0.0,0.45569620253164556,0
0.6153846153846154,1.0,1.0,1.0,1
0.30000000000000004,0.32432432432432434,0.0,0.45569620253164556,0
0.33333333333333337,0.3370786516853933,0.0,0.36363636363636365,0
0.8,1.0,1.0,1.0,1
0.8333333333333335,1.0,1.0,1.0,1
0.7916666666666665,1.0,1.0,1.0,1
0.6923076923076923,1.0,1.0,1.0,1
0.8518518518518519,1.0,1.0,1.0,1
0.2222222222222222,0.22429906542056077,0.0,0.31746031746031744,0
0.7894736842105263,1.0,1.0,1.0,1
0.8181818181818181,1.0,1.0,1.0,1
0.975609756097561,1.0,1.0,1.0,1
0.2222222222222222,0.22535211267605637,0.0,0.3597122302158273,0
0.36363636363636365,0.32478632478632474,0.0,0.36363636363636365,0
0.17142857142857137,0.3188405797101449,0.0,0.3597122302158273,0
0.33333333333333337,0.2028985507246377,0.0,0.2222222222222222,0
0.33333333333333337,0.4421052631578948,0.0,1.0,0
0.8620689655172413,1.0,1.0,1.0,1
0.3529411764705882,0.2990654205607477,0.0,0.25,0
0.7647058823529411,1.0,1.0,1.0,1
0.4,0.23188405797101452,0.0,0.31746031746031744,0
0.8857142857142857,1.0,1.0,1.0,1
0.32258064516129037,0.33766233766233766,0.0,0.25,0
0.7142857142857143,1.0,1.0,1.0,1
0.2666666666666667,0.30000000000000004,0.0,0.35820895522388063,0
0.9473684210526316,1.0,1.0,1.0,1
0.41379310344827597,0.2033898305084746,0.0,0.14814814814814814,0
0.3157894736842105,0.36363636363636365,0.0,0.4545454545454546,0
0.9523809523809522,1.0,1.0,1.0,1
0.2777777777777778,0.36363636363636365,0.0,0.35820895522388063,0
0.31999999999999995,0.2666666666666667,0.0,0.35820895522388063,0
0.782608695652174,1.0,1.0,1.0,1
0.24242424242424243,0.33333333333333337,0.0,0.24137931034482762,0
0.7727272727272727,1.0,1.0,1.0,1
0.41666666666666663,0.31999999999999995,0.0,1.0,0
0.6190476190476191,1.0,1.0,1.0,1
0.33333333333333337,0.32352941176470584,0.0,1.0,0
0.9523809523809522,1.0,1.0,1.0,1
0.95,1.0,1.0,1.0,1
0.782608695652174,1.0,1.0,1.0,1
0.8333333333333335,1.0,1.0,1.0,1
0.962962962962963,1.0,1.0,1.0,1
0.4897959183673469,0.35761589403973515,1.0,0.3597122302158273,0
0.8095238095238095,0.0,1.0,1.0,1
0.8809523809523809,1.0,1.0,1.0,1
0.9743589743589743,1.0,1.0,1.0,1
0.43478260869565216,0.3125,0.0,1.0,0
0.368421052631579,0.3287671232876712,0.0,0.2545454545454545,0
0.7916666666666665,1.0,1.0,1.0,1
0.8214285714285714,1.0,1.0,1.0,1
0.8,1.0,1.0,1.0,1
0.9444444444444444,1.0,1.0,1.0,1
0.7142857142857143,1.0,1.0,1.0,1
0.2857142857142857,0.2857142857142857,0.0,0.5154639175257731,0
0.4057971014492754,0.0,0.0,1.0,0
0.375,0.19999999999999996,1.0,0.25,0
0.7894736842105263,1.0,1.0,1.0,1
0.339622641509434,0.19999999999999996,0.0,0.25,0
0.4,0.33644859813084116,0.0,0.3597122302158273,0
0.7727272727272727,1.0,1.0,1.0,1
0.45714285714285713,0.25,0.0,0.25,0
0.4,0.2588235294117647,1.0,1.0,0
0.55,0.3111111111111111,0.0,0.14678899082568808,0
0.8709677419354839,1.0,1.0,1.0,1
0.8571428571428572,1.0,1.0,1.0,1
0.826086956521739,1.0,1.0,1.0,1
0.5789473684210527,1.0,1.0,1.0,1
0.368421052631579,0.31858407079646023,1.0,0.40909090909090906,0
0.31818181818181823,0.3896103896103897,0.0,1.0,0
0.33333333333333337,0.34883720930232553,0.0,0.23333333333333328,0
0.25,0.3414634146341463,0.0,1.0,0
0.21052631578947367,0.2321428571428571,0.0,1.0,0
0.3076923076923077,0.21052631578947367,0.0,0.3597122302158273,0
0.25,0.31999999999999995,0.0,0.31746031746031744,0
0.7777777777777779,1.0,1.0,1.0,1
0.9583333333333335,1.0,1.0,1.0,1
0.30434782608695654,0.34883720930232553,0.0,0.25,0
0.7333333333333334,1.0,1.0,1.0,1
0.3076923076923077,0.27692307692307694,0.0,0.41333333333333333,0
0.8095238095238095,1.0,1.0,1.0,1
0.29166666666666663,0.33644859813084116,0.0,1.0,0
0.9523809523809522,1.0,1.0,1.0,1
0.3188405797101449,0.3114754098360656,1.0,0.4545454545454546,0
0.9655172413793103,1.0,1.0,1.0,1
0.8095238095238095,1.0,1.0,1.0,1
0.2857142857142857,0.4297520661157025,0.0,0.45569620253164556,0
0.95,1.0,1.0,1.0,1
0.7241379310344827,1.0,1.0,1.0,1
0.8571428571428572,1.0,1.0,1.0,1
0.46875,0.34782608695652173,0.0,0.3597122302158273,0
0.782608695652174,1.0,1.0,1.0,1
0.4651162790697675,0.35051546391752575,0.0,0.2857142857142857,0
0.8333333333333335,1.0,1.0,1.0,1
0.8518518518518519,1.0,1.0,1.0,1
0.34285714285714286,0.288135593220339,0.0,0.2545454545454545,0
0.7333333333333334,1.0,1.0,1.0,1
0.3125,0.33684210526315794,0.0,0.20895522388059706,0
0.3157894736842105,0.3168316831683168,0.0,0.3125,0
0.29166666666666663,0.25531914893617025,0.0,0.41333333333333333,0
0.6923076923076923,1.0,1.0,1.0,1
0.30000000000000004,0.3880597014925373,1.0,0.35820895522388063,0
0.9552238805970148,1.0,1.0,1.0,1
0.9714285714285714,1.0,1.0,1.0,1
0.36363636363636365,0.32258064516129037,0.0,0.2941176470588235,0
0.972972972972973,1.0,1.0,1.0,1
0.4615384615384615,0.3548387096774194,0.0,1.0,0
0.36363636363636365,0.2637362637362637,0.0,1.0,0
0.3414634146341463,0.24096385542168675,0.0,0.2068965517241379,0
0.36363636363636365,0.2264150943396226,0.0,0.25,0
0.4,0.25,0.0,0.23076923076923073,0
0.32258064516129037,0.32692307692307687,0.0,0.2545454545454545,0
0.25,0.31775700934579443,0.0,1.0,0
0.41379310344827597,0.2807017543859649,0.0,0.3783783783783784,0
0.972972972972973,1.0,1.0,1.0,1
0.34285714285714286,0.3125,0.0,1.0,0
0.2666666666666667,0.41758241758241754,0.0,1.0,0
0.9111111111111111,1.0,1.0,1.0,1
0.8095238095238095,1.0,1.0,1.0,1
0.7037037037037037,1.0,1.0,1.0,1
0.56,0.3302752293577982,0.0,0.3597122302158273,0
0.6521739130434783,1.0,1.0,1.0,1
0.9666666666666667,1.0,1.0,1.0,1
0.736842105263158,1.0,1.0,1.0,1
0.875,1.0,1.0,1.0,1
0.3125,0.33766233766233766,0.0,0.3597122302158273,0
0.38888888888888884,0.31746031746031744,0.0,1.0,0
0.2857142857142857,0.25316455696202533,0.0,0.22857142857142854,0
0.25,0.3221476510067114,0.0,1.0,0
0.3188405797101449,0.25,0.0,0.36923076923076925,0
0.826086956521739,1.0,1.0,1.0,1
0.7333333333333334,1.0,1.0,1.0,1
0.967741935483871,1.0,1.0,1.0,1
0.2857142857142857,0.34426229508196726,1.0,0.25,0
0.9473684210526316,1.0,1.0,1.0,1
0.826086956521739,1.0,1.0,1.0,1
0.26315789473684215,0.5,0.0,1.0,0
0.875,1.0,1.0,1.0,1
0.368421052631579,0.32727272727272727,1.0,0.14678899082568808,0
0.44999999999999996,0.16326530612244894,0.0,0.31746031746031744,0
0.8518518518518519,1.0,1.0,1.0,1
0.303030303030303,0.38596491228070173,0.0,0.48,0
0.30434782608695654,0.33333333333333337,0.0,0.3783783783783784,0
0.38888888888888884,0.18181818181818177,0.0,0.22857142857142854,0
0.2816901408450704,0.30952380952380953,0.0,0.45569620253164556,0
0.9130434782608696,1.0,1.0,1.0,1
0.45070422535211263,0.23404255319148937,0.0,0.2941176470588235,0
0.368421052631579,0.21818181818181814,0.0,0.42666666666666664,0
0.4242424242424242,0.3870967741935484,0.0,0.25,0
0.3214285714285714,0.2682926829268293,0.0,0.4545454545454546,0
0.6363636363636364,1.0,1.0,1.0,1
0.9545454545454546,1.0,1.0,1.0,1
0.962962962962963,1.0,1.0,1.0,1
0.9019607843137255,1.0,1.0,1.0,1
0.32727272727272727,0.30188679245283023,0.0,0.3492063492063492,0
0.96,1.0,1.0,1.0,1
0.6521739130434783,1.0,1.0,1.0,1
0.27586206896551724,0.2666666666666667,0.0,0.32258064516129037,0
0.8275862068965517,1.0,1.0,1.0,1
0.923076923076923,1.0,1.0,1.0,1
0.8648648648648648,1.0,1.0,1.0,1
0.3111111111111111,0.25,0.0,0.42666666666666664,0
0.6666666666666667,1.0,1.0,1.0,1
0.814814814814815,1.0,1.0,1.0,1
0.875,1.0,1.0,1.0,1
0.37209302325581395,0.36111111111111116,1.0,0.45569620253164556,0
0.75,1.0,1.0,1.0,1
0.3555555555555555,0.0,1.0,0.36923076923076925,0
0.9523809523809522,1.0,1.0,1.0,1
0.8461538461538461,1.0,1.0,1.0,1
0.2978723404255319,0.30000000000000004,0.0,0.3597122302158273,0
0.33333333333333337,0.3559322033898306,0.0,0.14678899082568808,0
0.33333333333333337,0.32499999999999996,0.0,0.3529411764705882,0
0.84,1.0,1.0,1.0,1
0.2666666666666667,0.3191489361702128,0.0,0.3597122302158273,0
0.782608695652174,1.0,1.0,1.0,1
0.7647058823529411,1.0,1.0,1.0,1
0.9777777777777777,1.0,1.0,1.0,1
0.875,1.0,1.0,1.0,1
0.29166666666666663,0.26086956521739135,0.0,1.0,0
0.32432432432432434,0.22916666666666663,0.0,1.0,0
0.3571428571428571,0.2962962962962963,0.0,0.20895522388059706,0
0.3555555555555555,0.3165467625899281,0.0,0.25,0
0.29166666666666663,0.33333333333333337,0.0,0.4761904761904761,0
0.9743589743589743,1.0,1.0,1.0,1
0.27586206896551724,0.3157894736842105,1.0,0.25,0
0.972972972972973,1.0,1.0,1.0,1
0.3529411764705882,0.3055555555555556,0.0,0.2545454545454545,0
0.15384615384615385,0.3035714285714286,0.0,0.3529411764705882,0
0.19999999999999996,0.3783783783783784,1.0,0.22857142857142854,0
0.9655172413793103,1.0,1.0,1.0,1
0.3076923076923077,0.25531914893617025,0.0,0.25,0
0.48888888888888893,0.3298969072164949,0.0,0.2702702702702703,0
0.33333333333333337,0.28220858895705525,0.0,0.35820895522388063,0
0.41666666666666663,0.3650793650793651,0.0,0.3597122302158273,0
0.26086956521739135,0.14583333333333337,0.0,0.3214285714285714,0
0.8181818181818181,1.0,1.0,1.0,1
0.32258064516129037,0.3896103896103897,0.0,0.25,0
0.32558139534883723,0.43478260869565216,1.0,1.0,0
0.39130434782608686,0.37362637362637363,0.0,1.0,0
0.3555555555555555,0.2429906542056075,0.0,0.23333333333333328,0
0.34285714285714286,0.24691358024691357,0.0,0.25,0
0.9473684210526316,1.0,1.0,1.0,1
0.7619047619047619,1.0,1.0,1.0,1
0.4473684210526315,0.4363636363636364,0.0,0.20895522388059706,0
0.22857142857142854,0.276595744680851,0.0,0.33333333333333337,0
0.9743589743589743,1.0,1.0,1.0,1
0.967741935483871,1.0,1.0,1.0,1
0.8888888888888888,1.0,1.0,1.0,1
0.23529411764705888,0.25,0.0,1.0,0
0.7714285714285716,1.0,1.0,1.0,1
0.30508474576271183,0.25806451612903225,0.0,1.0,0
0.95,1.0,1.0,1.0,1
0.9777777777777777,1.0,1.0,1.0,1
0.375,0.3513513513513513,0.0,0.2857142857142857,0
0.782608695652174,1.0,1.0,1.0,1
0.375,0.2637362637362637,0.0,0.35820895522388063,0
0.32432432432432434,0.33333333333333337,0.0,0.41666666666666663,0
0.2857142857142857,0.31775700934579443,0.0,0.24137931034482762,0
0.33333333333333337,0.2777777777777778,0.0,0.25,0
0.23255813953488372,0.37735849056603776,0.0,0.2222222222222222,0
0.2702702702702703,0.3380281690140845,0.0,0.4,0
0.3414634146341463,0.2191780821917808,0.0,0.25,0
0.9523809523809522,1.0,1.0,1.0,1
0.3214285714285714,0.3571428571428571,0.0,0.35820895522388063,0
0.8095238095238095,1.0,1.0,1.0,1
0.9577464788732395,1.0,1.0,1.0,1
0.16000000000000003,0.3119266055045872,0.0,0.31746031746031744,0
0.3076923076923077,0.28888888888888886,0.0,1.0,0
0.3448275862068966,0.31746031746031744,0.0,0.2857142857142857,0
0.24,0.20408163265306123,1.0,1.0,0
0.967741935483871,1.0,1.0,1.0,1
0.972972972972973,1.0,1.0,1.0,1
0.6923076923076923,1.0,1.0,1.0,1
0.8666666666666667,1.0,1.0,1.0,1
0.8,1.0,1.0,1.0,1
0.3448275862068966,0.40963855421686746,0.0,0.25,0
0.736842105263158,1.0,1.0,1.0,1
0.8076923076923077,1.0,1.0,1.0,1
0.30188679245283023,0.30434782608695654,0.0,0.36923076923076925,0
0.7058823529411764,1.0,1.0,1.0,1
0.9696969696969697,1.0,1.0,1.0,1
0.3137254901960784,0.3366336633663366,0.0,0.31746031746031744,0
0.5714285714285714,0.25742574257425743,0.0,1.0,0
0.8181818181818181,1.0,1.0,1.0,1
0.8,1.0,1.0,1.0,1
0.34782608695652173,0.30000000000000004,1.0,1.0,0
0.303030303030303,0.3168316831683168,0.0,0.24242424242424243,0
0.2857142857142857,0.2666666666666667,0.0,0.4444444444444444,0
0.36,0.3047619047619048,0.0,0.2545454545454545,0
0.5333333333333333,0.2857142857142857,0.0,0.48,0
0.24390243902439024,0.18181818181818177,0.0,0.25,0
0.4242424242424242,0.3902439024390244,1.0,0.14678899082568808,0
0.75,1.0,1.0,1.0,1
0.7916666666666665,1.0,1.0,1.0,1
0.84,1.0,1.0,1.0,1
0.17391304347826086,0.24444444444444446,0.0,0.2857142857142857,0
0.6875,1.0,1.0,1.0,1
0.813953488372093,1.0,1.0,1.0,1
0.7714285714285716,1.0,1.0,1.0,1
0.19047619047619047,0.28037383177570097,0.0,0.20895522388059706,0
0.24,0.39252336448598135,0.0,0.35820895522388063,0
0.6875,1.0,1.0,1.0,1
0.7333333333333334,1.0,1.0,1.0,1
0.19999999999999996,0.32258064516129037,0.0,1.0,0
0.75,1.0,1.0,1.0,1
0.8,1.0,1.0,1.0,1
0.7777777777777779,1.0,1.0,1.0,1
0.31818181818181823,0.22680412371134018,0.0,0.25,0
0.2790697674418605,0.3711340206185567,1.0,0.5154639175257731,0
0.2857142857142857,0.11940298507462688,0.0,0.25,0
0.38888888888888884,0.36363636363636365,1.0,0.3783783783783784,0
0.975609756097561,1.0,1.0,1.0,1
0.34042553191489366,0.32499999999999996,0.0,0.3529411764705882,0
0.7333333333333334,1.0,1.0,1.0,1
0.962962962962963,1.0,1.0,1.0,1
0.2857142857142857,0.34437086092715236,0.0,0.5154639175257731,0
0.23529411764705888,0.32499999999999996,0.0,0.25,0
0.8333333333333335,1.0,1.0,1.0,1
0.8333333333333335,1.0,1.0,1.0,1
0.38888888888888884,0.4814814814814815,0.0,0.25,0
0.4864864864864865,0.30508474576271183,0.0,0.2857142857142857,0
0.9473684210526316,1.0,1.0,1.0,1
0.84375,1.0,1.0,1.0,1
0.33333333333333337,0.351145038167939,0.0,0.3278688524590164,0
0.2857142857142857,0.32098765432098764,0.0,0.3597122302158273,0
0.41025641025641024,0.2666666666666667,0.0,0.48,0
0.3870967741935484,0.3709677419354838,0.0,0.25,0
0.4,0.37606837606837606,0.0,0.4,0
0.8620689655172413,1.0,1.0,1.0,1
0.32432432432432434,0.3220338983050848,0.0,0.14814814814814814,0
0.2692307692307693,0.3047619047619048,0.0,0.14678899082568808,0
0.8518518518518519,1.0,1.0,1.0,1
0.9696969696969697,1.0,1.0,1.0,1
0.9411764705882352,1.0,1.0,1.0,1
0.9411764705882352,1.0,1.0,1.0,1
0.96,1.0,1.0,1.0,1
0.3529411764705882,0.33333333333333337,1.0,0.35820895522388063,0
0.7647058823529411,1.0,1.0,1.0,1
0.3529411764705882,0.32835820895522383,0.0,0.22857142857142854,0
0.2692307692307693,0.3373493975903614,1.0,0.14678899082568808,0
0.23529411764705888,0.23853211009174313,0.0,0.43333333333333335,0
0.3571428571428571,0.24561403508771928,0.0,0.24137931034482762,0
0.3846153846153846,0.2857142857142857,0.0,0.36363636363636365,0
0.32432432432432434,0.20895522388059706,0.0,1.0,0
0.31999999999999995,0.4318181818181818,0.0,0.25,0
0.41025641025641024,0.3695652173913043,0.0,1.0,0
0.9647058823529412,1.0,1.0,1.0,1
0.7727272727272727,1.0,1.0,1.0,1
0.48275862068965514,0.2222222222222222,0.0,1.0,0
0.9375,1.0,1.0,1.0,1
0.8181818181818181,1.0,1.0,1.0,1
0.326530612244898,0.30000000000000004,0.0,0.3783783783783784,0
0.6428571428571428,1.0,1.0,1.0,1
0.7647058823529411,1.0,1.0,1.0,1
0.75,1.0,1.0,1.0,1
0.84,1.0,1.0,1.0,1
0.8529411764705883,1.0,1.0,1.0,1
0.36363636363636365,0.28915662650602414,0.0,1.0,0
0.2962962962962963,0.33333333333333337,0.0,0.48,0
0.75,1.0,1.0,1.0,1
0.9714285714285714,1.0,1.0,1.0,1
0.9473684210526316,1.0,1.0,1.0,1
0.25806451612903225,0.3157894736842105,0.0,1.0,0
0.4117647058823529,0.2727272727272727,0.0,0.25,0
0.2222222222222222,0.2786885245901639,0.0,0.14814814814814814,0
0.36,0.0,0.0,0.4761904761904761,0
0.3529411764705882,0.23728813559322037,0.0,0.3597122302158273,0
0.8823529411764706,1.0,1.0,1.0,1
0.967741935483871,1.0,1.0,1.0,1
0.2857142857142857,0.2315789473684211,1.0,0.35820895522388063,0
0.8214285714285714,1.0,1.0,1.0,1
0.8095238095238095,1.0,1.0,1.0,1
0.31999999999999995,0.3529411764705882,0.0,0.14814814814814814,0
0.16216216216216217,0.3703703703703704,0.0,0.14678899082568808,0
0.813953488372093,1.0,1.0,1.0,1
0.7058823529411764,1.0,1.0,1.0,1
0.8787878787878788,1.0,1.0,1.0,1
0.7333333333333334,1.0,1.0,1.0,1
0.3783783783783784,0.26190476190476186,0.0,0.42666666666666664,0
0.2666666666666667,0.3829787234042554,0.0,0.32258064516129037,0
0.9538461538461537,1.0,1.0,1.0,1
0.96,1.0,1.0,1.0,1
0.7727272727272727,1.0,1.0,1.0,1
0.40909090909090906,0.2666666666666667,0.0,0.24137931034482762,0
0.7142857142857143,1.0,1.0,1.0,1
0.3157894736842105,0.2807017543859649,0.0,1.0,0
0.43478260869565216,0.2068965517241379,0.0,0.3597122302158273,0
0.3571428571428571,0.37254901960784315,1.0,0.36363636363636365,0
0.967741935483871,1.0,1.0,1.0,1
0.8571428571428572,1.0,1.0,1.0,1
0.84375,1.0,1.0,1.0,1
0.3125,0.22535211267605637,0.0,0.25,0
0.9444444444444444,1.0,1.0,1.0,1
0.9583333333333335,1.0,1.0,1.0,1
0.8620689655172413,1.0,1.0,1.0,1
0.7058823529411764,1.0,1.0,1.0,1
0.6923076923076923,1.0,1.0,1.0,1
0.37735849056603776,0.4307692307692308,0.0,0.3783783783783784,0
0.9411764705882352,1.0,1.0,1.0,1
0.8620689655172413,1.0,1.0,1.0,1
0.7916666666666665,0.0,1.0,1.0,1
0.8484848484848484,1.0,1.0,1.0,1
0.9743589743589743,1.0,1.0,1.0,1
0.3529411764705882,0.3516483516483516,0.0,0.4,0
0.8,1.0,1.0,1.0,1
0.3492063492063492,0.37623762376237624,0.0,0.41666666666666663,0
0.736842105263158,1.0,1.0,1.0,1
0.9019607843137255,1.0,1.0,1.0,1
0.9523809523809522,1.0,1.0,1.0,1
0.9655172413793103,1.0,1.0,1.0,1
0.826086956521739,1.0,1.0,1.0,1
0.7837837837837838,1.0,1.0,1.0,1
0.6363636363636364,1.0,1.0,1.0,1
0.7058823529411764,1.0,1.0,1.0,1
0.35,0.36363636363636365,0.0,0.41333333333333333,0
0.8823529411764706,1.0,1.0,1.0,1
0.9655172413793103,1.0,1.0,1.0,1
0.368421052631579,0.3366336633663366,0.0,0.3597122302158273,0
0.8666666666666667,1.0,1.0,1.0,1
0.21052631578947367,0.2978723404255319,0.0,0.24242424242424243,0
0.8888888888888888,1.0,1.0,1.0,1
0.6363636363636364,1.0,1.0,1.0,1
0.8684210526315791,1.0,1.0,1.0,1
0.38888888888888884,0.31746031746031744,0.0,0.3125,0
0.2857142857142857,0.18823529411764706,0.0,0.25,0
0.68,1.0,1.0,1.0,1
0.7894736842105263,1.0,1.0,1.0,1
0.31818181818181823,0.3058823529411765,0.0,0.24137931034482762,0
0.84,1.0,1.0,1.0,1
0.368421052631579,0.28037383177570097,0.0,0.48,0
0.2857142857142857,0.32758620689655177,0.0,0.3597122302158273,0
0.8958333333333335,1.0,1.0,1.0,1
0.3076923076923077,0.36764705882352944,0.0,0.3529411764705882,0
0.4117647058823529,0.2676056338028169,1.0,0.25,0
0.30188679245283023,0.36257309941520466,0.0,0.3783783783783784,0
0.7419354838709676,1.0,1.0,1.0,1
0.7241379310344827,1.0,1.0,1.0,1
0.32432432432432434,0.2857142857142857,1.0,0.25,0
0.972972972972973,1.0,1.0,1.0,1
0.8709677419354839,1.0,1.0,1.0,1
0.3448275862068966,0.34615384615384615,1.0,1.0,0
0.4117647058823529,0.2807017543859649,0.0,0.25,0
0.8620689655172413,1.0,1.0,1.0,1
0.9,1.0,1.0,1.0,1
0.7894736842105263,1.0,1.0,1.0,1
0.24390243902439024,0.27450980392156865,0.0,1.0,0
0.24242424242424243,0.15384615384615385,0.0,0.23333333333333328,0
0.8421052631578947,1.0,1.0,1.0,1
0.7419354838709676,1.0,1.0,1.0,1
0.29268292682926833,0.22535211267605637,0.0,1.0,0
0.8709677419354839,1.0,1.0,1.0,1
0.43333333333333335,0.4301075268817204,0.0,0.2545454545454545,0
0.3589743589743589,0.35460992907801414,0.0,0.2545454545454545,0
0.303030303030303,0.2588235294117647,1.0,1.0,0
0.7916666666666665,1.0,1.0,1.0,1
0.2222222222222222,0.36170212765957444,0.0,0.2545454545454545,0
0.39473684210526316,0.3571428571428571,1.0,0.25,0
0.24242424242424243,0.4444444444444444,0.0,1.0,0
0.814814814814815,1.0,1.0,1.0,1
0.8823529411764706,1.0,1.0,1.0,1
0.2978723404255319,0.2777777777777778,0.0,0.24137931034482762,0
0.8181818181818181,1.0,1.0,1.0,1
0.32727272727272727,0.2978723404255319,0.0,0.5154639175257731,0
0.35,0.2093023255813954,0.0,0.2857142857142857,0
0.9,1.0,1.0,1.0,1
0.7894736842105263,1.0,1.0,1.0,1
0.27586206896551724,0.25,1.0,0.3589743589743589,0
0.25,0.2592592592592593,0.0,0.2857142857142857,0
0.8333333333333335,1.0,1.0,1.0,1
0.2777777777777778,0.3666666666666667,0.0,1.0,0
0.2727272727272727,0.3116883116883117,0.0,0.31746031746031744,0
0.7222222222222221,1.0,1.0,1.0,1
0.96,1.0,1.0,1.0,1
0.9705882352941176,1.0,1.0,1.0,1
0.9411764705882352,1.0,1.0,1.0,1
0.2941176470588235,0.3538461538461538,0.0,0.3928571428571429,0
0.4,0.2666666666666667,0.0,0.25,0
0.975609756097561,1.0,1.0,1.0,1
0.7714285714285716,1.0,1.0,1.0,1
0.7142857142857143,1.0,1.0,1.0,1
0.826086956521739,1.0,1.0,1.0,1
0.34285714285714286,0.3146067415730337,0.0,0.5154639175257731,0
0.972972972972973,1.0,1.0,1.0,1
0.8,1.0,1.0,1.0,1
0.68,1.0,1.0,1.0,1
0.3589743589743589,0.31034482758620685,0.0,1.0,0
0.38888888888888884,0.19354838709677424,0.0,0.3597122302158273,0
0.8648648648648648,1.0,1.0,1.0,1
0.4615384615384615,0.3125,0.0,0.48,0
0.40816326530612246,0.32727272727272727,0.0,1.0,0
0.5,0.35,0.0,0.3597122302158273,0
0.32558139534883723,0.27450980392156865,0.0,0.48,0
0.7333333333333334,1.0,1.0,1.0,1
0.36363636363636365,0.39370078740157477,0.0,0.3529411764705882,0
0.2941176470588235,0.1351351351351351,0.0,0.35820895522388063,0
0.8,1.0,1.0,1.0,1
0.9565217391304348,1.0,1.0,1.0,1
0.4375,0.25,0.0,1.0,0
0.34615384615384615,0.26865671641791045,0.0,0.3783783783783784,0
0.25,0.3855421686746988,0.0,0.3597122302158273,0
0.8387096774193549,1.0,1.0,1.0,1
0.7727272727272727,1.0,1.0,1.0,1
0.2068965517241379,0.18181818181818177,0.0,0.3597122302158273,0
0.3902439024390244,0.3770491803278688,0.0,0.3783783783783784,0
0.35,0.3571428571428571,0.0,0.42105263157894735,0
0.9655172413793103,1.0,1.0,1.0,1
0.8461538461538461,1.0,1.0,1.0,1
0.2702702702702703,0.3047619047619048,1.0,0.14678899082568808,0
0.8709677419354839,1.0,1.0,1.0,1
0.2666666666666667,0.3789473684210526,0.0,0.3597122302158273,0
0.3076923076923077,0.2571428571428571,0.0,0.25,0
0.24,0.27450980392156865,0.0,0.2545454545454545,0
0.6923076923076923,1.0,1.0,1.0,1
0.96,1.0,1.0,1.0,1
0.28985507246376807,0.31818181818181823,0.0,0.36923076923076925,0
0.6875,1.0,1.0,1.0,1
0.3414634146341463,0.3898305084745763,0.0,0.42666666666666664,0
0.3921568627450981,0.19277108433734935,0.0,0.3941605839416058,0
0.8857142857142857,1.0,1.0,1.0,1
0.9583333333333335,1.0,1.0,1.0,1
0.8571428571428572,1.0,1.0,1.0,1
0.7727272727272727,1.0,1.0,1.0,1
0.96,1.0,1.0,1.0,1
0.29268292682926833,0.34782608695652173,0.0,1.0,0
0.7241379310344827,1.0,1.0,1.0,1
0.37209302325581395,0.2666666666666667,0.0,1.0,0
0.24489795918367352,0.2698412698412699,0.0,1.0,0
0.2962962962962963,0.32558139534883723,0.0,0.3597122302158273,0
0.41025641025641024,0.30508474576271183,0.0,0.14678899082568808,0
0.2666666666666667,0.2549019607843137,0.0,0.25,0
0.96,1.0,1.0,1.0,1
0.8,1.0,1.0,1.0,1
0.7142857142857143,1.0,1.0,1.0,1
0.19999999999999996,0.3373493975903614,0.0,0.20895522388059706,0
0.36363636363636365,0.32352941176470584,0.0,0.25,0
0.41509433962264153,0.3047619047619048,0.0,0.31746031746031744,0
0.967741935483871,1.0,1.0,1.0,1
0.4,0.26415094339622647,0.0,0.41333333333333333,0
0.3076923076923077,0.3908045977011494,0.0,0.3783783783783784,0
0.7916666666666665,1.0,1.0,1.0,1
0.3870967741935484,0.3188405797101449,0.0,1.0,0
0.15000000000000002,0.4418604651162791,0.0,0.25,0
0.8823529411764706,1.0,1.0,1.0,1
0.19999999999999996,0.26168224299065423,0.0,0.23076923076923073,0
0.23809523809523814,0.40540540540540543,0.0,0.3783783783783784,0
0.3414634146341463,0.34782608695652173,0.0,1.0,0
0.31818181818181823,0.31304347826086953,0.0,0.48,0
0.2941176470588235,0.26865671641791045,0.0,0.14678899082568808,0
0.2777777777777778,0.3285714285714286,0.0,0.23333333333333328,0
0.8095238095238095,1.0,1.0,1.0,1
0.8095238095238095,1.0,1.0,1.0,1
0.44999999999999996,0.5319148936170213,1.0,0.36363636363636365,0
0.7894736842105263,1.0,1.0,1.0,1
0.75,1.0,1.0,1.0,1
0.8461538461538461,1.0,1.0,1.0,1
0.31034482758620685,0.16393442622950816,0.0,0.3597122302158273,0
0.8095238095238095,1.0,1.0,1.0,1
0.9473684210526316,1.0,1.0,1.0,1
0.6666666666666667,1.0,1.0,1.0,1
0.9714285714285714,1.0,1.0,1.0,1
0.814814814814815,1.0,1.0,1.0,1
0.25,0.3157894736842105,0.0,1.0,0
0.8333333333333335,1.0,1.0,1.0,1
0.375,0.23529411764705888,0.0,0.2727272727272727,0
0.8095238095238095,1.0,1.0,1.0,1
0.7647058823529411,1.0,1.0,1.0,1
0.875,1.0,1.0,1.0,1
0.23529411764705888,0.29333333333333333,1.0,0.36363636363636365,0
0.36363636363636365,0.3375,0.0,0.33333333333333337,0
0.3157894736842105,0.3370786516853933,0.0,0.14814814814814814,0
0.9565217391304348,1.0,1.0,1.0,1
0.7142857142857143,1.0,1.0,1.0,1
0.2978723404255319,0.23529411764705888,0.0,0.25,0
0.8888888888888888,1.0,1.0,1.0,1
0.826086956521739,1.0,1.0,1.0,1
0.7241379310344827,1.0,1.0,1.0,1
0.2068965517241379,0.29357798165137616,0.0,1.0,0
0.2264150943396226,0.22429906542056077,0.0,0.31746031746031744,0
0.4651162790697675,0.30188679245283023,0.0,0.2545454545454545,0
0.75,1.0,1.0,1.0,1
0.33333333333333337,0.4464285714285714,1.0,0.41333333333333333,0
0.9696969696969697,1.0,1.0,1.0,1
0.9565217391304348,1.0,1.0,1.0,1
0.3125,0.32478632478632474,0.0,0.25,0
0.7333333333333334,1.0,1.0,1.0,1
0.8095238095238095,1.0,1.0,1.0,1
0.2777777777777778,0.22807017543859653,0.0,0.36363636363636365,0
0.8076923076923077,1.0,1.0,1.0,1
0.3902439024390244,0.32167832167832167,0.0,1.0,0
0.27586206896551724,0.3561643835616438,1.0,0.14678899082568808,0
0.9743589743589743,1.0,1.0,1.0,1
0.34782608695652173,0.37777777777777777,0.0,0.5154639175257731,0
0.9714285714285714,1.0,1.0,1.0,1
0.4285714285714286,0.2857142857142857,0.0,0.3597122302158273,0
0.30188679245283023,0.3157894736842105,0.0,1.0,0
0.2857142857142857,0.3548387096774194,0.0,1.0,0
0.967741935483871,0.0,1.0,1.0,1
0.7222222222222221,1.0,1.0,1.0,1
0.8333333333333335,1.0,1.0,1.0,1
0.8076923076923077,1.0,1.0,1.0,1
0.7142857142857143,1.0,1.0,1.0,1
0.8333333333333335,0.0,1.0,1.0,1
0.6363636363636364,1.0,1.0,1.0,1
0.8620689655172413,1.0,1.0,1.0,1
0.38596491228070173,0.34090909090909094,0.0,1.0,0
0.9473684210526316,1.0,1.0,1.0,1
0.8,1.0,1.0,1.0,1
0.3571428571428571,0.18867924528301885,0.0,0.14814814814814814,0
0.95,1.0,1.0,1.0,1
0.4,0.33333333333333337,0.0,0.3597122302158273,0
0.26315789473684215,0.3157894736842105,0.0,1.0,0
0.2941176470588235,0.32258064516129037,0.0,0.3783783783783784,0
0.75,1.0,1.0,1.0,1
0.29268292682926833,0.32380952380952377,0.0,0.42105263157894735,0
0.68,1.0,1.0,1.0,1
0.4,0.2696629213483146,0.0,0.3783783783783784,0
0.30000000000000004,0.3551401869158879,0.0,1.0,0
0.7058823529411764,1.0,1.0,1.0,1
0.8461538461538461,1.0,1.0,1.0,1
0.34285714285714286,0.31481481481481477,0.0,0.25,0
0.75,1.0,1.0,1.0,1
0.6363636363636364,1.0,1.0,1.0,1
0.9473684210526316,1.0,1.0,1.0,1
0.34042553191489366,0.21505376344086025,0.0,0.45569620253164556,0
0.5306122448979591,0.3184713375796179,0.0,0.34285714285714286,0
0.41509433962264153,0.23333333333333328,0.0,0.25,0
0.48275862068965514,0.3370786516853933,0.0,1.0,0
0.9743589743589743,1.0,1.0,1.0,1
0.34285714285714286,0.2471910112359551,0.0,0.14678899082568808,0
0.7142857142857143,1.0,1.0,1.0,1
0.34042553191489366,0.21999999999999997,0.0,0.20895522388059706,0
0.6521739130434783,1.0,1.0,1.0,1
0.8620689655172413,1.0,1.0,1.0,1
0.3921568627450981,0.34782608695652173,0.0,0.2545454545454545,0
0.32258064516129037,0.21212121212121215,0.0,0.25,0
0.9444444444444444,1.0,1.0,1.0,1
0.4444444444444444,0.2222222222222222,0.0,0.20895522388059706,0
0.8,1.0,1.0,1.0,1
0.3529411764705882,0.3076923076923077,0.0,0.35820895522388063,0
0.875,1.0,1.0,1.0,1
0.38888888888888884,0.3508771929824561,0.0,1.0,0
0.2068965517241379,0.4651162790697675,1.0,0.14678899082568808,0
0.8095238095238095,1.0,1.0,1.0,1
0.3793103448275862,0.3561643835616438,0.0,0.5154639175257731,0
0.3076923076923077,0.3291139240506329,0.0,0.24137931034482762,0
0.3555555555555555,0.2471910112359551,0.0,0.45569620253164556,0
0.8,1.0,1.0,1.0,1
0.3783783783783784,0.3214285714285714,0.0,0.20895522388059706,0
0.8,1.0,1.0,1.0,1
0.7714285714285716,1.0,1.0,1.0,1
0.39344262295081966,0.3414634146341463,0.0,1.0,0
0.84,1.0,1.0,1.0,1
0.9662921348314607,1.0,1.0,1.0,1
0.30000000000000004,0.4040404040404041,0.0,0.14678899082568808,0
0.23529411764705888,0.3125,0.0,0.20895522388059706,0
0.923076923076923,1.0,1.0,1.0,1
0.3783783783783784,0.3653846153846154,0.0,0.2545454545454545,0
0.32258064516129037,0.21052631578947367,0.0,0.5154639175257731,0
0.8095238095238095,1.0,1.0,1.0,1
0.8947368421052632,1.0,1.0,1.0,1
0.24390243902439024,0.35668789808917206,0.0,0.33333333333333337,0
0.2857142857142857,0.2666666666666667,0.0,0.14678899082568808,0
0.24242424242424243,0.2716049382716049,0.0,0.31746031746031744,0
0.2941176470588235,0.2962962962962963,0.0,0.3589743589743589,0
0.9473684210526316,1.0,1.0,1.0,1
0.25,0.2894736842105263,0.0,0.3597122302158273,0
0.7777777777777779,1.0,1.0,1.0,1
0.2666666666666667,0.33333333333333337,0.0,0.4545454545454546,0
0.24137931034482762,0.33333333333333337,0.0,0.3597122302158273,0
0.33898305084745756,0.3125,0.0,0.25,0
0.7916666666666665,1.0,1.0,1.0,1
0.27586206896551724,0.23255813953488372,0.0,0.25,0
0.875,1.0,1.0,1.0,1
0.2666666666666667,0.32692307692307687,0.0,0.31746031746031744,0
0.9361702127659575,1.0,1.0,1.0,1
0.19999999999999996,0.2816901408450704,1.0,0.3597122302158273,0
0.9714285714285714,1.0,1.0,1.0,1
0.1875,0.3508771929824561,0.0,0.3597122302158273,0
0.3076923076923077,0.4,0.0,0.3597122302158273,0
0.36363636363636365,0.23404255319148937,0.0,0.24137931034482762,0
0.4,0.22535211267605637,0.0,0.2222222222222222,0
0.4666666666666666,0.3561643835616438,0.0,0.31746031746031744,0
0.68,1.0,1.0,1.0,1
0.26315789473684215,0.13793103448275867,0.0,1.0,0
0.9642857142857143,1.0,1.0,1.0,1
0.7894736842105263,1.0,1.0,1.0,1
0.8709677419354839,1.0,1.0,1.0,1
0.8333333333333335,1.0,1.0,1.0,1
0.13793103448275867,0.303030303030303,0.0,0.48,0
0.7037037037037037,1.0,1.0,1.0,1
0.33333333333333337,0.30188679245283023,0.0,0.14678899082568808,0
0.9743589743589743,1.0,1.0,1.0,1
0.7058823529411764,1.0,1.0,1.0,1
0.7619047619047619,1.0,1.0,1.0,1
0.4117647058823529,0.26415094339622647,0.0,0.38095238095238093,0
0.3555555555555555,0.30645161290322576,0.0,0.3597122302158273,0
0.41666666666666663,0.4,0.0,0.25,0
0.6923076923076923,1.0,1.0,1.0,1
0.8,1.0,1.0,1.0,1
0.6521739130434783,1.0,1.0,1.0,1
0.8076923076923077,1.0,1.0,1.0,1
0.3214285714285714,0.31818181818181823,0.0,0.36363636363636365,0
0.18181818181818177,0.3132530120481928,0.0,0.25,0
0.9523809523809522,1.0,1.0,1.0,1
0.8095238095238095,1.0,1.0,1.0,1
0.9545454545454546,1.0,1.0,1.0,1
0.4444444444444444,0.14893617021276595,0.0,1.0,0
0.8095238095238095,1.0,1.0,1.0,1
0.96,1.0,1.0,1.0,1
0.8,1.0,1.0,1.0,1
0.31818181818181823,0.4193548387096774,1.0,0.25,0
0.8974358974358975,1.0,1.0,1.0,1
0.8095238095238095,1.0,1.0,1.0,1
0.8076923076923077,1.0,1.0,1.0,1
0.8571428571428572,1.0,1.0,1.0,1
0.34285714285714286,0.4,1.0,0.14678899082568808,0
0.19999999999999996,0.3943661971830986,0.0,0.25,0
0.45833333333333337,0.33333333333333337,0.0,0.36923076923076925,0
0.7777777777777779,1.0,1.0,1.0,1
0.9696969696969697,1.0,1.0,1.0,1
0.33333333333333337,0.30188679245283023,0.0,0.45569620253164556,0
0.6,1.0,1.0,1.0,1
0.8,1.0,1.0,1.0,1
0.3384615384615385,0.2816901408450704,0.0,0.36363636363636365,0
0.878048780487805,1.0,1.0,1.0,1
0.39130434782608686,0.2857142857142857,0.0,0.2545454545454545,0
0.30000000000000004,0.23333333333333328,0.0,0.35820895522388063,0
0.736842105263158,1.0,1.0,1.0,1
0.6923076923076923,1.0,1.0,1.0,1
0.37209302325581395,0.28037383177570097,0.0,0.25,0
0.8333333333333335,1.0,1.0,1.0,1
0.9696969696969697,1.0,1.0,1.0,1
0.7894736842105263,1.0,1.0,1.0,1
0.9655172413793103,1.0,1.0,1.0,1
0.967741935483871,1.0,1.0,1.0,1
0.7727272727272727,1.0,1.0,1.0,1
0.33333333333333337,0.37878787878787873,1.0,0.23076923076923073,0
0.8863636363636364,1.0,1.0,1.0,1
0.31999999999999995,0.34666666666666673,0.0,0.2857142857142857,0
0.84,1.0,1.0,1.0,1
0.6,1.0,1.0,1.0,1
0.8787878787878788,1.0,1.0,1.0,1
0.6363636363636364,1.0,1.0,1.0,1
0.7333333333333334,1.0,1.0,1.0,1
0.31999999999999995,0.3703703703703704,1.0,0.2857142857142857,0
0.4,0.32727272727272727,0.0,1.0,0
0.9189189189189189,0.0,1.0,1.0,1
0.3829787234042554,0.34210526315789463,0.0,0.2727272727272727,0
0.7037037037037037,1.0,1.0,1.0,1
0.2857142857142857,0.368421052631579,0.0,0.23076923076923073,0
0.75,1.0,1.0,1.0,1
0.3902439024390244,0.2941176470588235,0.0,0.48,0
0.7619047619047619,1.0,1.0,1.0,1
0.40816326530612246,0.32727272727272727,0.0,1.0,0
0.2857142857142857,0.33043478260869563,0.0,0.25,0
0.7575757575757575,1.0,1.0,1.0,1
0.75,1.0,1.0,1.0,1
0.8095238095238095,1.0,1.0,1.0,1
0.3414634146341463,0.3191489361702128,0.0,0.31746031746031744,0
0.35,0.31999999999999995,1.0,0.3597122302158273,0
0.3111111111111111,0.3076923076923077,0.0,0.25,0
0.3076923076923077,0.27368421052631575,0.0,0.14678899082568808,0
0.33333333333333337,0.345679012345679,0.0,0.25,0
0.32258064516129037,0.3191489361702128,0.0,0.20895522388059706,0
0.2790697674418605,0.2978723404255319,0.0,1.0,0
0.68,1.0,1.0,1.0,1
0.967741935483871,1.0,1.0,1.0,1
0.8095238095238095,1.0,1.0,1.0,1
0.22857142857142854,0.3294117647058824,0.0,0.3597122302158273,0
0.967741935483871,1.0,1.0,1.0,1
0.4,0.33333333333333337,0.0,0.35820895522388063,0
0.33333333333333337,0.35416666666666663,0.0,0.3597122302158273,0
0.8,1.0,1.0,1.0,1
0.30000000000000004,0.30434782608695654,0.0,1.0,0
0.33898305084745756,0.28,0.0,1.0,0
0.40816326530612246,0.3380281690140845,0.0,0.36363636363636365,0
0.24489795918367352,0.29565217391304344,0.0,0.2545454545454545,0
0.6875,1.0,1.0,1.0,1
0.8387096774193549,1.0,1.0,1.0,1
0.7647058823529411,1.0,1.0,1.0,1
0.7619047619047619,1.0,1.0,1.0,1
0.2222222222222222,0.26415094339622647,1.0,0.30508474576271183,0
0.7894736842105263,1.0,1.0,1.0,1
0.7837837837837838,1.0,1.0,1.0,1
0.2909090909090909,0.345679012345679,0.0,0.2545454545454545,0
0.7222222222222221,1.0,1.0,1.0,1
0.3214285714285714,0.32835820895522383,0.0,0.31746031746031744,0
0.814814814814815,1.0,1.0,1.0,1
0.4242424242424242,0.3076923076923077,0.0,0.14678899082568808,0
0.96,1.0,1.0,1.0,1
0.7333333333333334,1.0,1.0,1.0,1
0.7777777777777779,1.0,1.0,1.0,1
0.3870967741935484,0.31775700934579443,0.0,0.25,0
0.36363636363636365,0.3851851851851852,1.0,0.25,0
0.4516129032258065,0.33898305084745756,0.0,1.0,0
0.375,0.22857142857142854,0.0,0.3597122302158273,0
0.9523809523809522,1.0,1.0,1.0,1
0.2727272727272727,0.21875,0.0,0.14814814814814814,0
0.5,0.2471910112359551,0.0,0.14814814814814814,0
0.962962962962963,1.0,1.0,1.0,1
0.9696969696969697,1.0,1.0,1.0,1
0.2857142857142857,0.25,0.0,0.14678899082568808,0
0.9333333333333332,1.0,1.0,1.0,1
0.38235294117647056,0.2702702702702703,0.0,0.36363636363636365,0
0.6428571428571428,1.0,1.0,1.0,1
0.826086956521739,1.0,1.0,1.0,1
0.6190476190476191,1.0,1.0,1.0,1
0.4,0.38596491228070173,0.0,0.25,0
0.96,1.0,1.0,1.0,1
0.36734693877551017,0.3471074380165289,0.0,0.22857142857142854,0
0.4516129032258065,0.33333333333333337,0.0,1.0,0
0.7647058823529411,1.0,1.0,1.0,1
0.20512820512820518,0.19417475728155342,0.0,0.25,0
0.96,1.0,1.0,1.0,1
0.35820895522388063,0.0,1.0,1.0,0
0.42622950819672134,0.33333333333333337,0.0,0.36923076923076925,0
0.8333333333333335,1.0,1.0,1.0,1
0.30434782608695654,0.3214285714285714,0.0,0.4444444444444444,0
0.8666666666666667,1.0,1.0,1.0,1
0.2941176470588235,0.0,0.0,0.4761904761904761,0
0.814814814814815,1.0,1.0,1.0,1
0.32558139534883723,0.2178217821782178,0.0,0.25,0
0.34285714285714286,0.30952380952380953,0.0,1.0,0
0.7058823529411764,1.0,1.0,1.0,1
0.2857142857142857,0.30508474576271183,0.0,1.0,0
0.7894736842105263,1.0,1.0,1.0,1
0.4761904761904761,0.4130434782608695,0.0,0.14814814814814814,0
0.5853658536585367,0.3529411764705882,0.0,0.36923076923076925,0
0.28985507246376807,0.28037383177570097,0.0,0.23333333333333328,0
0.7727272727272727,1.0,1.0,1.0,1
0.4375,0.3703703703703704,0.0,0.3529411764705882,0
0.17391304347826086,0.18181818181818177,0.0,0.48,0
0.8095238095238095,1.0,1.0,1.0,1
0.4615384615384615,0.3620689655172413,0.0,0.3597122302158273,0
0.9777777777777777,1.0,1.0,1.0,1
0.34285714285714286,0.18918918918918914,0.0,0.4761904761904761,0
0.26315789473684215,0.3669724770642202,1.0,0.3597122302158273,0
0.3111111111111111,0.16666666666666663,0.0,0.35820895522388063,0
0.9647058823529412,1.0,1.0,1.0,1
0.8,1.0,1.0,1.0,1
0.2727272727272727,0.29268292682926833,1.0,0.45569620253164556,0
0.3125,0.3802816901408451,0.0,0.36923076923076925,0
0.9454545454545454,1.0,1.0,1.0,1
0.9069767441860467,1.0,1.0,1.0,1
0.34285714285714286,0.2777777777777778,0.0,0.35820895522388063,0
0.972972972972973,1.0,1.0,1.0,1
0.27586206896551724,0.2222222222222222,0.0,0.33333333333333337,0
0.9655172413793103,1.0,1.0,1.0,1
0.6363636363636364,1.0,1.0,1.0,1
0.7241379310344827,1.0,1.0,1.0,1
0.8857142857142857,1.0,1.0,1.0,1
0.7619047619047619,1.0,1.0,1.0,1
0.8518518518518519,1.0,1.0,1.0,1
0.7241379310344827,1.0,1.0,1.0,1
0.4,0.2978723404255319,0.0,1.0,0
0.782608695652174,1.0,1.0,1.0,1
0.8837209302325582,1.0,1.0,1.0,1
0.41860465116279066,0.4297520661157025,0.0,0.4444444444444444,0
0.9333333333333332,1.0,1.0,1.0,1
0.923076923076923,0.0,1.0,1.0,1
0.7142857142857143,1.0,1.0,1.0,1
0.33333333333333337,0.3111111111111111,0.0,0.14678899082568808,0
0.303030303030303,0.3188405797101449,0.0,0.35820895522388063,0
0.9024390243902439,1.0,1.0,1.0,1
0.3076923076923077,0.3125,0.0,0.41333333333333333,0
0.8275862068965517,1.0,1.0,1.0,1
0.36363636363636365,0.3866666666666667,0.0,0.34285714285714286,0
0.8,1.0,1.0,1.0,1
0.84,1.0,1.0,1.0,1
0.8181818181818181,1.0,1.0,1.0,1
0.40909090909090906,0.39130434782608686,0.0,0.3941605839416058,0
0.34615384615384615,0.31999999999999995,1.0,0.45569620253164556,0
0.96,1.0,1.0,1.0,1
0.8,1.0,1.0,1.0,1
0.8461538461538461,1.0,1.0,1.0,1
0.326530612244898,0.19354838709677424,1.0,0.31746031746031744,0
0.3076923076923077,0.2823529411764706,0.0,1.0,0
0.34615384615384615,0.32558139534883723,0.0,0.2545454545454545,0
0.3414634146341463,0.3065693430656934,0.0,0.25,0
0.27586206896551724,0.2696629213483146,0.0,0.288135593220339,0
0.826086956521739,1.0,1.0,1.0,1
0.782608695652174,1.0,1.0,1.0,1
0.32727272727272727,0.3157894736842105,0.0,0.25,0
0.826086956521739,1.0,1.0,1.0,1
0.8333333333333335,1.0,1.0,1.0,1
0.7222222222222221,1.0,1.0,1.0,1
0.32432432432432434,0.2045454545454546,0.0,0.3597122302158273,0
0.9090909090909091,1.0,1.0,1.0,1
0.9253731343283582,1.0,1.0,1.0,1
0.29268292682926833,0.3076923076923077,0.0,0.3214285714285714,0
0.9302325581395349,1.0,1.0,1.0,1
0.3783783783783784,0.29357798165137616,0.0,0.25,0
0.84,1.0,1.0,1.0,1
0.8461538461538461,1.0,1.0,1.0,1
0.303030303030303,0.3661971830985915,0.0,1.0,0
0.34042553191489366,0.36363636363636365,0.0,0.23333333333333328,0
0.75,1.0,1.0,1.0,1
0.2666666666666667,0.21276595744680848,0.0,0.24137931034482762,0
0.8918918918918919,1.0,1.0,1.0,1
0.36363636363636365,0.2828282828282829,0.0,1.0,0
0.8214285714285714,1.0,1.0,1.0,1
0.8333333333333335,1.0,1.0,1.0,1
0.7419354838709676,1.0,1.0,1.0,1
0.9565217391304348,1.0,1.0,1.0,1
0.826086956521739,1.0,1.0,1.0,1
0.31999999999999995,0.27083333333333337,0.0,0.25,0
0.7241379310344827,1.0,1.0,1.0,1
0.8222222222222222,1.0,1.0,1.0,1
0.3548387096774194,0.3076923076923077,0.0,0.2545454545454545,0
0.27450980392156865,0.3829787234042554,0.0,0.45569620253164556,0
0.7894736842105263,1.0,1.0,1.0,1
0.7142857142857143,1.0,1.0,1.0,1
0.8571428571428572,1.0,1.0,1.0,1
0.25531914893617025,0.28846153846153844,0.0,0.3214285714285714,0
0.32258064516129037,0.3870967741935484,0.0,0.5154639175257731,0
0.32432432432432434,0.3013698630136986,0.0,0.14678899082568808,0
0.782608695652174,1.0,1.0,1.0,1
0.2222222222222222,0.29885057471264365,0.0,0.14678899082568808,0
0.23728813559322037,0.36190476190476195,0.0,0.45569620253164556,0
0.8461538461538461,1.0,1.0,1.0,1
0.3555555555555555,0.23188405797101452,0.0,0.2545454545454545,0
0.9714285714285714,1.0,1.0,1.0,1
0.9565217391304348,1.0,1.0,1.0,1
0.2857142857142857,0.31707317073170727,0.0,0.3214285714285714,0
0.3589743589743589,0.3555555555555555,0.0,0.3783783783783784,0
0.27586206896551724,0.2597402597402597,0.0,0.3783783783783784,0
0.41860465116279066,0.31775700934579443,0.0,0.3941605839416058,0
0.8275862068965517,1.0,1.0,1.0,1
0.9743589743589743,1.0,1.0,1.0,1
0.2790697674418605,0.296875,0.0,0.2857142857142857,0
0.2592592592592593,0.25,0.0,1.0,0
0.9696969696969697,1.0,1.0,1.0,1
0.8709677419354839,1.0,1.0,1.0,1
0.2978723404255319,0.25263157894736843,0.0,1.0,0
0.8857142857142857,1.0,1.0,1.0,1
0.6190476190476191,1.0,1.0,1.0,1
0.24,0.0,0.0,0.45569620253164556,0
0.962962962962963,1.0,1.0,1.0,1
0.8974358974358975,1.0,1.0,1.0,1
0.9696969696969697,1.0,1.0,1.0,1
0.7727272727272727,1.0,1.0,1.0,1
0.34285714285714286,0.30000000000000004,0.0,1.0,0
0.972972972972973,1.0,1.0,1.0,1
0.32258064516129037,0.25531914893617025,0.0,1.0,0
0.45714285714285713,0.2857142857142857,0.0,0.45569620253164556,0
0.36363636363636365,0.3896103896103897,0.0,0.45569620253164556,0
0.7333333333333334,1.0,1.0,1.0,1
0.4,0.29885057471264365,0.0,0.48,0
0.3076923076923077,0.2784810126582279,0.0,0.42666666666666664,0
0.9545454545454546,1.0,1.0,1.0,1
0.29268292682926833,0.3709677419354838,0.0,0.3597122302158273,0
0.25,0.3380281690140845,1.0,0.48,0
0.75,1.0,1.0,1.0,1
0.8809523809523809,1.0,1.0,1.0,1
0.75,1.0,1.0,1.0,1
0.3846153846153846,0.4473684210526315,0.0,1.0,0
0.2857142857142857,0.33644859813084116,0.0,0.31746031746031744,0
0.7777777777777779,1.0,1.0,1.0,1
0.2962962962962963,0.32258064516129037,0.0,0.45569620253164556,0
0.2564102564102564,0.30508474576271183,0.0,0.48,0
0.4117647058823529,0.3168316831683168,0.0,1.0,0
0.9523809523809522,1.0,1.0,1.0,1
0.25,0.37398373983739847,0.0,1.0,0
0.814814814814815,1.0,1.0,1.0,1
0.967741935483871,1.0,1.0,1.0,1
0.7916666666666665,1.0,1.0,1.0,1
0.826086956521739,1.0,1.0,1.0,1
0.9491525423728814,1.0,1.0,1.0,1
0.3589743589743589,0.21276595744680848,1.0,0.14678899082568808,0
0.196078431372549,0.3620689655172413,1.0,0.25,0
0.7714285714285716,1.0,1.0,1.0,1
0.2941176470588235,0.3111111111111111,0.0,1.0,0
0.9696969696969697,1.0,1.0,1.0,1
0.30000000000000004,0.32352941176470584,1.0,1.0,0
0.30000000000000004,0.34013605442176875,0.0,0.2545454545454545,0
0.8823529411764706,1.0,1.0,1.0,1
0.6666666666666667,1.0,1.0,1.0,1
0.8333333333333335,1.0,1.0,1.0,1
0.8857142857142857,1.0,1.0,1.0,1
0.9047619047619048,1.0,1.0,1.0,1
0.6363636363636364,1.0,1.0,1.0,1
0.25,0.0,0.0,0.3278688524590164,0
0.43999999999999995,0.36,0.0,1.0,0
0.9565217391304348,1.0,1.0,1.0,1
0.2978723404255319,0.3689320388349514,0.0,0.43333333333333335,0
0.8461538461538461,1.0,1.0,1.0,1
0.84,1.0,1.0,1.0,1
0.84,1.0,1.0,1.0,1
0.34042553191489366,0.31858407079646023,0.0,0.45569620253164556,0
0.967741935483871,1.0,1.0,1.0,1
0.3703703703703704,0.3191489361702128,0.0,0.25,0
0.96,1.0,1.0,1.0,1
0.8518518518518519,1.0,1.0,1.0,1
0.7241379310344827,1.0,1.0,1.0,1
0.4390243902439024,0.3120567375886525,0.0,1.0,0
0.9696969696969697,1.0,1.0,1.0,1
0.8181818181818181,1.0,1.0,1.0,1
0.2807017543859649,0.25,0.0,0.33333333333333337,0
0.2222222222222222,0.3703703703703704,1.0,0.2545454545454545,0
0.8095238095238095,1.0,1.0,1.0,1
0.8181818181818181,1.0,1.0,1.0,1
0.8709677419354839,1.0,1.0,1.0,1
0.8,1.0,1.0,1.0,1
0.9743589743589743,1.0,1.0,1.0,1
0.68,1.0,1.0,1.0,1
0.2702702702702703,0.3414634146341463,0.0,0.45569620253164556,0
0.4375,0.4418604651162791,0.0,0.45569620253164556,0
0.8484848484848484,1.0,1.0,1.0,1
0.9743589743589743,1.0,1.0,1.0,1
0.9111111111111111,1.0,1.0,1.0,1
0.7142857142857143,1.0,1.0,1.0,1
0.68,1.0,1.0,1.0,1
0.33333333333333337,0.3023255813953488,0.0,0.3076923076923077,0
0.2807017543859649,0.30508474576271183,0.0,0.3597122302158273,0
0.34042553191489366,0.289308176100629,0.0,0.14814814814814814,0
0.8,1.0,1.0,1.0,1
0.9655172413793103,1.0,1.0,1.0,1
0.2702702702702703,0.3928571428571429,0.0,0.36363636363636365,0
0.8666666666666667,1.0,1.0,1.0,1
0.7058823529411764,0.29729729729729726,0.0,0.5154639175257731,0
0.3666666666666667,0.4383561643835616,0.0,0.5154639175257731,0
0.8,1.0,1.0,1.0,1
0.9508196721311475,1.0,1.0,1.0,1
0.8787878787878788,1.0,1.0,1.0,1
0.8571428571428572,1.0,1.0,1.0,1
0.41025641025641024,0.3076923076923077,0.0,0.14678899082568808,0
0.8,1.0,1.0,1.0,1
0.7894736842105263,1.0,1.0,1.0,1
0.7727272727272727,1.0,1.0,1.0,1
0.3111111111111111,0.2153846153846154,1.0,0.14814814814814814,0
0.8275862068965517,1.0,1.0,1.0,1
0.9387755102040817,1.0,1.0,1.0,1
0.368421052631579,0.2535211267605634,0.0,0.3783783783783784,0
0.2941176470588235,0.3089430894308943,0.0,0.25,0
0.736842105263158,1.0,1.0,1.0,1
0.826086956521739,1.0,1.0,1.0,1
0.6190476190476191,1.0,1.0,1.0,1
0.3448275862068966,0.3380281690140845,0.0,0.25,0
0.7714285714285716,0.0,1.0,1.0,1
0.31034482758620685,0.27368421052631575,0.0,1.0,0
0.2222222222222222,0.20833333333333337,1.0,1.0,0
0.26315789473684215,0.3191489361702128,1.0,0.2857142857142857,0
0.9565217391304348,1.0,1.0,1.0,1
0.6,1.0,1.0,1.0,1
0.7777777777777779,1.0,1.0,1.0,1
0.8666666666666667,1.0,1.0,1.0,1
0.31034482758620685,0.30666666666666664,0.0,0.2545454545454545,0
0.303030303030303,0.2833333333333333,0.0,1.0,0
0.6363636363636364,1.0,1.0,1.0,1
0.75,1.0,1.0,1.0,1
0.17391304347826086,0.3733333333333333,0.0,0.14678899082568808,0
0.7647058823529411,1.0,1.0,1.0,1
0.3703703703703704,0.3194444444444444,0.0,0.36363636363636365,0
0.368421052631579,0.27450980392156865,0.0,0.2545454545454545,0
0.8095238095238095,1.0,1.0,1.0,1
0.38888888888888884,0.4,0.0,0.48,0
0.7619047619047619,1.0,1.0,1.0,1
0.22857142857142854,0.30000000000000004,0.0,0.3597122302158273,0
0.19354838709677424,0.2857142857142857,0.0,0.35820895522388063,0
0.8,1.0,1.0,1.0,1
0.40909090909090906,0.4,0.0,0.3529411764705882,0
0.6363636363636364,0.0,1.0,1.0,1
0.9523809523809522,1.0,1.0,1.0,1
0.4,0.23076923076923073,0.0,0.5154639175257731,0
0.326530612244898,0.21359223300970875,0.0,0.4,0
0.29508196721311475,0.2524271844660194,0.0,0.14678899082568808,0
0.9411764705882352,1.0,1.0,1.0,1
0.826086956521739,1.0,1.0,1.0,1
0.7647058823529411,1.0,1.0,1.0,1
0.3529411764705882,0.2962962962962963,0.0,0.14678899082568808,0
0.2941176470588235,0.20512820512820518,0.0,0.2857142857142857,0
0.2857142857142857,0.28915662650602414,0.0,0.5154639175257731,0
0.2666666666666667,0.25316455696202533,0.0,0.2857142857142857,0
0.5,0.2564102564102564,0.0,0.25,0
0.31999999999999995,0.27118644067796616,1.0,1.0,0
0.3508771929824561,0.3008849557522124,0.0,0.25,0
0.31818181818181823,0.2962962962962963,0.0,1.0,0
0.29166666666666663,0.2857142857142857,0.0,0.25,0
0.9428571428571427,1.0,1.0,1.0,1
0.2978723404255319,0.0,0.0,1.0,0
0.3829787234042554,0.3058823529411765,0.0,0.25,0
0.9473684210526316,1.0,1.0,1.0,1
0.303030303030303,0.3589743589743589,0.0,0.45569620253164556,0
0.7727272727272727,1.0,1.0,1.0,1
0.27586206896551724,0.25806451612903225,0.0,0.14678899082568808,0
0.34285714285714286,0.29166666666666663,1.0,0.14678899082568808,0
0.9411764705882352,1.0,1.0,1.0,1
0.8095238095238095,1.0,1.0,1.0,1
0.826086956521739,1.0,1.0,1.0,1
0.8333333333333335,1.0,1.0,1.0,1
0.3703703703703704,0.2894736842105263,0.0,0.25,0
0.975609756097561,1.0,1.0,1.0,1
0.826086956521739,1.0,1.0,1.0,1
0.96,1.0,1.0,1.0,1
0.9696969696969697,1.0,1.0,1.0,1
0.967741935483871,1.0,1.0,1.0,1
0.95,1.0,1.0,1.0,1
0.8275862068965517,1.0,1.0,1.0,1
0.8666666666666667,1.0,1.0,1.0,1
0.9777777777777777,1.0,1.0,1.0,1
0.48,0.3669724770642202,0.0,0.23333333333333328,0
0.37209302325581395,0.3516483516483516,0.0,0.36363636363636365,0
0.6666666666666667,1.0,1.0,1.0,1
0.42622950819672134,0.31999999999999995,0.0,0.38095238095238093,0
0.7894736842105263,1.0,1.0,1.0,1
0.2777777777777778,0.2142857142857143,1.0,0.3597122302158273,0
0.8181818181818181,1.0,1.0,1.0,1
0.8974358974358975,1.0,1.0,1.0,1
0.3125,0.2682926829268293,0.0,0.25,0
0.7647058823529411,1.0,1.0,1.0,1
0.9523809523809522,1.0,1.0,1.0,1
0.7894736842105263,1.0,1.0,1.0,1
0.36,0.3055555555555556,0.0,0.5154639175257731,0
0.32558139534883723,0.30000000000000004,0.0,0.5714285714285714,0
0.2777777777777778,0.3780487804878049,0.0,0.36363636363636365,0
0.38888888888888884,0.2558139534883721,0.0,0.20895522388059706,0
0.7222222222222221,1.0,1.0,1.0,1
0.8620689655172413,1.0,1.0,1.0,1
0.3571428571428571,0.26530612244897955,0.0,1.0,0
0.33333333333333337,0.2222222222222222,0.0,0.3597122302158273,0
0.33333333333333337,0.4,0.0,1.0,0
0.2857142857142857,0.32558139534883723,0.0,0.31746031746031744,0
0.8974358974358975,1.0,1.0,1.0,1
0.96,1.0,1.0,1.0,1
0.6363636363636364,1.0,1.0,1.0,1
0.32558139534883723,0.326530612244898,0.0,0.3125,0
0.6363636363636364,1.0,1.0,1.0,1
0.41379310344827597,0.36170212765957444,0.0,0.23333333333333328,0
0.30508474576271183,0.30508474576271183,0.0,0.35820895522388063,0
0.9523809523809522,1.0,1.0,1.0,1
0.75,1.0,1.0,1.0,1
0.4242424242424242,0.3647798742138365,0.0,1.0,0
0.6363636363636364,1.0,1.0,1.0,1
0.29268292682926833,0.3414634146341463,0.0,0.25,0
0.34042553191489366,0.2666666666666667,0.0,0.3783783783783784,0
0.8095238095238095,1.0,1.0,1.0,1
0.9655172413793103,1.0,1.0,1.0,1
0.6190476190476191,1.0,1.0,1.0,1
0.9565217391304348,1.0,1.0,1.0,1
0.3529411764705882,0.2682926829268293,0.0,0.43333333333333335,0
0.875,1.0,1.0,1.0,1
0.2592592592592593,0.33766233766233766,0.0,0.45569620253164556,0
0.34285714285714286,0.36144578313253023,0.0,1.0,0
0.21052631578947367,0.32592592592592595,1.0,0.3597122302158273,0
0.3703703703703704,0.2142857142857143,0.0,1.0,0
0.6808510638297872,0.23255813953488372,0.0,1.0,0
0.9333333333333332,1.0,1.0,1.0,1
0.21052631578947367,0.2432432432432432,0.0,0.1333333333333333,0
0.9545454545454546,1.0,1.0,1.0,1
0.8461538461538461,1.0,1.0,1.0,1
0.962962962962963,1.0,1.0,1.0,1
0.4242424242424242,0.08823529411764708,0.0,0.4545454545454546,0
0.8974358974358975,1.0,1.0,1.0,1
0.34615384615384615,0.31034482758620685,1.0,0.2222222222222222,0
0.375,0.25287356321839083,0.0,0.25,0
0.3414634146341463,0.26315789473684215,0.0,1.0,0
0.972972972972973,1.0,1.0,1.0,1
0.303030303030303,0.2857142857142857,0.0,1.0,0
0.3571428571428571,0.35398230088495575,0.0,0.14678899082568808,0
0.7333333333333334,1.0,1.0,1.0,1
0.9565217391304348,1.0,1.0,1.0,1
0.368421052631579,0.3013698630136986,0.0,0.25,0
0.7948717948717949,1.0,1.0,1.0,1
0.3157894736842105,0.3695652173913043,0.0,0.2545454545454545,0
0.38095238095238093,0.3513513513513513,0.0,0.3783783783783784,0
0.29268292682926833,0.2028985507246377,0.0,0.48,0
0.41025641025641024,0.30000000000000004,0.0,0.25,0
0.33333333333333337,0.24347826086956526,0.0,0.3125,0
0.8181818181818181,1.0,1.0,1.0,1
0.8518518518518519,1.0,1.0,1.0,1
0.3548387096774194,0.27586206896551724,0.0,0.4,0
0.33333333333333337,0.2647058823529411,0.0,0.25,0
0.9545454545454546,1.0,1.0,1.0,1
0.303030303030303,0.2571428571428571,1.0,0.2857142857142857,0
0.962962962962963,1.0,1.0,1.0,1
0.2857142857142857,0.30000000000000004,0.0,0.3529411764705882,0
0.2857142857142857,0.375,0.0,0.25,0
0.4,0.3035714285714286,0.0,1.0,0
0.3508771929824561,0.3132530120481928,0.0,0.42666666666666664,0
0.16216216216216217,0.20833333333333337,0.0,0.25,0
0.4324324324324324,0.42105263157894735,0.0,0.22857142857142854,0
0.826086956521739,1.0,1.0,1.0,1
0.9565217391304348,1.0,1.0,1.0,1
0.9583333333333335,1.0,1.0,1.0,1
0.6666666666666667,1.0,1.0,1.0,1
0.29166666666666663,0.34285714285714286,0.0,0.3783783783783784,0
0.7894736842105263,1.0,1.0,1.0,1
0.9090909090909091,1.0,1.0,1.0,1
0.8620689655172413,1.0,1.0,1.0,1
0.3076923076923077,0.2857142857142857,0.0,1.0,0
0.28,0.3214285714285714,1.0,0.41333333333333333,0
0.32258064516129037,0.2784810126582279,0.0,0.48,0
0.9696969696969697,1.0,1.0,1.0,1
0.27586206896551724,0.3652173913043478,0.0,0.2545454545454545,0
0.25,0.31999999999999995,0.0,0.25,0
0.4615384615384615,0.29268292682926833,0.0,0.20895522388059706,0
0.19999999999999996,0.3790849673202614,1.0,0.25,0
0.7619047619047619,1.0,1.0,1.0,1
0.3414634146341463,0.27368421052631575,0.0,0.35820895522388063,0
0.7894736842105263,1.0,1.0,1.0,1
0.3414634146341463,0.3384615384615385,0.0,0.4,0
0.7727272727272727,1.0,1.0,1.0,1
0.36734693877551017,0.36220472440944884,0.0,1.0,0
0.826086956521739,1.0,1.0,1.0,1
0.19999999999999996,0.4098360655737705,0.0,0.25,0
0.8,1.0,1.0,1.0,1
0.972972972972973,1.0,1.0,1.0,1
0.8095238095238095,1.0,1.0,1.0,1
0.20512820512820518,0.275,0.0,0.3783783783783784,0
0.9411764705882352,1.0,1.0,1.0,1
0.7894736842105263,1.0,1.0,1.0,1
0.9642857142857143,1.0,1.0,1.0,1
0.7837837837837838,1.0,1.0,1.0,1
0.736842105263158,1.0,1.0,1.0,1
0.8518518518518519,1.0,1.0,1.0,1
0.30188679245283023,0.2834645669291339,0.0,0.35820895522388063,0
0.303030303030303,0.27118644067796616,0.0,1.0,0
0.9714285714285714,1.0,1.0,1.0,1
0.42105263157894735,0.3125,0.0,0.25,0
0.22857142857142854,0.27450980392156865,0.0,0.36923076923076925,0
0.972972972972973,1.0,1.0,1.0,1
0.8709677419354839,1.0,1.0,1.0,1
0.30434782608695654,0.2962962962962963,0.0,1.0,0
0.31999999999999995,0.2857142857142857,0.0,0.4242424242424242,0
0.8888888888888888,1.0,1.0,1.0,1
0.25,0.3801652892561983,0.0,0.14678899082568808,0
0.8,1.0,1.0,1.0,1
0.30000000000000004,0.2702702702702703,0.0,0.20895522388059706,0
0.9803921568627451,1.0,1.0,1.0,1
0.3529411764705882,0.38,0.0,0.48,0
0.7142857142857143,1.0,1.0,1.0,1
0.7619047619047619,1.0,1.0,1.0,1
0.7714285714285716,1.0,1.0,1.0,1
0.3157894736842105,0.25806451612903225,0.0,1.0,0
0.9714285714285714,1.0,1.0,1.0,1
0.75,1.0,1.0,1.0,1
0.96,1.0,1.0,1.0,1
0.9696969696969697,1.0,1.0,1.0,1
0.8181818181818181,1.0,1.0,1.0,1
0.7894736842105263,1.0,1.0,1.0,1
0.7894736842105263,1.0,1.0,1.0,1
0.27450980392156865,0.29032258064516125,0.0,0.33333333333333337,0
0.3829787234042554,0.0,1.0,0.3941605839416058,0
0.8709677419354839,1.0,1.0,1.0,1
0.3414634146341463,0.2941176470588235,0.0,1.0,0
0.3703703703703704,0.2588235294117647,0.0,0.36923076923076925,0
0.7727272727272727,1.0,1.0,1.0,1
0.32432432432432434,0.375,0.0,0.35820895522388063,0
0.8,1.0,1.0,1.0,1
0.9333333333333332,1.0,1.0,1.0,1
0.34285714285714286,0.3571428571428571,0.0,0.23333333333333328,0
0.4,0.3119266055045872,0.0,0.30508474576271183,0
0.8333333333333335,1.0,1.0,1.0,1
0.27586206896551724,0.25806451612903225,0.0,0.25,0
0.26086956521739135,0.31999999999999995,0.0,0.2545454545454545,0
0.75,1.0,1.0,1.0,1
0.33333333333333337,0.24561403508771928,0.0,0.14678899082568808,0
0.975609756097561,1.0,1.0,1.0,1
0.7647058823529411,1.0,1.0,1.0,1
0.972972972972973,1.0,1.0,1.0,1
0.8571428571428572,1.0,1.0,1.0,1
0.9655172413793103,1.0,1.0,1.0,1
0.25,0.34862385321100914,0.0,0.14678899082568808,0
0.35,0.2517482517482518,0.0,0.3597122302158273,0
0.8518518518518519,1.0,1.0,1.0,1
0.8620689655172413,1.0,1.0,1.0,1
0.826086956521739,1.0,1.0,1.0,1
0.9583333333333335,1.0,1.0,1.0,1
0.2666666666666667,0.4390243902439024,0.0,0.2857142857142857,0
0.36363636363636365,0.33333333333333337,0.0,0.3597122302158273,0
0.9743589743589743,1.0,1.0,1.0,1
0.3829787234042554,0.25,0.0,0.20895522388059706,0
0.7647058823529411,1.0,1.0,1.0,1
0.32432432432432434,0.31775700934579443,0.0,1.0,0
0.7333333333333334,1.0,1.0,1.0,1
0.6875,1.0,1.0,1.0,1
0.5294117647058824,1.0,1.0,1.0,1
0.7419354838709676,1.0,1.0,1.0,1
0.923076923076923,1.0,1.0,1.0,1
0.9411764705882352,1.0,1.0,1.0,1
0.2592592592592593,0.33333333333333337,0.0,0.14678899082568808,0
0.9743589743589743,1.0,1.0,1.0,1
0.24,0.18181818181818177,0.0,0.4666666666666666,0
0.9491525423728814,1.0,1.0,1.0,1
0.16000000000000003,0.27586206896551724,0.0,0.25,0
0.4705882352941176,0.2432432432432432,1.0,0.2545454545454545,0
0.25,0.2857142857142857,0.0,1.0,0
0.75,1.0,1.0,1.0,1
0.5652173913043479,0.3571428571428571,0.0,0.35820895522388063,0
0.9767441860465115,1.0,1.0,1.0,1
0.8918918918918919,1.0,1.0,1.0,1
0.303030303030303,0.3125,0.0,0.14678899082568808,0
0.2857142857142857,0.3076923076923077,0.0,0.25,0
0.34782608695652173,0.37606837606837606,0.0,0.5154639175257731,0
0.962962962962963,1.0,1.0,1.0,1
0.9333333333333332,1.0,1.0,1.0,1
0.8518518518518519,1.0,1.0,1.0,1
0.7058823529411764,1.0,1.0,1.0,1
0.9696969696969697,1.0,1.0,1.0,1
0.7241379310344827,1.0,1.0,1.0,1
0.96,1.0,1.0,1.0,1
0.23529411764705888,0.29850746268656714,1.0,0.25,0
0.6521739130434783,1.0,1.0,1.0,1
0.2941176470588235,0.276595744680851,0.0,1.0,0
0.9523809523809522,1.0,1.0,1.0,1
0.972972972972973,1.0,1.0,1.0,1
0.8518518518518519,1.0,1.0,1.0,1
0.4878048780487805,0.3157894736842105,0.0,1.0,0
0.3939393939393939,0.27956989247311825,0.0,0.36363636363636365,0
0.41025641025641024,0.3555555555555555,0.0,0.2857142857142857,0
0.35,0.33333333333333337,0.0,1.0,0
0.8076923076923077,1.0,1.0,1.0,1
0.3921568627450981,0.0,0.0,0.3278688524590164,0
0.9565217391304348,1.0,1.0,1.0,1
0.814814814814815,1.0,1.0,1.0,1
0.368421052631579,0.19417475728155342,0.0,0.2222222222222222,0
0.6666666666666667,1.0,1.0,1.0,1
0.23076923076923073,0.33333333333333337,1.0,0.48,0
0.96,1.0,1.0,1.0,1
0.28,0.3508771929824561,0.0,0.48,0
0.9523809523809522,1.0,1.0,1.0,1
0.4,0.2967741935483871,1.0,0.33333333333333337,0
0.9459459459459459,1.0,1.0,1.0,1
0.7894736842105263,1.0,1.0,1.0,1
0.3783783783783784,0.26865671641791045,0.0,1.0,0
0.3137254901960784,0.36,0.0,1.0,0
0.2264150943396226,0.25316455696202533,0.0,0.14678899082568808,0
0.8333333333333335,1.0,1.0,1.0,1
0.3529411764705882,0.31932773109243695,0.0,0.34285714285714286,0
0.2857142857142857,0.22535211267605637,0.0,0.25,0
0.41025641025641024,0.2142857142857143,0.0,1.0,0
0.814814814814815,1.0,1.0,1.0,1
0.30434782608695654,0.3090909090909091,0.0,0.20895522388059706,0
0.9743589743589743,1.0,1.0,1.0,1
0.9714285714285714,1.0,1.0,1.0,1
0.24137931034482762,0.34210526315789463,0.0,0.31746031746031744,0
0.36363636363636365,0.24096385542168675,0.0,0.2545454545454545,0
0.3157894736842105,0.3917525773195877,0.0,0.35820895522388063,0
0.7619047619047619,1.0,1.0,1.0,1
0.6190476190476191,1.0,1.0,1.0,1
0.43478260869565216,0.345679012345679,0.0,0.2545454545454545,0
0.7575757575757575,1.0,1.0,1.0,1
0.26086956521739135,0.29230769230769227,0.0,0.25,0
0.29032258064516125,0.32727272727272727,0.0,1.0,0
0.9473684210526316,1.0,1.0,1.0,1
0.7777777777777779,1.0,1.0,1.0,1
0.736842105263158,1.0,1.0,1.0,1
0.9454545454545454,1.0,1.0,1.0,1
0.8684210526315791,1.0,1.0,1.0,1
0.2857142857142857,0.2471910112359551,0.0,0.3214285714285714,0
0.9438202247191011,1.0,1.0,1.0,1
0.736842105263158,1.0,1.0,1.0,1
0.3157894736842105,0.32727272727272727,0.0,1.0,0
0.826086956521739,1.0,1.0,1.0,1
0.6923076923076923,1.0,1.0,1.0,1
0.9,1.0,1.0,1.0,1
0.2857142857142857,0.32608695652173914,0.0,1.0,0
0.8387096774193549,1.0,1.0,1.0,1
0.3902439024390244,0.2816901408450704,0.0,0.3597122302158273,0
0.8076923076923077,1.0,1.0,1.0,1
0.6666666666666667,1.0,1.0,1.0,1
0.2790697674418605,0.4057971014492754,0.0,0.4,0
0.32432432432432434,0.28915662650602414,0.0,0.3597122302158273,0
0.23529411764705888,0.31818181818181823,0.0,1.0,0
0.31746031746031744,0.3571428571428571,0.0,0.23076923076923073,0
0.7777777777777779,1.0,1.0,1.0,1
0.36734693877551017,0.23376623376623373,0.0,0.4666666666666666,0
0.29166666666666663,0.326530612244898,0.0,0.36923076923076925,0
0.2222222222222222,0.28260869565217395,0.0,0.24137931034482762,0
0.1875,0.3620689655172413,0.0,0.25,0
0.30434782608695654,0.375,0.0,1.0,0
0.26415094339622647,0.3548387096774194,0.0,1.0,0
0.42553191489361697,0.38095238095238093,0.0,0.14678899082568808,0
0.33333333333333337,0.29729729729729726,0.0,1.0,0
0.75,1.0,1.0,1.0,1
0.9743589743589743,1.0,1.0,1.0,1
0.36363636363636365,0.18181818181818177,0.0,0.48,0
0.35,0.33333333333333337,0.0,0.2222222222222222,0
0.972972972972973,1.0,1.0,1.0,1
0.84,1.0,1.0,1.0,1
0.2564102564102564,0.28985507246376807,0.0,1.0,0
0.962962962962963,1.0,1.0,1.0,1
0.23529411764705888,0.23529411764705888,0.0,0.31746031746031744,0
0.30434782608695654,0.3571428571428571,0.0,0.2545454545454545,0
0.9387755102040817,1.0,1.0,1.0,1
0.8181818181818181,1.0,1.0,1.0,1
0.6190476190476191,1.0,1.0,1.0,1
0.37735849056603776,0.28260869565217395,0.0,1.0,0
0.7727272727272727,1.0,1.0,1.0,1
0.7037037037037037,1.0,1.0,1.0,1
0.9743589743589743,1.0,1.0,1.0,1
0.967741935483871,1.0,1.0,1.0,1
0.962962962962963,1.0,1.0,1.0,1
0.9696969696969697,1.0,1.0,1.0,1
0.5789473684210527,1.0,1.0,1.0,1
0.8,1.0,1.0,1.0,1
0.8709677419354839,1.0,1.0,1.0,1
0.9565217391304348,1.0,1.0,1.0,1
0.30434782608695654,0.39252336448598135,0.0,0.25,0
0.7647058823529411,1.0,1.0,1.0,1
0.8333333333333335,1.0,1.0,1.0,1
0.3076923076923077,0.27722772277227725,0.0,0.24137931034482762,0
0.3902439024390244,0.31775700934579443,0.0,0.2545454545454545,0
0.07999999999999996,0.32608695652173914,0.0,1.0,0
0.3125,0.34666666666666673,0.0,0.36363636363636365,0
0.923076923076923,1.0,1.0,1.0,1
0.9565217391304348,1.0,1.0,1.0,1
0.3846153846153846,0.1686746987951807,0.0,0.14678899082568808,0
0.8,1.0,1.0,1.0,1
0.2068965517241379,0.2962962962962963,0.0,0.25,0
0.29268292682926833,0.44067796610169496,0.0,0.25,0
0.8095238095238095,1.0,1.0,1.0,1
0.3448275862068966,0.0,0.0,0.35820895522388063,0
0.8518518518518519,1.0,1.0,1.0,1
0.2777777777777778,0.37606837606837606,0.0,0.35820895522388063,0
0.3666666666666667,0.3355704697986577,0.0,0.4,0
0.8095238095238095,1.0,1.0,1.0,1
0.9714285714285714,1.0,1.0,1.0,1
0.32258064516129037,0.2702702702702703,0.0,0.48,0
0.7419354838709676,1.0,1.0,1.0,1
0.36363636363636365,0.25,0.0,1.0,0
0.7419354838709676,1.0,1.0,1.0,1
0.34782608695652173,0.2666666666666667,0.0,0.4444444444444444,0
0.9387755102040817,1.0,1.0,1.0,1
0.804878048780488,1.0,1.0,1.0,1
0.4117647058823529,0.3857142857142857,0.0,1.0,0
0.34615384615384615,0.3880597014925373,1.0,0.33333333333333337,0
0.9583333333333335,1.0,1.0,1.0,1
0.26086956521739135,0.3090909090909091,0.0,0.2857142857142857,0
0.33333333333333337,0.3410852713178295,0.0,0.36363636363636365,0
0.2857142857142857,0.25531914893617025,0.0,0.2222222222222222,0
0.36363636363636365,0.2622950819672131,0.0,0.25,0
0.24561403508771928,0.22807017543859653,0.0,0.3597122302158273,0
0.8181818181818181,1.0,1.0,1.0,1
0.7837837837837838,1.0,1.0,1.0,1
0.8571428571428572,1.0,1.0,1.0,1
0.2727272727272727,0.3768115942028986,0.0,0.48,0
0.975609756097561,1.0,1.0,1.0,1
0.9743589743589743,1.0,1.0,1.0,1
0.2857142857142857,0.30107526881720426,0.0,0.25,0
0.4516129032258065,0.33644859813084116,0.0,0.48,0
0.7647058823529411,1.0,1.0,1.0,1
0.9714285714285714,1.0,1.0,1.0,1
0.6666666666666667,1.0,1.0,1.0,1
0.2222222222222222,0.31746031746031744,1.0,0.25,0
0.32727272727272727,0.345679012345679,0.0,0.25,0
0.3902439024390244,0.2432432432432432,0.0,0.25,0
0.7222222222222221,1.0,1.0,1.0,1
0.875,1.0,1.0,1.0,1
0.2857142857142857,0.2680412371134021,0.0,0.42105263157894735,0
0.3589743589743589,0.36,0.0,0.4666666666666666,0
0.7142857142857143,1.0,1.0,1.0,1
0.967741935483871,1.0,1.0,1.0,1
0.84,1.0,1.0,1.0,1
0.9795918367346939,1.0,1.0,1.0,1
0.9743589743589743,1.0,1.0,1.0,1
0.2777777777777778,0.3620689655172413,0.0,0.2545454545454545,0
0.7777777777777779,1.0,1.0,1.0,1
0.7647058823529411,1.0,1.0,1.0,1
0.36734693877551017,0.39639639639639634,0.0,0.5154639175257731,0
0.2790697674418605,0.24615384615384617,0.0,0.38095238095238093,0
0.33333333333333337,0.21359223300970875,0.0,0.14678899082568808,0
0.8333333333333335,1.0,1.0,1.0,1
0.6363636363636364,1.0,1.0,1.0,1
0.2068965517241379,0.18181818181818177,0.0,1.0,0
0.84,1.0,1.0,1.0,1
0.8461538461538461,1.0,1.0,1.0,1
0.84,1.0,1.0,1.0,1
0.375,0.29032258064516125,0.0,1.0,0
0.3529411764705882,0.27586206896551724,0.0,0.35820895522388063,0
0.23255813953488372,0.26168224299065423,0.0,1.0,0
0.7777777777777779,1.0,1.0,1.0,1
0.31034482758620685,0.3144654088050315,0.0,1.0,0
0.9696969696969697,1.0,1.0,1.0,1
0.826086956521739,1.0,1.0,1.0,1
0.41860465116279066,0.3529411764705882,0.0,0.25,0
0.32258064516129037,0.41428571428571426,0.0,0.2857142857142857,0
0.4,0.27184466019417475,0.0,0.2727272727272727,0
0.4,0.39252336448598135,0.0,0.5154639175257731,0
0.40909090909090906,0.30952380952380953,0.0,0.3783783783783784,0
0.41509433962264153,0.3711340206185567,0.0,0.2545454545454545,0
0.2857142857142857,0.27586206896551724,0.0,0.35820895522388063,0
0.4444444444444444,0.3058823529411765,0.0,0.4761904761904761,0
0.7647058823529411,1.0,1.0,1.0,1
0.96,1.0,1.0,1.0,1
0.7777777777777779,1.0,1.0,1.0,1
0.22857142857142854,0.2954545454545454,0.0,0.4761904761904761,0
0.21052631578947367,0.20833333333333337,0.0,0.25,0
0.2941176470588235,0.326530612244898,0.0,0.2545454545454545,0
0.36363636363636365,0.19999999999999996,0.0,0.41333333333333333,0
0.33333333333333337,0.3846153846153846,0.0,0.36363636363636365,0
0.9577464788732395,1.0,1.0,1.0,1
0.75,1.0,1.0,1.0,1
0.303030303030303,0.2941176470588235,0.0,0.3589743589743589,0
0.8709677419354839,1.0,1.0,1.0,1
0.736842105263158,1.0,1.0,1.0,1
0.75,1.0,1.0,1.0,1
0.9473684210526316,1.0,1.0,1.0,1
0.29032258064516125,0.3296703296703297,0.0,0.23333333333333328,0
0.9589041095890412,1.0,1.0,1.0,1
0.24,0.2142857142857143,0.0,0.24242424242424243,0
0.8666666666666667,1.0,1.0,1.0,1
0.39130434782608686,0.23529411764705888,0.0,0.23333333333333328,0
0.1333333333333333,0.3089430894308943,0.0,1.0,0
0.32432432432432434,0.2727272727272727,1.0,0.2545454545454545,0
0.8787878787878788,1.0,1.0,1.0,1
0.8387096774193549,1.0,1.0,1.0,1
0.7619047619047619,1.0,1.0,1.0,1
0.3571428571428571,0.3125,0.0,1.0,0
0.38888888888888884,0.22988505747126442,0.0,1.0,0
0.34285714285714286,0.36065573770491793,1.0,0.14814814814814814,0
0.967741935483871,1.0,1.0,1.0,1
0.8095238095238095,1.0,1.0,1.0,1
0.8461538461538461,1.0,1.0,1.0,1
0.4,0.31818181818181823,0.0,0.288135593220339,0
0.4285714285714286,0.3106796116504854,0.0,1.0,0
0.2727272727272727,0.30188679245283023,0.0,0.2545454545454545,0
0.7272727272727273,1.0,1.0,1.0,1
0.972972972972973,1.0,1.0,1.0,1
0.46808510638297873,0.2831858407079646,0.0,0.2727272727272727,0
0.30000000000000004,0.2564102564102564,0.0,0.25,0
0.8,1.0,1.0,1.0,1
0.303030303030303,0.41463414634146345,0.0,0.25,0
0.13636363636363635,0.3132530120481928,0.0,0.3597122302158273,0
0.7037037037037037,1.0,1.0,1.0,1
0.33333333333333337,0.19999999999999996,0.0,1.0,0
0.8461538461538461,1.0,1.0,1.0,1
0.33333333333333337,0.24242424242424243,0.0,1.0,0
0.339622641509434,0.30508474576271183,0.0,0.3597122302158273,0
0.8947368421052632,1.0,1.0,1.0,1
0.3783783783783784,0.3007518796992481,0.0,0.4444444444444444,0
0.2857142857142857,0.3214285714285714,0.0,0.36923076923076925,0
0.4117647058823529,0.1428571428571429,0.0,0.3783783783783784,0
0.8095238095238095,1.0,1.0,1.0,1
0.3589743589743589,0.33333333333333337,0.0,1.0,0
0.8181818181818181,1.0,1.0,1.0,1
0.2222222222222222,0.34666666666666673,0.0,0.25,0
0.6923076923076923,1.0,1.0,1.0,1
0.8,1.0,1.0,1.0,1
0.19354838709677424,0.0,0.0,0.2222222222222222,0
0.21052631578947367,0.32258064516129037,0.0,0.31746031746031744,0
0.30000000000000004,0.29824561403508776,1.0,0.3597122302158273,0
0.5294117647058824,1.0,1.0,1.0,1
0.25,0.5471698113207547,0.0,0.25,0
0.6521739130434783,0.0,1.0,1.0,1
0.9545454545454546,1.0,1.0,1.0,1
0.30508474576271183,0.32499999999999996,0.0,0.45569620253164556,0
0.3529411764705882,0.23913043478260865,0.0,1.0,0
0.4615384615384615,0.2816901408450704,0.0,1.0,0
0.375,0.36363636363636365,0.0,0.4,0
0.18181818181818177,0.2727272727272727,0.0,0.35820895522388063,0
0.30188679245283023,0.430379746835443,0.0,1.0,0
0.8333333333333335,1.0,1.0,1.0,1
0.9183673469387756,1.0,1.0,1.0,1
0.4242424242424242,0.0,0.0,0.3597122302158273,0
0.4390243902439024,0.31999999999999995,0.0,0.3597122302158273,0
0.972972972972973,1.0,1.0,1.0,1
0.96,1.0,1.0,1.0,1
0.3529411764705882,0.1777777777777778,0.0,0.4,0
0.1875,0.31858407079646023,0.0,1.0,0
0.7419354838709676,1.0,1.0,1.0,1
0.4,0.3157894736842105,0.0,0.24137931034482762,0
0.6,1.0,1.0,1.0,1
0.3076923076923077,0.36496350364963503,0.0,0.48,0
0.26315789473684215,0.31932773109243695,0.0,0.3597122302158273,0
0.9508196721311475,1.0,1.0,1.0,1
0.26315789473684215,0.3076923076923077,1.0,1.0,0
0.4,0.2571428571428571,0.0,0.38095238095238093,0
0.84,1.0,1.0,1.0,1
0.7916666666666665,1.0,1.0,1.0,1
0.3157894736842105,0.33333333333333337,0.0,0.25,0
0.8709677419354839,1.0,1.0,1.0,1
0.9387755102040817,1.0,1.0,1.0,1
0.12903225806451613,0.36090225563909767,0.0,0.25,0
0.9565217391304348,1.0,1.0,1.0,1
0.7241379310344827,1.0,1.0,1.0,1
0.3076923076923077,0.34782608695652173,1.0,0.4761904761904761,0
0.9,1.0,1.0,1.0,1
0.339622641509434,0.33684210526315794,0.0,0.23076923076923073,0
0.36734693877551017,0.33333333333333337,0.0,0.4,0
0.21052631578947367,0.3355704697986577,0.0,0.3783783783783784,0
0.30000000000000004,0.30000000000000004,0.0,0.2857142857142857,0
0.26315789473684215,0.30379746835443033,0.0,0.31746031746031744,0
0.8214285714285714,1.0,1.0,1.0,1
0.2295081967213115,0.25,0.0,0.14678899082568808,0
0.375,0.26190476190476186,0.0,0.3783783783783784,0
0.9491525423728814,1.0,1.0,1.0,1
0.32558139534883723,0.37777777777777777,1.0,0.22857142857142854,0
0.6363636363636364,1.0,1.0,1.0,1
0.32258064516129037,0.2592592592592593,0.0,0.48,0
0.7619047619047619,1.0,1.0,1.0,1
0.4666666666666666,0.3384615384615385,0.0,0.3783783783783784,0
0.84,1.0,1.0,1.0,1
0.8461538461538461,1.0,1.0,1.0,1
0.31818181818181823,0.3559322033898306,0.0,0.45569620253164556,0
0.9411764705882352,1.0,1.0,1.0,1
0.7894736842105263,1.0,1.0,1.0,1
0.9743589743589743,1.0,1.0,1.0,1
0.32558139534883723,0.24742268041237114,0.0,1.0,0
0.6666666666666667,1.0,1.0,1.0,1
0.31999999999999995,0.2716049382716049,1.0,0.14678899082568808,0
0.826086956521739,1.0,1.0,1.0,1
0.8387096774193549,1.0,1.0,1.0,1
0.7333333333333334,1.0,1.0,1.0,1
0.7837837837837838,1.0,1.0,1.0,1
0.68,1.0,1.0,1.0,1
0.3529411764705882,0.37362637362637363,0.0,0.14814814814814814,0
0.4444444444444444,0.25,0.0,1.0,0
0.7241379310344827,1.0,1.0,1.0,1
0.25531914893617025,0.30508474576271183,0.0,0.5154639175257731,0
0.7777777777777779,1.0,1.0,1.0,1
0.26315789473684215,0.31666666666666665,0.0,0.36363636363636365,0
0.2222222222222222,0.3111111111111111,0.0,0.31746031746031744,0
0.6521739130434783,1.0,1.0,1.0,1
0.3076923076923077,0.33333333333333337,0.0,0.3597122302158273,0
0.33333333333333337,0.34210526315789463,0.0,0.42666666666666664,0
0.7777777777777779,1.0,1.0,1.0,1
0.19999999999999996,0.3291139240506329,0.0,0.3597122302158273,0
0.9565217391304348,1.0,1.0,1.0,1
0.4375,0.36363636363636365,0.0,0.3597122302158273,0
0.878048780487805,1.0,1.0,1.0,1
0.2941176470588235,0.32258064516129037,1.0,0.31746031746031744,0
0.736842105263158,1.0,1.0,1.0,1
0.9454545454545454,1.0,1.0,1.0,1
0.9696969696969697,1.0,1.0,1.0,1
0.967741935483871,1.0,1.0,1.0,1
0.5970149253731343,0.32558139534883723,1.0,0.2545454545454545,0
0.2941176470588235,0.33333333333333337,0.0,0.25,0
0.9696969696969697,1.0,1.0,1.0,1
0.2857142857142857,0.27826086956521734,0.0,0.14814814814814814,0
0.8181818181818181,1.0,1.0,1.0,1
0.38888888888888884,0.2857142857142857,1.0,0.25,0
0.5116279069767442,0.3669724770642202,0.0,1.0,0
0.8571428571428572,1.0,1.0,1.0,1
0.8,1.0,1.0,1.0,1
0.34042553191489366,0.3855421686746988,0.0,1.0,0
0.9565217391304348,1.0,1.0,1.0,1
0.6521739130434783,1.0,1.0,1.0,1
0.9523809523809522,1.0,1.0,1.0,1
0.9743589743589743,1.0,1.0,1.0,1
0.2857142857142857,0.25806451612903225,0.0,0.25,0
0.8620689655172413,1.0,1.0,1.0,1
0.8611111111111112,1.0,1.0,1.0,1
0.24561403508771928,0.3125,0.0,1.0,0
0.25806451612903225,0.2962962962962963,0.0,0.14678899082568808,0
0.5454545454545454,1.0,1.0,1.0,1
0.34615384615384615,0.2571428571428571,0.0,0.36923076923076925,0
0.8787878787878788,1.0,1.0,1.0,1
0.8787878787878788,1.0,1.0,1.0,1
0.34615384615384615,0.17021276595744683,0.0,1.0,0
0.967741935483871,1.0,1.0,1.0,1
0.8518518518518519,1.0,1.0,1.0,1
0.4,0.30508474576271183,0.0,0.3928571428571429,0
0.9333333333333332,1.0,1.0,1.0,1
0.7777777777777779,1.0,1.0,1.0,1
0.962962962962963,1.0,1.0,1.0,1
0.84,1.0,1.0,1.0,1
0.7727272727272727,1.0,1.0,1.0,1
0.8484848484848484,1.0,1.0,1.0,1
0.3146067415730337,0.0,0.0,0.3941605839416058,0
0.4324324324324324,0.3846153846153846,0.0,0.25,0
0.96,1.0,1.0,1.0,1
0.8857142857142857,1.0,1.0,1.0,1
0.36734693877551017,0.27586206896551724,0.0,0.35820895522388063,0
0.6363636363636364,1.0,1.0,1.0,1
0.782608695652174,1.0,1.0,1.0,1
0.36734693877551017,0.2222222222222222,0.0,0.25,0
0.8518518518518519,1.0,1.0,1.0,1
0.2857142857142857,0.19444444444444442,0.0,0.24137931034482762,0
0.33333333333333337,0.2990654205607477,0.0,0.3783783783783784,0
0.9444444444444444,1.0,1.0,1.0,1
0.3076923076923077,0.34343434343434337,1.0,0.4761904761904761,0
0.7619047619047619,1.0,1.0,1.0,1
0.32432432432432434,0.2682926829268293,0.0,0.5154639175257731,0
0.826086956521739,1.0,1.0,1.0,1
0.96,1.0,1.0,1.0,1
0.17647058823529416,0.25,0.0,0.25,0
0.782608695652174,1.0,1.0,1.0,1
0.804878048780488,1.0,1.0,1.0,1
0.5555555555555556,1.0,1.0,1.0,1
0.4705882352941176,0.32727272727272727,1.0,0.48,0
0.36,0.28125,0.0,0.25,0
0.6875,1.0,1.0,1.0,1
0.8333333333333335,1.0,1.0,1.0,1
0.3157894736842105,0.3218390804597702,0.0,1.0,0
0.4,0.27722772277227725,0.0,0.2068965517241379,0
0.8787878787878788,1.0,1.0,1.0,1
0.34285714285714286,0.2816901408450704,1.0,0.14678899082568808,0
0.33333333333333337,0.27083333333333337,0.0,0.3597122302158273,0
0.30508474576271183,0.34042553191489366,0.0,0.4675324675324676,0
0.26315789473684215,0.2264150943396226,0.0,0.3597122302158273,0
0.8958333333333335,1.0,1.0,1.0,1
0.8095238095238095,1.0,1.0,1.0,1
0.34042553191489366,0.2178217821782178,0.0,1.0,0
0.30000000000000004,0.2222222222222222,0.0,0.3597122302158273,0
0.38095238095238093,0.3555555555555555,0.0,0.35820895522388063,0
0.8095238095238095,1.0,1.0,1.0,1
0.7222222222222221,1.0,1.0,1.0,1
0.23809523809523814,0.33112582781456956,0.0,0.36363636363636365,0
0.23529411764705888,0.3508771929824561,0.0,0.48,0
0.3076923076923077,0.40476190476190477,0.0,1.0,0
0.2535211267605634,0.4200000000000001,1.0,0.4,0
0.2962962962962963,0.328125,0.0,0.31746031746031744,0
0.6666666666666667,1.0,1.0,1.0,1
0.37209302325581395,0.3076923076923077,0.0,0.25,0
0.303030303030303,0.38235294117647056,0.0,0.25,0
0.2857142857142857,0.19444444444444442,0.0,0.14678899082568808,0
0.45833333333333337,0.295774647887324,1.0,0.30508474576271183,0
0.7777777777777779,1.0,1.0,1.0,1
0.9583333333333335,1.0,1.0,1.0,1
0.27586206896551724,0.32558139534883723,0.0,0.35820895522388063,0
0.25,0.34437086092715236,1.0,1.0,0
0.4324324324324324,0.26086956521739135,0.0,0.36923076923076925,0
0.9333333333333332,1.0,1.0,1.0,1
0.8387096774193549,1.0,1.0,1.0,1
0.962962962962963,1.0,1.0,1.0,1
0.2807017543859649,0.375,0.0,0.25,0
0.2857142857142857,0.30400000000000005,0.0,0.25,0
0.35,0.29268292682926833,0.0,0.5154639175257731,0
0.29268292682926833,0.379746835443038,0.0,0.25,0
0.7727272727272727,1.0,1.0,1.0,1
0.8571428571428572,1.0,1.0,1.0,1
0.32258064516129037,0.23076923076923073,0.0,0.5454545454545454,0
0.8974358974358975,1.0,1.0,1.0,1
0.28,0.25742574257425743,0.0,0.4242424242424242,0
0.8620689655172413,1.0,1.0,1.0,1
0.6363636363636364,1.0,1.0,1.0,1
0.2692307692307693,0.33898305084745756,0.0,0.5154639175257731,0
0.84,1.0,1.0,1.0,1
0.25,0.1707317073170732,0.0,0.14678899082568808,0
0.9411764705882352,1.0,1.0,1.0,1
0.7916666666666665,1.0,1.0,1.0,1
0.8571428571428572,1.0,1.0,1.0,1
0.33333333333333337,0.2857142857142857,0.0,0.25,0
0.736842105263158,1.0,1.0,1.0,1
0.826086956521739,1.0,1.0,1.0,1
0.9565217391304348,1.0,1.0,1.0,1
0.75,1.0,1.0,1.0,1
0.7241379310344827,1.0,1.0,1.0,1
0.9655172413793103,1.0,1.0,1.0,1
0.3703703703703704,0.35416666666666663,0.0,1.0,0
0.8181818181818181,1.0,1.0,1.0,1
0.962962962962963,1.0,1.0,1.0,1
0.4516129032258065,0.33599999999999997,0.0,0.14678899082568808,0
0.2962962962962963,0.3589743589743589,0.0,0.35820895522388063,0
0.967741935483871,0.0,1.0,1.0,1
0.4,0.28985507246376807,0.0,0.14678899082568808,0
0.95,1.0,1.0,1.0,1
0.8214285714285714,1.0,1.0,1.0,1
0.3157894736842105,0.275,1.0,1.0,0
0.2857142857142857,0.2894736842105263,0.0,0.25,0
0.5789473684210527,1.0,1.0,1.0,1
0.23076923076923073,0.3076923076923077,0.0,0.4666666666666666,0
0.68,1.0,1.0,1.0,1
0.41025641025641024,0.3025210084033614,1.0,0.2545454545454545,0
0.2941176470588235,0.34426229508196726,0.0,0.31746031746031744,0
0.9565217391304348,1.0,1.0,1.0,1
0.9387755102040817,1.0,1.0,1.0,1
0.19999999999999996,0.3278688524590164,0.0,0.2545454545454545,0
0.8095238095238095,1.0,1.0,1.0,1
0.2702702702702703,0.2816901408450704,1.0,0.48,0
0.3414634146341463,0.3188405797101449,1.0,0.41860465116279066,0
0.2142857142857143,0.3536585365853659,0.0,1.0,0
0.9473684210526316,1.0,1.0,1.0,1
0.875,1.0,1.0,1.0,1
0.25,0.3448275862068966,0.0,0.25,0
0.8571428571428572,1.0,1.0,1.0,1
0.2702702702702703,0.2727272727272727,0.0,1.0,0
0.20512820512820518,0.303448275862069,0.0,0.36363636363636365,0
0.7142857142857143,1.0,1.0,1.0,1
0.2222222222222222,0.2823529411764706,0.0,0.4545454545454546,0
0.2564102564102564,0.46376811594202894,0.0,0.25,0
0.9655172413793103,1.0,1.0,1.0,1
0.9428571428571427,1.0,1.0,1.0,1
0.9583333333333335,1.0,1.0,1.0,1
0.9655172413793103,1.0,1.0,1.0,1
0.34285714285714286,0.27368421052631575,0.0,0.14814814814814814,0
0.32558139534883723,0.0,1.0,1.0,0
0.3728813559322034,0.3076923076923077,0.0,0.36363636363636365,0
0.6,0.3577235772357723,0.0,0.288135593220339,0
0.875,1.0,1.0,1.0,1
0.33333333333333337,0.20588235294117652,0.0,1.0,0
0.972972972972973,1.0,1.0,1.0,1
0.34285714285714286,0.34545454545454546,0.0,0.25,0
0.303030303030303,0.18181818181818177,0.0,0.2545454545454545,0
0.15384615384615385,0.3943661971830986,0.0,0.25,0
0.826086956521739,1.0,1.0,1.0,1
0.3414634146341463,0.32727272727272727,0.0,0.3597122302158273,0
0.75,1.0,1.0,1.0,1
0.967741935483871,1.0,1.0,1.0,1
0.972972972972973,1.0,1.0,1.0,1
0.96,1.0,1.0,1.0,1
0.8648648648648648,1.0,1.0,1.0,1
0.24,0.3689320388349514,0.0,0.31746031746031744,0
0.8840579710144928,1.0,1.0,1.0,1
0.2692307692307693,0.34090909090909094,0.0,0.35820895522388063,0
0.3508771929824561,0.3025210084033614,0.0,0.31746031746031744,0
0.303030303030303,0.4222222222222223,0.0,1.0,0
0.9387755102040817,1.0,1.0,1.0,1
0.3928571428571429,0.41379310344827597,0.0,0.25,0
0.6923076923076923,1.0,1.0,1.0,1
0.9387755102040817,1.0,1.0,1.0,1
0.3076923076923077,0.30000000000000004,0.0,1.0,0
0.31999999999999995,0.3188405797101449,0.0,0.2545454545454545,0
0.8518518518518519,1.0,1.0,1.0,1
0.96,1.0,1.0,1.0,1
0.41860465116279066,0.3114754098360656,1.0,0.36363636363636365,0
0.972972972972973,1.0,1.0,1.0,1
0.17391304347826086,0.24137931034482762,0.0,0.45569620253164556,0
0.41025641025641024,0.33333333333333337,0.0,0.30434782608695654,0
0.6428571428571428,1.0,1.0,1.0,1
0.7241379310344827,1.0,1.0,1.0,1
0.7241379310344827,1.0,1.0,1.0,1
0.9777777777777777,1.0,1.0,1.0,1
0.368421052631579,0.3513513513513513,0.0,0.2545454545454545,0
0.8095238095238095,1.0,1.0,1.0,1
0.6923076923076923,1.0,1.0,1.0,1
0.84375,1.0,1.0,1.0,1
0.8787878787878788,1.0,1.0,1.0,1
0.7619047619047619,1.0,1.0,1.0,1
0.6521739130434783,1.0,1.0,1.0,1
0.6521739130434783,1.0,1.0,1.0,1
0.17647058823529416,0.4397163120567376,0.0,1.0,0
0.9444444444444444,1.0,1.0,1.0,1
0.30508474576271183,0.2857142857142857,0.0,0.2941176470588235,0
0.2666666666666667,0.3132530120481928,0.0,0.3783783783783784,0
0.4,0.3232323232323232,0.0,0.3597122302158273,0
0.2962962962962963,0.38383838383838387,0.0,0.24137931034482762,0
0.7619047619047619,1.0,1.0,1.0,1
0.84,1.0,1.0,1.0,1
0.3846153846153846,0.2823529411764706,0.0,0.36363636363636365,0
0.8571428571428572,1.0,1.0,1.0,1
0.7714285714285716,1.0,1.0,1.0,1
0.972972972972973,1.0,1.0,1.0,1
0.45569620253164556,0.26865671641791045,0.0,0.36363636363636365,0
0.826086956521739,1.0,1.0,1.0,1
0.9315068493150684,1.0,1.0,1.0,1
0.9714285714285714,1.0,1.0,1.0,1
0.7419354838709676,1.0,1.0,1.0,1
0.9767441860465115,1.0,1.0,1.0,1
0.32258064516129037,0.29850746268656714,1.0,0.3597122302158273,0
0.7575757575757575,1.0,1.0,1.0,1
0.25806451612903225,0.2142857142857143,0.0,0.14814814814814814,0
0.3076923076923077,0.368,1.0,0.3214285714285714,0
0.7647058823529411,1.0,1.0,1.0,1
0.30000000000000004,0.2857142857142857,0.0,0.4383561643835616,0
0.9333333333333332,1.0,1.0,1.0,1
0.29166666666666663,0.2828282828282829,0.0,0.25,0
0.6923076923076923,1.0,1.0,1.0,1
0.9538461538461537,1.0,1.0,1.0,1
0.814814814814815,1.0,1.0,1.0,1
0.7619047619047619,1.0,1.0,1.0,1
0.5789473684210527,1.0,1.0,1.0,1
0.15384615384615385,0.27826086956521734,0.0,0.3597122302158273,0
0.826086956521739,1.0,1.0,1.0,1
0.9411764705882352,1.0,1.0,1.0,1
0.8333333333333335,1.0,1.0,1.0,1
0.8461538461538461,1.0,1.0,1.0,1
0.96,1.0,1.0,1.0,1
0.2857142857142857,0.2191780821917808,0.0,0.23333333333333328,0
0.24242424242424243,0.23376623376623373,0.0,0.25,0
0.2941176470588235,0.196078431372549,0.0,0.41333333333333333,0
0.8181818181818181,1.0,1.0,1.0,1
0.8076923076923077,1.0,1.0,1.0,1
0.7777777777777779,1.0,1.0,1.0,1
0.782608695652174,1.0,1.0,1.0,1
0.8518518518518519,1.0,1.0,1.0,1
0.8823529411764706,1.0,1.0,1.0,1
0.8,1.0,1.0,1.0,1
0.7727272727272727,1.0,1.0,1.0,1
0.826086956521739,1.0,1.0,1.0,1
0.9565217391304348,1.0,1.0,1.0,1
0.3214285714285714,0.33587786259541985,0.0,1.0,0
0.34285714285714286,0.24778761061946908,0.0,0.4,0
0.36363636363636365,0.3168316831683168,0.0,0.48,0
0.26086956521739135,0.30434782608695654,0.0,0.25,0
0.3125,0.26086956521739135,0.0,1.0,0
0.2857142857142857,0.2857142857142857,0.0,0.20895522388059706,0
0.32432432432432434,0.25742574257425743,0.0,0.38095238095238093,0
0.8571428571428572,1.0,1.0,1.0,1
0.36,0.2524271844660194,0.0,0.45569620253164556,0
0.32727272727272727,0.2549019607843137,0.0,1.0,0
0.8888888888888888,1.0,1.0,1.0,1
0.8787878787878788,1.0,1.0,1.0,1
0.3157894736842105,0.2947368421052632,0.0,0.35820895522388063,0
0.7916666666666665,1.0,1.0,1.0,1
0.326530612244898,0.367816091954023,0.0,0.4444444444444444,0
0.303030303030303,0.43373493975903604,0.0,0.48,0
0.7619047619047619,1.0,1.0,1.0,1
0.7647058823529411,1.0,1.0,1.0,1
0.23529411764705888,0.46846846846846846,0.0,0.25,0
0.25806451612903225,0.3529411764705882,0.0,0.25,0
0.96,1.0,1.0,1.0,1
0.7777777777777779,1.0,1.0,1.0,1
0.2790697674418605,0.2195121951219512,0.0,0.35820895522388063,0
0.38095238095238093,0.3589743589743589,0.0,1.0,0
0.7419354838709676,1.0,1.0,1.0,1
0.967741935483871,1.0,1.0,1.0,1
0.7894736842105263,1.0,1.0,1.0,1
0.30434782608695654,0.32432432432432434,0.0,0.3783783783783784,0
0.8181818181818181,1.0,1.0,1.0,1
0.9583333333333335,1.0,1.0,1.0,1
0.3529411764705882,0.13043478260869568,0.0,0.25,0
0.7894736842105263,1.0,1.0,1.0,1
0.7894736842105263,1.0,1.0,1.0,1
0.7837837837837838,1.0,1.0,1.0,1
0.7619047619047619,1.0,1.0,1.0,1
0.9508196721311475,1.0,1.0,1.0,1
0.3125,0.28915662650602414,0.0,0.48,0
0.2941176470588235,0.19999999999999996,0.0,0.14678899082568808,0
0.9545454545454546,1.0,1.0,1.0,1
0.303030303030303,0.24,0.0,0.2545454545454545,0
0.8181818181818181,1.0,1.0,1.0,1
0.25,0.3076923076923077,0.0,0.33333333333333337,0
0.8518518518518519,1.0,1.0,1.0,1
0.41379310344827597,0.3142857142857143,0.0,0.14678899082568808,0
0.96,1.0,1.0,1.0,1
0.3870967741935484,0.3571428571428571,0.0,0.5154639175257731,0
0.4324324324324324,0.32520325203252026,0.0,0.3597122302158273,0
0.7894736842105263,1.0,1.0,1.0,1
0.9523809523809522,1.0,1.0,1.0,1
0.9655172413793103,1.0,1.0,1.0,1
0.84,1.0,1.0,1.0,1
0.8387096774193549,1.0,1.0,1.0,1
0.8620689655172413,1.0,1.0,1.0,1
0.96,1.0,1.0,1.0,1
0.2142857142857143,0.3157894736842105,0.0,0.2068965517241379,0
0.2857142857142857,0.30952380952380953,0.0,0.25,0
0.9743589743589743,1.0,1.0,1.0,1
0.3157894736842105,0.3516483516483516,0.0,0.36923076923076925,0
0.25531914893617025,0.2828282828282829,1.0,0.35820895522388063,0
0.38095238095238093,0.28301886792452835,0.0,1.0,0
0.8484848484848484,1.0,1.0,1.0,1
0.9767441860465115,1.0,1.0,1.0,1
0.34042553191489366,0.36764705882352944,0.0,0.5154639175257731,0
0.31746031746031744,0.2564102564102564,0.0,0.25,0
0.6521739130434783,1.0,1.0,1.0,1
0.6875,0.2247191011235955,0.0,1.0,0
0.2666666666666667,0.35051546391752575,0.0,1.0,0
0.303030303030303,0.2549019607843137,0.0,0.34782608695652173,0
0.967741935483871,1.0,1.0,1.0,1
0.33333333333333337,0.2535211267605634,0.0,0.14678899082568808,0
0.3902439024390244,0.4067796610169492,1.0,0.2545454545454545,0
0.84,1.0,1.0,1.0,1
0.48275862068965514,0.38095238095238093,0.0,0.24,0
0.9583333333333335,1.0,1.0,1.0,1
0.84,1.0,1.0,1.0,1
0.7894736842105263,1.0,1.0,1.0,1
0.25,0.4375,1.0,0.31746031746031744,0
0.8571428571428572,1.0,1.0,1.0,1
0.45070422535211263,0.31999999999999995,0.0,0.3793103448275862,0
0.7037037037037037,1.0,1.0,1.0,1
0.6923076923076923,1.0,1.0,1.0,1
0.6521739130434783,1.0,1.0,1.0,1
0.9545454545454546,1.0,1.0,1.0,1
0.3076923076923077,0.27083333333333337,0.0,1.0,0
0.30434782608695654,0.26190476190476186,1.0,1.0,0
0.339622641509434,0.36,0.0,0.3597122302158273,0
0.33333333333333337,0.26190476190476186,0.0,0.25,0
0.2272727272727273,0.2857142857142857,0.0,0.33333333333333337,0
0.3829787234042554,0.2975206611570248,0.0,1.0,0
0.9666666666666667,1.0,1.0,1.0,1
0.17391304347826086,0.272,0.0,1.0,0
0.4736842105263158,0.25806451612903225,0.0,0.4761904761904761,0
0.4242424242424242,0.11940298507462688,0.0,0.19047619047619047,0
0.21052631578947367,0.23529411764705888,0.0,0.42666666666666664,0
0.8461538461538461,1.0,1.0,1.0,1
0.826086956521739,1.0,1.0,1.0,1
0.9523809523809522,1.0,1.0,1.0,1
0.826086956521739,1.0,1.0,1.0,1
0.36363636363636365,0.45833333333333337,0.0,0.14678899082568808,0
0.7619047619047619,1.0,1.0,1.0,1
0.45714285714285713,0.2941176470588235,0.0,0.25,0
0.37735849056603776,0.3584905660377359,1.0,0.35820895522388063,0
0.7777777777777779,1.0,1.0,1.0,1
0.2857142857142857,0.19047619047619047,0.0,0.3597122302158273,0
0.33333333333333337,0.35,0.0,0.35820895522388063,0
0.9777777777777777,1.0,1.0,1.0,1
0.9696969696969697,1.0,1.0,1.0,1
0.4242424242424242,0.48,0.0,0.3597122302158273,0
0.34782608695652173,0.39583333333333337,1.0,0.14814814814814814,0
0.3555555555555555,0.3939393939393939,0.0,0.34782608695652173,0
0.4,0.35398230088495575,0.0,0.25,0
0.14634146341463417,0.28125,0.0,0.3783783783783784,0
0.8,1.0,1.0,1.0,1
0.8518518518518519,1.0,1.0,1.0,1
0.9655172413793103,1.0,1.0,1.0,1
0.29166666666666663,0.3715846994535519,0.0,0.2545454545454545,0
0.2068965517241379,0.3157894736842105,0.0,0.3597122302158273,0
0.9310344827586207,1.0,1.0,1.0,1
0.9285714285714286,1.0,1.0,1.0,1
0.4,0.31746031746031744,0.0,1.0,0
0.3125,0.3826086956521739,0.0,1.0,0
0.875,1.0,1.0,1.0,1
0.30000000000000004,0.4444444444444444,1.0,0.25,0
0.9787234042553191,1.0,1.0,1.0,1
0.3448275862068966,0.2857142857142857,0.0,0.25,0
0.2777777777777778,0.3065693430656934,0.0,1.0,0
0.26086956521739135,0.22580645161290325,0.0,1.0,0
0.7333333333333334,1.0,1.0,1.0,1
0.31034482758620685,0.0,0.0,0.4761904761904761,0
0.9696969696969697,1.0,1.0,1.0,1
0.34782608695652173,0.3076923076923077,0.0,0.48,0
0.84,1.0,1.0,1.0,1
0.2702702702702703,0.3220338983050848,0.0,0.41333333333333333,0
0.2702702702702703,0.3931623931623932,0.0,0.25,0
0.782608695652174,1.0,1.0,1.0,1
0.7619047619047619,1.0,1.0,1.0,1
0.16000000000000003,0.29702970297029707,0.0,0.25,0
0.24561403508771928,0.1333333333333333,0.0,1.0,0
0.33333333333333337,0.3116883116883117,0.0,0.45569620253164556,0
0.75,1.0,1.0,1.0,1
0.19354838709677424,0.26086956521739135,0.0,0.14678899082568808,0
0.31999999999999995,0.23880597014925375,0.0,1.0,0
0.8611111111111112,1.0,1.0,1.0,1
0.8076923076923077,1.0,1.0,1.0,1
0.7894736842105263,1.0,1.0,1.0,1
0.3125,0.38383838383838387,0.0,0.20895522388059706,0
0.9565217391304348,1.0,1.0,1.0,1
0.975609756097561,1.0,1.0,1.0,1
0.84,1.0,1.0,1.0,1
0.9375,1.0,1.0,1.0,1
0.3783783783783784,0.3423423423423423,0.0,0.23333333333333328,0
0.36065573770491793,0.2244897959183674,0.0,1.0,0
0.3125,0.3835616438356164,0.0,0.38095238095238093,0
0.3571428571428571,0.3471074380165289,0.0,0.25,0
0.9444444444444444,1.0,1.0,1.0,1
0.9387755102040817,1.0,1.0,1.0,1
0.9655172413793103,1.0,1.0,1.0,1
0.4516129032258065,0.37209302325581395,0.0,1.0,0
0.20833333333333337,0.29032258064516125,0.0,0.3278688524590164,0
0.8,1.0,1.0,1.0,1
0.7241379310344827,1.0,1.0,1.0,1
0.2962962962962963,0.21276595744680848,0.0,0.48,0
0.375,0.2588235294117647,0.0,0.33333333333333337,0
0.3076923076923077,0.3146067415730337,0.0,0.3783783783783784,0
0.9411764705882352,1.0,1.0,1.0,1
0.2857142857142857,0.33613445378151263,0.0,1.0,0
0.33333333333333337,0.36585365853658536,0.0,0.20895522388059706,0
0.8333333333333335,1.0,1.0,1.0,1
0.3589743589743589,0.24137931034482762,0.0,0.5154639175257731,0
0.2622950819672131,0.2857142857142857,0.0,1.0,0
0.5106382978723405,0.2142857142857143,0.0,1.0,0
0.6923076923076923,1.0,1.0,1.0,1
0.2702702702702703,0.23529411764705888,0.0,0.34285714285714286,0
0.26315789473684215,0.1132075471698113,0.0,1.0,0
0.75,1.0,1.0,1.0,1
0.826086956521739,1.0,1.0,1.0,1
0.7916666666666665,1.0,1.0,1.0,1
0.24,0.2941176470588235,0.0,1.0,0
0.2857142857142857,0.3970588235294118,1.0,0.48,0
0.3870967741935484,0.3597122302158273,1.0,1.0,0
0.9473684210526316,1.0,1.0,1.0,1
0.9538461538461537,1.0,1.0,1.0,1
0.3870967741935484,0.2716049382716049,0.0,0.14678899082568808,0
0.2068965517241379,0.23529411764705888,0.0,0.25,0
0.736842105263158,1.0,1.0,1.0,1
0.24489795918367352,0.28037383177570097,0.0,0.25,0
0.28125,0.3711340206185567,0.0,1.0,0
0.2857142857142857,0.3013698630136986,1.0,0.45569620253164556,0
0.967741935483871,1.0,1.0,1.0,1
0.9473684210526316,1.0,1.0,1.0,1
0.8333333333333335,1.0,1.0,1.0,1
0.2857142857142857,0.3423423423423423,0.0,0.25,0
0.24561403508771928,0.18181818181818177,0.0,1.0,0
0.6521739130434783,1.0,1.0,1.0,1
0.32258064516129037,0.3536585365853659,0.0,1.0,0
0.24242424242424243,0.27083333333333337,0.0,0.3597122302158273,0
0.3902439024390244,0.2702702702702703,0.0,0.2545454545454545,0
0.3793103448275862,0.31858407079646023,0.0,0.14814814814814814,0
0.30434782608695654,0.32727272727272727,0.0,0.14678899082568808,0
0.3111111111111111,0.37362637362637363,0.0,0.41333333333333333,0
0.3125,0.12612612612612617,0.0,0.25,0
0.8076923076923077,1.0,1.0,1.0,1
0.9523809523809522,1.0,1.0,1.0,1
0.9545454545454546,1.0,1.0,1.0,1
0.3076923076923077,0.050000000000000044,0.0,0.2545454545454545,0
0.8181818181818181,1.0,1.0,1.0,1
0.32432432432432434,0.43137254901960786,0.0,0.3597122302158273,0
0.375,0.3448275862068966,0.0,0.48,0
0.9444444444444444,1.0,1.0,1.0,1
0.35,0.28,0.0,0.3448275862068966,0
0.19512195121951215,0.0,0.0,0.2222222222222222,0
0.4,0.23529411764705888,0.0,0.48,0
0.75,1.0,1.0,1.0,1
0.8518518518518519,1.0,1.0,1.0,1
0.7037037037037037,1.0,1.0,1.0,1
0.8620689655172413,1.0,1.0,1.0,1
0.3829787234042554,0.28846153846153844,0.0,0.36923076923076925,0
0.18181818181818177,0.34782608695652173,0.0,0.5714285714285714,0
0.30000000000000004,0.33333333333333337,0.0,0.2222222222222222,0
0.32558139534883723,0.24,0.0,0.2857142857142857,0
0.4375,0.42666666666666664,1.0,1.0,0
0.8518518518518519,1.0,1.0,1.0,1
0.8823529411764706,1.0,1.0,1.0,1
0.7647058823529411,1.0,1.0,1.0,1
0.24242424242424243,0.21333333333333335,1.0,0.25,0
0.4285714285714286,0.19999999999999996,0.0,1.0,0
0.8484848484848484,1.0,1.0,1.0,1
0.8823529411764706,1.0,1.0,1.0,1
0.26315789473684215,0.29333333333333333,0.0,1.0,0
0.8095238095238095,1.0,1.0,1.0,1
0.2962962962962963,0.2773722627737226,0.0,0.3597122302158273,0
0.8461538461538461,1.0,1.0,1.0,1
0.7894736842105263,1.0,1.0,1.0,1
0.6923076923076923,1.0,1.0,1.0,1
0.32558139534883723,0.3733333333333333,0.0,0.20895522388059706,0
0.8076923076923077,1.0,1.0,1.0,1
0.3529411764705882,0.3023255813953488,0.0,0.5154639175257731,0
0.32432432432432434,0.368,0.0,0.3597122302158273,0
0.9491525423728814,1.0,1.0,1.0,1
0.3157894736842105,0.33043478260869563,0.0,0.3597122302158273,0
0.4,0.3008849557522124,0.0,0.24137931034482762,0
0.3214285714285714,0.3508771929824561,0.0,0.25,0
0.8620689655172413,1.0,1.0,1.0,1
0.36363636363636365,0.25,0.0,0.23076923076923073,0
0.8333333333333335,1.0,1.0,1.0,1
0.40625,0.3157894736842105,0.0,0.35820895522388063,0
0.2564102564102564,0.3188405797101449,0.0,0.3597122302158273,0
0.878048780487805,1.0,1.0,1.0,1
0.7894736842105263,1.0,1.0,1.0,1
0.7619047619047619,1.0,1.0,1.0,1
0.7333333333333334,1.0,1.0,1.0,1
0.826086956521739,1.0,1.0,1.0,1
0.8787878787878788,1.0,1.0,1.0,1
0.8709677419354839,1.0,1.0,1.0,1
0.34782608695652173,0.36363636363636365,0.0,0.3783783783783784,0
0.30000000000000004,0.2666666666666667,0.0,0.24137931034482762,0
0.39344262295081966,0.26086956521739135,0.0,0.45569620253164556,0
0.8,1.0,1.0,1.0,1
0.9743589743589743,1.0,1.0,1.0,1
0.875,1.0,1.0,1.0,1
0.782608695652174,1.0,1.0,1.0,1
0.962962962962963,1.0,1.0,1.0,1
0.8076923076923077,1.0,1.0,1.0,1
0.7058823529411764,1.0,1.0,1.0,1
0.36923076923076925,0.3232323232323232,0.0,0.25,0
0.826086956521739,1.0,1.0,1.0,1
0.3555555555555555,0.328125,0.0,0.35820895522388063,0
0.32727272727272727,0.33333333333333337,0.0,0.25,0
0.967741935483871,1.0,1.0,1.0,1
0.4285714285714286,0.33576642335766427,0.0,0.25,0
0.9,1.0,1.0,1.0,1
0.9743589743589743,1.0,1.0,1.0,1
0.9514563106796117,1.0,1.0,1.0,1
0.4117647058823529,0.3058823529411765,0.0,0.2264150943396226,0
0.9714285714285714,1.0,1.0,1.0,1
0.3529411764705882,0.367816091954023,0.0,0.48,0
0.8823529411764706,0.0,1.0,1.0,1
0.46808510638297873,0.326530612244898,0.0,1.0,0
0.2857142857142857,0.3571428571428571,0.0,0.3597122302158273,0
0.27450980392156865,0.3893805309734514,0.0,0.23076923076923073,0
0.9655172413793103,1.0,1.0,1.0,1
0.1777777777777778,0.2028985507246377,0.0,0.25,0
0.9545454545454546,1.0,1.0,1.0,1
0.8461538461538461,1.0,1.0,1.0,1
0.375,0.29850746268656714,0.0,0.24137931034482762,0
0.7916666666666665,1.0,1.0,1.0,1
0.8275862068965517,1.0,1.0,1.0,1
0.9743589743589743,1.0,1.0,1.0,1
0.33333333333333337,0.3492063492063492,1.0,0.43333333333333335,0
0.3414634146341463,0.33333333333333337,0.0,0.25,0
0.45714285714285713,0.29565217391304344,0.0,0.3597122302158273,0
0.7727272727272727,1.0,1.0,1.0,1
0.9767441860465115,1.0,1.0,1.0,1
0.28,0.19999999999999996,0.0,0.2857142857142857,0
0.804878048780488,1.0,1.0,1.0,1
0.9487179487179486,1.0,1.0,1.0,1
0.96,1.0,1.0,1.0,1
0.9696969696969697,1.0,1.0,1.0,1
0.2666666666666667,0.3384615384615385,1.0,0.31746031746031744,0
0.8076923076923077,1.0,1.0,1.0,1
0.92,1.0,1.0,1.0,1
0.2222222222222222,0.0,0.0,0.4761904761904761,0
0.29166666666666663,0.22857142857142854,0.0,0.25,0
0.2807017543859649,0.36923076923076925,0.0,0.14678899082568808,0
0.3157894736842105,0.27184466019417475,0.0,0.48,0
0.326530612244898,0.2666666666666667,0.0,1.0,0
0.7714285714285716,1.0,1.0,1.0,1
0.9285714285714286,1.0,1.0,1.0,1
0.34375,0.33587786259541985,0.0,0.38095238095238093,0
0.4,0.34545454545454546,0.0,0.45569620253164556,0
0.8666666666666667,1.0,1.0,1.0,1
0.3076923076923077,0.303030303030303,0.0,0.14678899082568808,0
0.2666666666666667,0.06451612903225812,0.0,0.34285714285714286,0
0.967741935483871,1.0,1.0,1.0,1
0.8333333333333335,1.0,1.0,1.0,1
0.7142857142857143,1.0,1.0,1.0,1
0.13793103448275867,0.18666666666666665,0.0,0.25,0
0.736842105263158,1.0,1.0,1.0,1
0.36363636363636365,0.4482758620689655,0.0,0.33333333333333337,0
0.6190476190476191,1.0,1.0,1.0,1
0.962962962962963,1.0,1.0,1.0,1
0.9090909090909091,1.0,1.0,1.0,1
0.3783783783783784,0.30534351145038163,0.0,0.3597122302158273,0
0.32432432432432434,0.24137931034482762,0.0,0.2545454545454545,0
0.31034482758620685,0.23728813559322037,0.0,0.3076923076923077,0
0.3125,0.3023255813953488,0.0,0.25,0
0.8,1.0,1.0,1.0,1
0.8787878787878788,0.0,1.0,1.0,1
0.25,0.2597402597402597,0.0,0.31746031746031744,0
0.33333333333333337,0.3384615384615385,0.0,0.25,0
0.3835616438356164,0.3548387096774194,0.0,0.3597122302158273,0
0.6875,1.0,1.0,1.0,1
0.75,1.0,1.0,1.0,1
0.22857142857142854,0.368,1.0,0.30434782608695654,0
0.9166666666666665,1.0,1.0,1.0,1
0.782608695652174,1.0,1.0,1.0,1
0.8947368421052632,1.0,1.0,1.0,1
0.7647058823529411,1.0,1.0,1.0,1
0.48888888888888893,0.28828828828828834,0.0,0.3597122302158273,0
0.1875,0.42105263157894735,1.0,0.14814814814814814,0
0.96,1.0,1.0,1.0,1
0.25531914893617025,0.36363636363636365,1.0,0.25,0
0.34782608695652173,0.402439024390244,0.0,0.25,0
0.736842105263158,1.0,1.0,1.0,1
0.9523809523809522,1.0,1.0,1.0,1
0.33333333333333337,0.3584905660377359,0.0,1.0,0
0.20512820512820518,0.2912621359223301,1.0,1.0,0
0.7241379310344827,1.0,1.0,1.0,1
0.38596491228070173,0.34883720930232553,1.0,0.3597122302158273,0
0.9696969696969697,1.0,1.0,1.0,1
0.6666666666666667,1.0,1.0,1.0,1
0.9259259259259259,1.0,1.0,1.0,1
0.35,0.33587786259541985,0.0,1.0,0
0.3076923076923077,0.36220472440944884,0.0,0.48,0
0.2702702702702703,0.42307692307692313,0.0,0.34285714285714286,0
0.2702702702702703,0.3538461538461538,0.0,0.25,0
0.30000000000000004,0.28800000000000003,0.0,0.25,0
0.31034482758620685,0.42307692307692313,0.0,1.0,0
0.9111111111111111,1.0,1.0,1.0,1
0.8518518518518519,1.0,1.0,1.0,1
0.962962962962963,1.0,1.0,1.0,1
0.3829787234042554,0.31481481481481477,0.0,0.3597122302158273,0
0.814814814814815,1.0,1.0,1.0,1
0.1428571428571429,0.29850746268656714,0.0,1.0,0
0.9714285714285714,1.0,1.0,1.0,1
0.32558139534883723,0.23333333333333328,0.0,0.3783783783783784,0
0.9433962264150944,1.0,1.0,1.0,1
0.9655172413793103,0.0,1.0,1.0,1
0.31034482758620685,0.43333333333333335,0.0,0.2857142857142857,0
0.26315789473684215,0.3423423423423423,0.0,0.3597122302158273,0
0.8461538461538461,0.0,1.0,1.0,1
0.2666666666666667,0.27450980392156865,1.0,0.25,0
0.9565217391304348,1.0,1.0,1.0,1
0.34782608695652173,0.3013698630136986,0.0,0.34285714285714286,0
0.33333333333333337,0.4,0.0,0.23333333333333328,0
0.2857142857142857,0.3232323232323232,0.0,0.14678899082568808,0
0.8333333333333335,1.0,1.0,1.0,1
0.4489795918367348,0.0,0.0,0.42105263157894735,0
0.9655172413793103,1.0,1.0,1.0,1
0.9473684210526316,1.0,1.0,1.0,1
0.7619047619047619,1.0,1.0,1.0,1
0.8974358974358975,1.0,1.0,1.0,1
0.36363636363636365,0.21739130434782605,0.0,0.2545454545454545,0
0.814814814814815,1.0,1.0,1.0,1
0.8611111111111112,1.0,1.0,1.0,1
0.8620689655172413,1.0,1.0,1.0,1
0.4651162790697675,0.2790697674418605,0.0,0.25,0
0.23529411764705888,0.26168224299065423,1.0,0.14814814814814814,0
0.7647058823529411,1.0,1.0,1.0,1
0.8611111111111112,1.0,1.0,1.0,1
0.9655172413793103,1.0,1.0,1.0,1
0.30000000000000004,0.20408163265306123,0.0,0.36363636363636365,0
0.8571428571428572,1.0,1.0,1.0,1
0.3448275862068966,0.32258064516129037,0.0,1.0,0
0.6666666666666667,1.0,1.0,1.0,1
0.20833333333333337,0.22988505747126442,0.0,0.2545454545454545,0
0.8,1.0,1.0,1.0,1
0.32727272727272727,0.2432432432432432,0.0,1.0,0
0.7777777777777779,1.0,1.0,1.0,1
0.8181818181818181,1.0,1.0,1.0,1
0.6521739130434783,1.0,1.0,1.0,1
0.8461538461538461,1.0,1.0,1.0,1
0.40909090909090906,0.4444444444444444,0.0,1.0,0
0.3157894736842105,0.3302752293577982,0.0,0.2264150943396226,0
0.15384615384615385,0.0,0.0,0.4761904761904761,0
0.30434782608695654,0.37168141592920356,0.0,0.3597122302158273,0
0.36363636363636365,0.3090909090909091,0.0,0.5154639175257731,0
0.8181818181818181,1.0,1.0,1.0,1
0.7333333333333334,1.0,1.0,1.0,1
0.37209302325581395,0.339622641509434,0.0,0.35820895522388063,0
0.4516129032258065,0.2857142857142857,0.0,0.3597122302158273,0
0.4242424242424242,0.24242424242424243,0.0,0.14678899082568808,0
0.35,0.3414634146341463,0.0,0.14678899082568808,0
0.303030303030303,0.4,0.0,0.2857142857142857,0
0.2978723404255319,0.30508474576271183,0.0,1.0,0
0.38596491228070173,0.27450980392156865,0.0,0.4545454545454546,0
0.3076923076923077,0.2816901408450704,0.0,0.14814814814814814,0
0.3125,0.3137254901960784,0.0,0.25,0
0.3448275862068966,0.1839080459770115,0.0,0.45569620253164556,0
0.3448275862068966,0.32258064516129037,0.0,1.0,0
0.34615384615384615,0.32520325203252026,1.0,0.4,0
0.44999999999999996,0.41666666666666663,0.0,0.2545454545454545,0
0.5245901639344263,0.3191489361702128,0.0,1.0,0
0.6666666666666667,1.0,1.0,1.0,1
0.2162162162162162,0.27083333333333337,1.0,1.0,0
0.7647058823529411,1.0,1.0,1.0,1
0.2222222222222222,0.3191489361702128,0.0,0.14678899082568808,0
0.25,0.3296703296703297,0.0,0.25,0
0.92,1.0,1.0,1.0,1
0.38095238095238093,0.25,0.0,0.24137931034482762,0
0.2692307692307693,0.4086021505376344,0.0,0.3597122302158273,0
0.3157894736842105,0.33898305084745756,0.0,0.4545454545454546,0
0.16000000000000003,0.31404958677685946,0.0,0.20895522388059706,0
0.23529411764705888,0.2790697674418605,1.0,0.25,0
0.33333333333333337,0.26262626262626265,0.0,0.23333333333333328,0
0.9696969696969697,1.0,1.0,1.0,1
0.5555555555555556,1.0,1.0,1.0,1
0.7916666666666665,1.0,1.0,1.0,1
0.3529411764705882,0.3597122302158273,1.0,1.0,0
0.7894736842105263,1.0,1.0,1.0,1
0.34042553191489366,0.28865979381443296,0.0,0.25,0
0.8076923076923077,1.0,1.0,1.0,1
0.9444444444444444,1.0,1.0,1.0,1
0.22857142857142854,0.35668789808917206,1.0,0.3597122302158273,0
0.8974358974358975,1.0,1.0,1.0,1
0.25396825396825395,0.30188679245283023,0.0,0.25,0
0.3076923076923077,0.23529411764705888,0.0,0.3597122302158273,0
0.9545454545454546,1.0,1.0,1.0,1
0.9714285714285714,1.0,1.0,1.0,1
0.7222222222222221,0.3943661971830986,0.0,0.25,0
0.33333333333333337,0.33333333333333337,0.0,0.30434782608695654,0
0.8095238095238095,1.0,1.0,1.0,1
0.8461538461538461,0.0,1.0,1.0,1
0.8837209302325582,1.0,1.0,1.0,1
0.9714285714285714,1.0,1.0,1.0,1
0.3555555555555555,0.34013605442176875,0.0,1.0,0
0.4864864864864865,0.36363636363636365,0.0,0.5154639175257731,0
0.30434782608695654,0.2588235294117647,0.0,0.2222222222222222,0
0.9655172413793103,1.0,1.0,1.0,1
0.8620689655172413,1.0,1.0,1.0,1
0.25806451612903225,0.276595744680851,0.0,0.14678899082568808,0
0.6923076923076923,1.0,1.0,1.0,1
0.2857142857142857,0.3768115942028986,1.0,0.25,0
0.8181818181818181,1.0,1.0,1.0,1
0.2777777777777778,0.20833333333333337,0.0,0.25,0
0.9361702127659575,1.0,1.0,1.0,1
0.2857142857142857,0.3571428571428571,0.0,0.36923076923076925,0
0.36363636363636365,0.31858407079646023,0.0,0.45569620253164556,0
0.24390243902439024,0.37735849056603776,0.0,0.45569620253164556,0
0.4444444444444444,0.33766233766233766,0.0,0.25,0
0.375,0.33333333333333337,1.0,0.3597122302158273,0
0.31818181818181823,0.28205128205128205,0.0,0.3214285714285714,0
0.972972972972973,1.0,1.0,1.0,1
0.36363636363636365,0.33333333333333337,1.0,0.5154639175257731,0
0.26086956521739135,0.2941176470588235,0.0,1.0,0
0.962962962962963,1.0,1.0,1.0,1
0.814814814814815,1.0,1.0,1.0,1
0.75,1.0,1.0,1.0,1
0.38095238095238093,0.25688073394495414,0.0,0.2545454545454545,0
0.8787878787878788,1.0,1.0,1.0,1
0.7037037037037037,1.0,1.0,1.0,1
0.2666666666666667,0.28888888888888886,0.0,0.31746031746031744,0
0.9615384615384616,1.0,1.0,1.0,1
0.1428571428571429,0.2962962962962963,0.0,0.2545454545454545,0
0.375,0.3414634146341463,0.0,0.48,0
0.27586206896551724,0.31304347826086953,0.0,0.25,0
0.35,0.3125,0.0,0.42666666666666664,0
0.34042553191489366,0.21276595744680848,0.0,1.0,0
0.84,1.0,1.0,1.0,1
0.7727272727272727,1.0,1.0,1.0,1
0.32432432432432434,0.48837209302325574,0.0,1.0,0
0.30508474576271183,0.1415929203539823,0.0,0.24137931034482762,0
0.3555555555555555,0.2931034482758621,0.0,0.25,0
0.826086956521739,1.0,1.0,1.0,1
0.68,1.0,1.0,1.0,1
0.33333333333333337,0.3666666666666667,0.0,0.24242424242424243,0
0.7647058823529411,1.0,1.0,1.0,1
0.8333333333333335,1.0,1.0,1.0,1
0.3939393939393939,0.34343434343434337,0.0,0.3597122302158273,0
0.5555555555555556,1.0,1.0,1.0,1
0.22857142857142854,0.3125,0.0,0.25,0
0.8461538461538461,1.0,1.0,1.0,1
0.2962962962962963,0.3548387096774194,1.0,0.20895522388059706,0
0.6923076923076923,1.0,1.0,1.0,1
0.8095238095238095,1.0,1.0,1.0,1
0.2978723404255319,0.31666666666666665,0.0,0.23333333333333328,0
0.27586206896551724,0.234375,0.0,0.4,0
0.2727272727272727,1.0,1.0,1.0,1
0.33333333333333337,0.3529411764705882,0.0,0.5154639175257731,0
0.23809523809523814,0.3076923076923077,0.0,0.2545454545454545,0
0.4285714285714286,0.25316455696202533,0.0,0.34285714285714286,0
0.826086956521739,1.0,1.0,1.0,1
0.9714285714285714,1.0,1.0,1.0,1
0.3555555555555555,0.34210526315789463,0.0,0.2857142857142857,0
0.2941176470588235,0.33898305084745756,0.0,1.0,0
0.3571428571428571,0.28985507246376807,0.0,1.0,0
0.7916666666666665,1.0,1.0,1.0,1
0.4545454545454546,0.36363636363636365,0.0,1.0,0
0.9743589743589743,1.0,1.0,1.0,1
0.9696969696969697,1.0,1.0,1.0,1
0.32558139534883723,0.3291139240506329,0.0,0.35820895522388063,0
0.2857142857142857,0.3846153846153846,0.0,0.2545454545454545,0
0.4,0.27184466019417475,0.0,0.14814814814814814,0
0.33333333333333337,0.2592592592592593,0.0,1.0,0
0.6923076923076923,1.0,1.0,1.0,1
0.2222222222222222,0.32258064516129037,0.0,0.2545454545454545,0
0.36363636363636365,0.26086956521739135,0.0,0.2857142857142857,0
0.3414634146341463,0.24,0.0,0.3597122302158273,0
0.8947368421052632,1.0,1.0,1.0,1
0.2857142857142857,0.3111111111111111,0.0,0.34782608695652173,0
0.8,1.0,1.0,1.0,1
0.2909090909090909,0.3733333333333333,0.0,0.25,0
0.9047619047619048,1.0,1.0,1.0,1
0.375,0.34090909090909094,0.0,0.3783783783783784,0
0.7894736842105263,1.0,1.0,1.0,1
0.7222222222222221,1.0,1.0,1.0,1
0.7619047619047619,1.0,1.0,1.0,1
0.3529411764705882,0.26415094339622647,0.0,0.3278688524590164,0
0.9361702127659575,1.0,1.0,1.0,1
0.4324324324324324,0.32835820895522383,0.0,1.0,0
0.7948717948717949,1.0,1.0,1.0,1
0.32432432432432434,0.30434782608695654,0.0,0.36363636363636365,0
0.3571428571428571,0.3561643835616438,0.0,0.4666666666666666,0
0.3157894736842105,0.3287671232876712,0.0,1.0,0
0.3571428571428571,0.3448275862068966,0.0,0.20895522388059706,0
0.2702702702702703,0.3921568627450981,0.0,0.3597122302158273,0
0.8,1.0,1.0,1.0,1
0.8961038961038961,1.0,1.0,1.0,1
0.967741935483871,1.0,1.0,1.0,1
0.7619047619047619,1.0,1.0,1.0,1
0.375,0.3137254901960784,0.0,1.0,0
0.25,0.34375,0.0,0.31746031746031744,0
0.4285714285714286,0.24561403508771928,0.0,0.14814814814814814,0
0.32432432432432434,0.3666666666666667,0.0,0.2222222222222222,0
0.8275862068965517,1.0,1.0,1.0,1
0.2857142857142857,0.4098360655737705,0.0,0.25,0
0.3448275862068966,0.3529411764705882,0.0,0.40909090909090906,0
0.4761904761904761,0.2272727272727273,0.0,1.0,0
0.7647058823529411,1.0,1.0,1.0,1
0.3548387096774194,0.33684210526315794,0.0,0.25,0
0.9411764705882352,1.0,1.0,1.0,1
0.29268292682926833,0.28865979381443296,0.0,0.41666666666666663,0
0.3076923076923077,0.2784810126582279,0.0,1.0,0
0.3448275862068966,0.3571428571428571,0.0,0.14678899082568808,0
0.23076923076923073,0.3106796116504854,0.0,0.25,0
0.7241379310344827,1.0,1.0,1.0,1
0.9523809523809522,1.0,1.0,1.0,1
0.962962962962963,1.0,1.0,1.0,1
0.303030303030303,0.35185185185185186,0.0,0.31746031746031744,0
0.7333333333333334,1.0,1.0,1.0,1
0.8571428571428572,1.0,1.0,1.0,1
0.8333333333333335,1.0,1.0,1.0,1
0.9444444444444444,1.0,1.0,1.0,1
0.29508196721311475,0.328125,0.0,0.2545454545454545,0
0.2666666666666667,0.3013698630136986,0.0,1.0,0
0.9743589743589743,1.0,1.0,1.0,1
0.9714285714285714,1.0,1.0,1.0,1
0.9523809523809522,1.0,1.0,1.0,1
0.9655172413793103,1.0,1.0,1.0,1
0.3783783783783784,0.3220338983050848,0.0,0.25,0
0.38095238095238093,0.29268292682926833,0.0,0.34782608695652173,0
0.3921568627450981,0.29508196721311475,0.0,1.0,0
0.3076923076923077,0.24096385542168675,0.0,0.25,0
0.3111111111111111,0.3287671232876712,0.0,1.0,0
0.22857142857142854,0.3703703703703704,0.0,0.5454545454545454,0
0.7619047619047619,1.0,1.0,1.0,1
0.23529411764705888,0.19753086419753085,0.0,0.33333333333333337,0
0.9473684210526316,1.0,1.0,1.0,1
0.33333333333333337,0.25,0.0,0.3597122302158273,0
0.8461538461538461,1.0,1.0,1.0,1
0.2962962962962963,0.36363636363636365,0.0,0.2222222222222222,0
0.8333333333333335,1.0,1.0,1.0,1
0.75,1.0,1.0,1.0,1
0.33333333333333337,0.3125,0.0,0.14678899082568808,0
0.3529411764705882,0.410958904109589,0.0,0.23076923076923073,0
0.96,1.0,1.0,1.0,1
0.972972972972973,1.0,1.0,1.0,1
0.8275862068965517,1.0,1.0,1.0,1
0.9714285714285714,0.0,1.0,1.0,1
0.8181818181818181,1.0,1.0,1.0,1
0.42553191489361697,0.3220338983050848,0.0,0.25,0
0.8,1.0,1.0,1.0,1
0.9069767441860467,1.0,1.0,1.0,1
0.84,1.0,1.0,1.0,1
0.1875,0.2807017543859649,0.0,0.33333333333333337,0
0.31818181818181823,0.2692307692307693,0.0,0.25,0
0.8333333333333335,1.0,1.0,1.0,1
0.8,0.0,1.0,1.0,1
0.2857142857142857,0.3529411764705882,1.0,0.288135593220339,0
0.7058823529411764,1.0,1.0,1.0,1
0.6875,1.0,1.0,1.0,1
0.2941176470588235,0.2702702702702703,0.0,0.4,0
0.32727272727272727,0.19999999999999996,0.0,0.3597122302158273,0
0.6666666666666667,1.0,1.0,1.0,1
0.9444444444444444,1.0,1.0,1.0,1
0.31034482758620685,0.2857142857142857,0.0,0.25,0
0.8888888888888888,1.0,1.0,1.0,1
0.2666666666666667,0.2647058823529411,0.0,0.25,0
0.967741935483871,1.0,1.0,1.0,1
0.8095238095238095,1.0,1.0,1.0,1
0.7222222222222221,1.0,1.0,1.0,1
0.29850746268656714,0.3063063063063063,0.0,0.3783783783783784,0
0.923076923076923,1.0,1.0,1.0,1
0.9615384615384616,1.0,1.0,1.0,1
0.7333333333333334,1.0,1.0,1.0,1
0.9148936170212765,1.0,1.0,1.0,1
0.3529411764705882,0.3076923076923077,0.0,0.14678899082568808,0
0.4444444444444444,0.25,0.0,0.2264150943396226,0
0.4,0.2695035460992907,0.0,0.25,0
0.9565217391304348,1.0,1.0,1.0,1
0.7727272727272727,1.0,1.0,1.0,1
0.7727272727272727,1.0,1.0,1.0,1
0.3548387096774194,0.3418803418803419,0.0,0.25,0
0.2222222222222222,0.30434782608695654,0.0,0.24137931034482762,0
0.8095238095238095,1.0,1.0,1.0,1
0.7894736842105263,1.0,1.0,1.0,1
0.8181818181818181,1.0,1.0,1.0,1
0.875,1.0,1.0,1.0,1
0.8666666666666667,1.0,1.0,1.0,1
0.8275862068965517,1.0,1.0,1.0,1
0.8823529411764706,1.0,1.0,1.0,1
0.9655172413793103,1.0,1.0,1.0,1
0.8666666666666667,1.0,1.0,1.0,1
0.875,1.0,1.0,1.0,1
0.25,0.31818181818181823,0.0,0.23076923076923073,0
0.9615384615384616,1.0,1.0,1.0,1
0.9714285714285714,1.0,1.0,1.0,1
0.7916666666666665,1.0,1.0,1.0,1
0.6666666666666667,1.0,1.0,1.0,1
0.2692307692307693,0.39252336448598135,0.0,0.288135593220339,0
0.2564102564102564,0.375,0.0,0.3597122302158273,0
0.826086956521739,1.0,1.0,1.0,1
0.417910447761194,0.3292682926829268,0.0,1.0,0
0.68,1.0,1.0,1.0,1
0.9565217391304348,1.0,1.0,1.0,1
0.9777777777777777,1.0,1.0,1.0,1
0.38095238095238093,0.303030303030303,0.0,0.24137931034482762,0
0.24242424242424243,0.0,0.0,0.24,0
0.967741935483871,1.0,1.0,1.0,1
0.2962962962962963,0.3119266055045872,0.0,0.25,0
0.967741935483871,1.0,1.0,1.0,1
0.9696969696969697,1.0,1.0,1.0,1
0.782608695652174,1.0,1.0,1.0,1
0.4489795918367348,0.3370786516853933,0.0,0.2068965517241379,0
0.6363636363636364,1.0,1.0,1.0,1
0.40909090909090906,0.28,0.0,0.35820895522388063,0
0.29268292682926833,0.35398230088495575,0.0,1.0,0
0.92,1.0,1.0,1.0,1
0.30000000000000004,0.34343434343434337,0.0,0.30508474576271183,0
0.3555555555555555,0.35789473684210527,0.0,0.3597122302158273,0
0.36363636363636365,0.33333333333333337,0.0,0.14678899082568808,0
0.4,0.2650602409638554,0.0,0.48,0
0.36363636363636365,0.21212121212121215,0.0,0.33333333333333337,0
0.26086956521739135,0.24615384615384617,0.0,1.0,0
0.972972972972973,1.0,1.0,1.0,1
0.36363636363636365,0.3296703296703297,0.0,0.3597122302158273,0
0.6,1.0,1.0,1.0,1
0.9523809523809522,1.0,1.0,1.0,1
0.3571428571428571,0.28037383177570097,0.0,0.35820895522388063,0
0.41379310344827597,0.2682926829268293,0.0,0.14814814814814814,0
0.9552238805970148,1.0,1.0,1.0,1
0.9433962264150944,1.0,1.0,1.0,1
0.368421052631579,0.25,0.0,0.3597122302158273,0
0.19999999999999996,0.39344262295081966,0.0,0.4444444444444444,0
0.7777777777777779,1.0,1.0,1.0,1
0.2857142857142857,0.3142857142857143,0.0,0.2857142857142857,0
0.6923076923076923,1.0,1.0,1.0,1
0.8571428571428572,1.0,1.0,1.0,1
0.4324324324324324,0.3076923076923077,0.0,0.2068965517241379,0
0.7777777777777779,1.0,1.0,1.0,1
0.4324324324324324,0.21818181818181814,0.0,0.2545454545454545,0
0.7647058823529411,1.0,1.0,1.0,1
0.7714285714285716,1.0,1.0,1.0,1
0.9620253164556962,1.0,1.0,1.0,1
0.7647058823529411,1.0,1.0,1.0,1
0.303030303030303,0.28301886792452835,1.0,0.303030303030303,0
0.32432432432432434,0.24761904761904763,0.0,0.36923076923076925,0
0.2857142857142857,0.3783783783783784,0.0,0.3214285714285714,0
0.9565217391304348,1.0,1.0,1.0,1
0.7419354838709676,1.0,1.0,1.0,1
0.972972972972973,1.0,1.0,1.0,1
0.368421052631579,0.2692307692307693,0.0,1.0,0
0.975609756097561,1.0,1.0,1.0,1
0.3529411764705882,0.24242424242424243,1.0,0.14678899082568808,0
0.32432432432432434,0.35955056179775285,0.0,0.48,0
0.5161290322580645,0.3423423423423423,0.0,0.25,0
0.30508474576271183,0.3802816901408451,0.0,1.0,0
0.5,1.0,1.0,1.0,1
0.17142857142857137,0.3294117647058824,0.0,0.3278688524590164,0
0.84,1.0,1.0,1.0,1
0.7333333333333334,1.0,1.0,1.0,1
0.6521739130434783,1.0,1.0,1.0,1
0.7142857142857143,1.0,1.0,1.0,1
0.32558139534883723,0.33333333333333337,1.0,0.14814814814814814,0
0.972972972972973,1.0,1.0,1.0,1
0.9411764705882352,1.0,1.0,1.0,1
0.7333333333333334,1.0,1.0,1.0,1
0.3555555555555555,0.303030303030303,0.0,0.25,0
0.33333333333333337,0.3142857142857143,0.0,1.0,0
0.7894736842105263,1.0,1.0,1.0,1
0.3529411764705882,0.23529411764705888,0.0,1.0,0
0.7647058823529411,1.0,1.0,1.0,1
0.826086956521739,1.0,1.0,1.0,1
0.7241379310344827,1.0,1.0,1.0,1
0.3414634146341463,0.3063063063063063,0.0,0.3597122302158273,0
0.42105263157894735,0.17391304347826086,0.0,0.2857142857142857,0
0.25,0.23809523809523814,0.0,0.14678899082568808,0
0.29850746268656714,0.2545454545454545,0.0,0.31746031746031744,0
0.36363636363636365,0.14117647058823535,0.0,0.3597122302158273,0
0.6190476190476191,1.0,1.0,1.0,1
0.96,1.0,1.0,1.0,1
0.3448275862068966,0.25806451612903225,0.0,0.2222222222222222,0
0.2666666666666667,0.34951456310679613,0.0,0.4,0
0.9444444444444444,1.0,1.0,1.0,1
0.2857142857142857,0.3655913978494624,0.0,0.25,0
0.2222222222222222,0.2727272727272727,0.0,0.38095238095238093,0
0.2857142857142857,0.3232323232323232,0.0,0.31746031746031744,0
0.28125,0.34,0.0,0.31746031746031744,0
0.4705882352941176,0.3783783783783784,0.0,1.0,0
0.84,1.0,1.0,1.0,1
0.7916666666666665,1.0,1.0,1.0,1
0.7777777777777779,1.0,1.0,1.0,1
0.826086956521739,1.0,1.0,1.0,1
0.9473684210526316,1.0,1.0,1.0,1
0.368421052631579,0.36923076923076925,0.0,0.2545454545454545,0
0.3529411764705882,0.30000000000000004,0.0,1.0,0
0.7777777777777779,1.0,1.0,1.0,1
0.17142857142857137,0.34090909090909094,0.0,0.4,0
0.25,0.31999999999999995,0.0,0.3597122302158273,0
0.9433962264150944,1.0,1.0,1.0,1
0.22857142857142854,0.27586206896551724,0.0,0.45569620253164556,0
0.36363636363636365,0.3098591549295775,0.0,0.25,0
0.26415094339622647,0.2637362637362637,0.0,0.35820895522388063,0
0.2222222222222222,0.4,0.0,0.25,0
0.8888888888888888,1.0,1.0,1.0,1
0.16000000000000003,0.30434782608695654,0.0,1.0,0
0.32432432432432434,0.0,0.0,1.0,0
0.40909090909090906,0.2909090909090909,0.0,0.25,0
0.326530612244898,0.30107526881720426,0.0,0.34285714285714286,0
0.3529411764705882,0.3298969072164949,0.0,1.0,0
0.7037037037037037,1.0,1.0,1.0,1
0.339622641509434,0.33333333333333337,0.0,0.25,0
0.7333333333333334,1.0,1.0,1.0,1
0.3902439024390244,0.33333333333333337,0.0,0.2545454545454545,0
0.25,0.3589743589743589,0.0,1.0,0
0.42105263157894735,0.32499999999999996,0.0,0.31746031746031744,0
0.32558139534883723,0.4042553191489362,0.0,1.0,0
0.8571428571428572,1.0,1.0,1.0,1
0.8918918918918919,1.0,1.0,1.0,1
0.8333333333333335,1.0,1.0,1.0,1
0.2068965517241379,0.32520325203252026,1.0,0.48,0
0.23529411764705888,0.38095238095238093,0.0,0.45569620253164556,0
0.32258064516129037,0.26086956521739135,0.0,0.2545454545454545,0
0.33333333333333337,0.27586206896551724,0.0,1.0,0
0.6363636363636364,1.0,1.0,1.0,1
0.9696969696969697,1.0,1.0,1.0,1
0.7058823529411764,1.0,1.0,1.0,1
0.3571428571428571,0.375,0.0,0.5154639175257731,0
0.4489795918367348,0.28205128205128205,0.0,0.42105263157894735,0
0.2592592592592593,0.33333333333333337,1.0,0.36923076923076925,0
0.975609756097561,1.0,1.0,1.0,1
0.4,0.26865671641791045,0.0,0.2545454545454545,0
0.4,0.3291139240506329,0.0,0.25,0
0.8529411764705883,1.0,1.0,1.0,1
0.41025641025641024,0.3423423423423423,0.0,0.45569620253164556,0
0.2222222222222222,0.0,0.0,0.33333333333333337,0
0.814814814814815,1.0,1.0,1.0,1
0.3076923076923077,0.3013698630136986,0.0,0.25,0
0.9777777777777777,1.0,1.0,1.0,1
0.32258064516129037,0.3779527559055118,0.0,1.0,0
0.3013698630136986,0.39344262295081966,1.0,0.23076923076923073,0
0.9696969696969697,1.0,1.0,1.0,1
0.875,1.0,1.0,1.0,1
0.9152542372881356,1.0,1.0,1.0,1
0.5,1.0,1.0,1.0,1
0.8888888888888888,1.0,1.0,1.0,1
0.7777777777777779,1.0,1.0,1.0,1
0.6,1.0,1.0,1.0,1
0.7241379310344827,1.0,1.0,1.0,1
0.3157894736842105,0.2947368421052632,0.0,0.5,0
0.3529411764705882,0.2592592592592593,0.0,0.3941605839416058,0
0.3829787234042554,0.24390243902439024,0.0,0.20895522388059706,0
0.7647058823529411,1.0,1.0,1.0,1
0.2222222222222222,0.30487804878048785,0.0,0.25,0
0.2272727272727273,0.273972602739726,0.0,0.35820895522388063,0
0.4324324324324324,0.30000000000000004,0.0,0.2545454545454545,0
0.9642857142857143,1.0,1.0,1.0,1
0.9411764705882352,1.0,1.0,1.0,1
0.7333333333333334,1.0,1.0,1.0,1
0.4761904761904761,0.275,0.0,0.23076923076923073,0
0.34375,0.326530612244898,0.0,0.35820895522388063,0
0.2857142857142857,0.29885057471264365,0.0,1.0,0
0.41379310344827597,0.339622641509434,0.0,0.14678899082568808,0
0.36363636363636365,0.2637362637362637,0.0,0.3597122302158273,0
0.3076923076923077,0.4200000000000001,0.0,1.0,0
0.3076923076923077,0.19047619047619047,0.0,0.42666666666666664,0
0.4,0.2535211267605634,0.0,0.2545454545454545,0
0.33333333333333337,0.36144578313253023,0.0,0.30508474576271183,0
0.8974358974358975,1.0,1.0,1.0,1
0.32558139534883723,0.3448275862068966,0.0,0.2545454545454545,0
0.6190476190476191,1.0,1.0,1.0,1
0.96,1.0,1.0,1.0,1
0.3529411764705882,0.4782608695652174,0.0,0.2545454545454545,0
0.9411764705882352,1.0,1.0,1.0,1
0.30188679245283023,0.31746031746031744,0.0,1.0,0
0.8,1.0,1.0,1.0,1
0.22857142857142854,0.3653846153846154,0.0,0.36363636363636365,0
0.9714285714285714,1.0,1.0,1.0,1
0.6666666666666667,1.0,1.0,1.0,1
0.6521739130434783,1.0,1.0,1.0,1
0.3157894736842105,0.339622641509434,0.0,1.0,0
0.9454545454545454,1.0,1.0,1.0,1
0.31034482758620685,0.27586206896551724,0.0,0.2545454545454545,0
0.2666666666666667,0.27956989247311825,0.0,0.24242424242424243,0
0.8666666666666667,1.0,1.0,1.0,1
0.2068965517241379,0.2990654205607477,0.0,0.25,0
0.8947368421052632,1.0,1.0,1.0,1
0.19047619047619047,0.3298969072164949,0.0,0.4761904761904761,0
0.55,0.5714285714285714,0.0,0.20895522388059706,0
0.972972972972973,1.0,1.0,1.0,1
0.7333333333333334,1.0,1.0,1.0,1
0.7419354838709676,1.0,1.0,1.0,1
0.2941176470588235,0.339622641509434,0.0,0.3597122302158273,0
0.41379310344827597,0.3414634146341463,0.0,1.0,0
0.26415094339622647,0.375,0.0,1.0,0
0.37735849056603776,0.4,0.0,1.0,0
0.96,1.0,1.0,1.0,1
0.2857142857142857,0.3132530120481928,0.0,1.0,0
0.967741935483871,1.0,1.0,1.0,1
0.8709677419354839,1.0,1.0,1.0,1
0.9642857142857143,1.0,1.0,1.0,1
0.3902439024390244,0.29824561403508776,0.0,0.31746031746031744,0
0.9523809523809522,1.0,1.0,1.0,1
0.8214285714285714,1.0,1.0,1.0,1
0.2727272727272727,0.27722772277227725,0.0,1.0,0
0.8888888888888888,1.0,1.0,1.0,1
0.3055555555555556,0.3492063492063492,0.0,0.25,0
0.9545454545454546,1.0,1.0,1.0,1
0.4375,0.14432989690721654,0.0,0.14678899082568808,0
0.8666666666666667,1.0,1.0,1.0,1
0.6666666666666667,1.0,1.0,1.0,1
0.326530612244898,0.27586206896551724,0.0,0.14678899082568808,0
0.2564102564102564,0.29032258064516125,0.0,0.3597122302158273,0
0.34285714285714286,0.3307086614173228,0.0,0.288135593220339,0
0.9545454545454546,1.0,1.0,1.0,1
0.8620689655172413,1.0,1.0,1.0,1
0.3921568627450981,0.27692307692307694,0.0,0.42666666666666664,0
0.8181818181818181,1.0,1.0,1.0,1
0.32432432432432434,0.35185185185185186,0.0,0.25,0
0.29268292682926833,0.26865671641791045,0.0,0.3783783783783784,0
0.2978723404255319,0.3055555555555556,0.0,0.2545454545454545,0
0.34042553191489366,0.21568627450980393,0.0,0.25,0
0.8333333333333335,1.0,1.0,1.0,1
0.7727272727272727,1.0,1.0,1.0,1
0.9565217391304348,1.0,1.0,1.0,1
0.34285714285714286,0.2222222222222222,0.0,0.25,0
0.29032258064516125,0.31304347826086953,0.0,0.43333333333333335,0
0.3448275862068966,0.32608695652173914,0.0,1.0,0
0.3076923076923077,0.3191489361702128,0.0,0.2545454545454545,0
0.9545454545454546,1.0,1.0,1.0,1
0.7142857142857143,1.0,1.0,1.0,1
0.31999999999999995,0.27826086956521734,0.0,0.3783783783783784,0
0.9583333333333335,1.0,1.0,1.0,1
0.4,0.32258064516129037,0.0,0.3597122302158273,0
0.7142857142857143,1.0,1.0,1.0,1
0.7619047619047619,1.0,1.0,1.0,1
0.7777777777777779,1.0,1.0,1.0,1
0.9411764705882352,1.0,1.0,1.0,1
0.9491525423728814,1.0,1.0,1.0,1
0.95,1.0,1.0,1.0,1
0.7619047619047619,1.0,1.0,1.0,1
0.9333333333333332,1.0,1.0,1.0,1
0.736842105263158,1.0,1.0,1.0,1
0.9523809523809522,1.0,1.0,1.0,1
0.34782608695652173,0.3366336633663366,0.0,0.45569620253164556,0
0.3448275862068966,0.21818181818181814,0.0,0.2545454545454545,0
0.8461538461538461,1.0,1.0,1.0,1
0.28915662650602414,0.0,0.0,0.24,0
0.9583333333333335,1.0,1.0,1.0,1
0.41025641025641024,0.3928571428571429,0.0,0.36923076923076925,0
0.33333333333333337,0.27586206896551724,1.0,0.25,0
0.962962962962963,1.0,1.0,1.0,1
0.2962962962962963,0.3047619047619048,1.0,0.2545454545454545,0
0.34042553191489366,0.23529411764705888,0.0,0.4761904761904761,0
0.4444444444444444,0.2727272727272727,0.0,1.0,0
0.8571428571428572,1.0,1.0,1.0,1
0.967741935483871,1.0,1.0,1.0,1
0.8275862068965517,1.0,1.0,1.0,1
0.6666666666666667,1.0,1.0,1.0,1
0.975609756097561,1.0,1.0,1.0,1
0.30434782608695654,0.33333333333333337,0.0,0.25,0
0.303030303030303,0.34782608695652173,0.0,1.0,0
0.4,0.33043478260869563,0.0,0.31746031746031744,0
0.75,1.0,1.0,1.0,1
0.8076923076923077,1.0,1.0,1.0,1
0.4,0.2637362637362637,0.0,0.3597122302158273,0
0.9655172413793103,1.0,1.0,1.0,1
0.7241379310344827,1.0,1.0,1.0,1
0.8181818181818181,1.0,1.0,1.0,1
0.9655172413793103,1.0,1.0,1.0,1
0.3157894736842105,0.33333333333333337,0.0,1.0,0
0.7727272727272727,0.0,1.0,1.0,1
0.7142857142857143,1.0,1.0,1.0,1
0.33333333333333337,0.3703703703703704,1.0,0.42666666666666664,0
0.7727272727272727,1.0,1.0,1.0,1
0.2857142857142857,0.43137254901960786,0.0,0.25,0
0.25,0.2831858407079646,0.0,0.42666666666666664,0
0.42105263157894735,0.37777777777777777,1.0,0.36923076923076925,0
0.30000000000000004,0.37398373983739847,0.0,0.3597122302158273,0
0.8181818181818181,1.0,1.0,1.0,1
0.20512820512820518,0.3555555555555555,0.0,0.3597122302158273,0
0.2666666666666667,0.28888888888888886,0.0,0.31746031746031744,0
0.8387096774193549,1.0,1.0,1.0,1
0.7142857142857143,1.0,1.0,1.0,1
0.8333333333333335,1.0,1.0,1.0,1
0.6666666666666667,1.0,1.0,1.0,1
0.967741935483871,1.0,1.0,1.0,1
0.27586206896551724,0.2564102564102564,0.0,0.36363636363636365,0
0.4,0.3188405797101449,0.0,0.20895522388059706,0
0.972972972972973,1.0,1.0,1.0,1
0.26315789473684215,0.4225352112676056,0.0,0.25,0
0.7333333333333334,1.0,1.0,1.0,1
0.368421052631579,0.3076923076923077,0.0,0.3783783783783784,0
0.7777777777777779,1.0,1.0,1.0,1
0.6666666666666667,1.0,1.0,1.0,1
0.30434782608695654,0.24096385542168675,0.0,0.4675324675324676,0
0.6666666666666667,1.0,1.0,1.0,1
0.75,1.0,1.0,1.0,1
0.3870967741935484,0.3218390804597702,1.0,1.0,0
0.9743589743589743,1.0,1.0,1.0,1
0.31818181818181823,0.3846153846153846,0.0,0.2545454545454545,0
0.9411764705882352,1.0,1.0,1.0,1
0.4,0.3232323232323232,0.0,1.0,0
0.2702702702702703,0.3496503496503497,1.0,0.4444444444444444,0
0.7241379310344827,1.0,1.0,1.0,1
0.19512195121951215,0.27083333333333337,0.0,0.3597122302158273,0
0.3157894736842105,0.43609022556390975,0.0,1.0,0
0.8181818181818181,1.0,1.0,1.0,1
0.6190476190476191,1.0,1.0,1.0,1
0.33333333333333337,0.43478260869565216,0.0,1.0,0
0.7619047619047619,1.0,1.0,1.0,1
0.2702702702702703,0.43956043956043955,0.0,0.25,0
0.8333333333333335,1.0,1.0,1.0,1
0.804878048780488,1.0,1.0,1.0,1
0.33333333333333337,0.31746031746031744,0.0,0.25,0
0.8,1.0,1.0,1.0,1
0.3076923076923077,0.24615384615384617,0.0,0.23333333333333328,0
0.18181818181818177,0.26315789473684215,0.0,0.31746031746031744,0
0.84375,1.0,1.0,1.0,1
0.7777777777777779,1.0,1.0,1.0,1
0.875,1.0,1.0,1.0,1
0.804878048780488,1.0,1.0,1.0,1
0.7894736842105263,1.0,1.0,1.0,1
0.5454545454545454,0.3544303797468354,0.0,0.48,0
0.7777777777777779,1.0,1.0,1.0,1
0.96,1.0,1.0,1.0,1
0.34782608695652173,0.32835820895522383,1.0,1.0,0
0.21052631578947367,0.36363636363636365,0.0,0.2068965517241379,0
0.29166666666666663,0.0,0.0,0.36923076923076925,0
0.4,0.3146067415730337,0.0,0.48,0
0.8095238095238095,1.0,1.0,1.0,1
0.33333333333333337,0.32499999999999996,0.0,0.14678899082568808,0
0.3111111111111111,0.31746031746031744,0.0,0.48,0
0.34782608695652173,0.33333333333333337,0.0,1.0,0
0.41509433962264153,0.38888888888888884,0.0,0.35820895522388063,0
0.7916666666666665,1.0,1.0,1.0,1
0.2666666666666667,0.27118644067796616,0.0,1.0,0
0.8333333333333335,1.0,1.0,1.0,1
0.29268292682926833,0.2816901408450704,0.0,0.43333333333333335,0
0.75,1.0,1.0,1.0,1
0.8333333333333335,1.0,1.0,1.0,1
0.4705882352941176,0.26415094339622647,1.0,0.19047619047619047,0
0.84,1.0,1.0,1.0,1
0.9411764705882352,1.0,1.0,1.0,1
0.27586206896551724,0.24615384615384617,0.0,0.25,0
0.8076923076923077,1.0,1.0,1.0,1
0.33333333333333337,0.26315789473684215,0.0,0.25,0
0.2727272727272727,0.3076923076923077,0.0,0.19047619047619047,0
0.962962962962963,1.0,1.0,1.0,1
0.7727272727272727,1.0,1.0,1.0,1
0.9361702127659575,1.0,1.0,1.0,1
0.37735849056603776,0.26168224299065423,0.0,0.2545454545454545,0
0.3703703703703704,0.22857142857142854,0.0,1.0,0
0.3902439024390244,0.2321428571428571,0.0,0.3783783783783784,0
0.27450980392156865,0.3728813559322034,0.0,0.25,0
0.2272727272727273,0.33333333333333337,0.0,0.45569620253164556,0
0.27586206896551724,0.2168674698795181,0.0,0.4761904761904761,0
0.7575757575757575,1.0,1.0,1.0,1
0.7619047619047619,1.0,1.0,1.0,1
0.8857142857142857,1.0,1.0,1.0,1
0.34782608695652173,0.3802816901408451,0.0,0.25,0
0.68,1.0,1.0,1.0,1
0.8709677419354839,1.0,1.0,1.0,1
0.3928571428571429,0.40336134453781514,0.0,0.25,0
0.26315789473684215,0.31707317073170727,1.0,0.20895522388059706,0
0.9714285714285714,1.0,1.0,1.0,1
0.33333333333333337,0.3296703296703297,0.0,1.0,0
0.303030303030303,0.3939393939393939,0.0,1.0,0
0.96,1.0,1.0,1.0,1
0.8571428571428572,1.0,1.0,1.0,1
0.29268292682926833,0.3603603603603604,0.0,0.3783783783783784,0
0.18181818181818177,0.4,0.0,1.0,0
0.9714285714285714,1.0,1.0,1.0,1
0.41509433962264153,0.25263157894736843,0.0,0.3597122302158273,0
0.736842105263158,1.0,1.0,1.0,1
0.303030303030303,0.3565891472868217,0.0,1.0,0
0.3571428571428571,0.26771653543307083,0.0,0.31746031746031744,0
0.9655172413793103,1.0,1.0,1.0,1
0.3589743589743589,0.32061068702290074,1.0,0.48,0
0.2857142857142857,0.31746031746031744,0.0,0.45569620253164556,0
0.4444444444444444,0.2222222222222222,0.0,0.14678899082568808,0
0.4761904761904761,0.17391304347826086,0.0,1.0,0
0.2978723404255319,0.39639639639639634,0.0,1.0,0
0.9302325581395349,1.0,1.0,1.0,1
0.9393939393939393,1.0,1.0,1.0,1
0.975609756097561,1.0,1.0,1.0,1
0.7619047619047619,1.0,1.0,1.0,1
0.25,0.35460992907801414,0.0,0.45569620253164556,0
0.967741935483871,1.0,1.0,1.0,1
0.7619047619047619,1.0,1.0,1.0,1
0.962962962962963,1.0,1.0,1.0,1
0.9523809523809522,1.0,1.0,1.0,1
0.8275862068965517,1.0,1.0,1.0,1
0.33333333333333337,0.2975206611570248,0.0,0.4444444444444444,0
0.95,1.0,1.0,1.0,1
0.8333333333333335,1.0,1.0,1.0,1
0.4285714285714286,0.37735849056603776,0.0,0.35820895522388063,0
0.31999999999999995,0.34899328859060413,0.0,0.19047619047619047,0
0.8,1.0,1.0,1.0,1
0.33333333333333337,0.21818181818181814,0.0,0.48,0
0.3157894736842105,0.37362637362637363,0.0,0.14814814814814814,0
0.8974358974358975,1.0,1.0,1.0,1
0.9714285714285714,1.0,1.0,1.0,1
0.4,0.42500000000000004,1.0,0.25,0
0.8,1.0,1.0,1.0,1
0.33333333333333337,0.417910447761194,1.0,0.25,0
0.32352941176470584,0.2571428571428571,0.0,0.3793103448275862,0
0.9714285714285714,1.0,1.0,1.0,1
0.19354838709677424,0.32258064516129037,0.0,0.2222222222222222,0
0.368421052631579,0.3770491803278688,1.0,0.2545454545454545,0
0.2777777777777778,0.30000000000000004,0.0,0.36363636363636365,0
0.9508196721311475,1.0,1.0,1.0,1
0.962962962962963,1.0,1.0,1.0,1
0.3928571428571429,0.0,0.0,0.4675324675324676,0
0.25,0.2432432432432432,0.0,0.25,0
0.2222222222222222,0.3114754098360656,1.0,0.31746031746031744,0
0.34285714285714286,0.28985507246376807,0.0,0.25,0
0.8461538461538461,1.0,1.0,1.0,1
0.9696969696969697,1.0,1.0,1.0,1
0.5,0.33870967741935487,0.0,0.35820895522388063,0
0.68,1.0,1.0,1.0,1
0.375,0.26356589147286824,0.0,1.0,0
0.2790697674418605,0.4065040650406504,0.0,0.14678899082568808,0
0.8518518518518519,1.0,1.0,1.0,1
0.2777777777777778,0.24,0.0,0.3597122302158273,0
0.8620689655172413,1.0,1.0,1.0,1
0.2777777777777778,0.34782608695652173,0.0,1.0,0
0.4,0.23076923076923073,0.0,0.25,0
0.31818181818181823,0.256,0.0,0.31746031746031744,0
0.33898305084745756,0.3529411764705882,0.0,0.43333333333333335,0
0.8974358974358975,1.0,1.0,1.0,1
0.18181818181818177,0.28205128205128205,0.0,0.25,0
0.2142857142857143,0.36585365853658536,0.0,1.0,0
0.21052631578947367,0.2264150943396226,0.0,0.2545454545454545,0
0.8,1.0,1.0,1.0,1
0.3529411764705882,0.24827586206896554,0.0,0.25,0
0.32558139534883723,0.29059829059829057,0.0,0.2545454545454545,0
0.4,0.23529411764705888,0.0,0.25,0
0.8095238095238095,1.0,1.0,1.0,1
0.9473684210526316,1.0,1.0,1.0,1
0.814814814814815,1.0,1.0,1.0,1
0.31999999999999995,0.23255813953488372,0.0,1.0,0
0.3278688524590164,0.26262626262626265,0.0,0.36923076923076925,0
0.33333333333333337,0.3384615384615385,0.0,1.0,0
0.4,0.24137931034482762,0.0,0.3597122302158273,0
0.26086956521739135,0.32352941176470584,0.0,1.0,0
0.6923076923076923,1.0,1.0,1.0,1
0.84375,1.0,1.0,1.0,1
0.6923076923076923,1.0,1.0,1.0,1
0.33333333333333337,0.368421052631579,0.0,1.0,0
0.33333333333333337,0.2647058823529411,0.0,1.0,0
0.23809523809523814,0.33333333333333337,0.0,0.2545454545454545,0
0.9655172413793103,1.0,1.0,1.0,1
0.3703703703703704,0.27419354838709675,0.0,1.0,0
0.37209302325581395,0.33333333333333337,0.0,0.48,0
0.9523809523809522,1.0,1.0,1.0,1
0.8095238095238095,1.0,1.0,1.0,1
0.9523809523809522,1.0,1.0,1.0,1
0.8,1.0,1.0,1.0,1
0.75,1.0,1.0,1.0,1
0.6363636363636364,1.0,1.0,1.0,1
0.8333333333333335,1.0,1.0,1.0,1
0.9565217391304348,1.0,1.0,1.0,1
0.6521739130434783,1.0,1.0,1.0,1
0.34285714285714286,0.29885057471264365,0.0,1.0,0
0.75,1.0,1.0,1.0,1
0.2857142857142857,0.3564356435643564,0.0,0.45569620253164556,0
0.8461538461538461,1.0,1.0,1.0,1
0.9743589743589743,1.0,1.0,1.0,1
0.826086956521739,1.0,1.0,1.0,1
0.8181818181818181,1.0,1.0,1.0,1
0.826086956521739,1.0,1.0,1.0,1
0.7037037037037037,1.0,1.0,1.0,1
0.26415094339622647,0.33870967741935487,0.0,0.5714285714285714,0
0.4,0.42201834862385323,1.0,1.0,0
0.8095238095238095,1.0,1.0,1.0,1
0.19047619047619047,0.2168674698795181,0.0,1.0,0
0.4390243902439024,0.32432432432432434,0.0,0.35820895522388063,0
0.3414634146341463,0.35761589403973515,0.0,0.48,0
0.782608695652174,1.0,1.0,1.0,1
0.41860465116279066,0.21212121212121215,0.0,1.0,0
0.923076923076923,1.0,1.0,1.0,1
0.31818181818181823,0.27522935779816515,0.0,0.25,0
0.24,0.34285714285714286,0.0,0.3783783783783784,0
0.31818181818181823,0.33333333333333337,0.0,0.2545454545454545,0
0.7142857142857143,1.0,1.0,1.0,1
0.8709677419354839,1.0,1.0,1.0,1
0.3846153846153846,0.3513513513513513,1.0,1.0,0
0.8181818181818181,1.0,1.0,1.0,1
0.8181818181818181,1.0,1.0,1.0,1
0.7317073170731707,0.35820895522388063,0.0,0.3597122302158273,0
0.7894736842105263,1.0,1.0,1.0,1
0.967741935483871,1.0,1.0,1.0,1
0.33333333333333337,0.18666666666666665,0.0,0.2702702702702703,0
0.8717948717948718,0.0,1.0,1.0,1
0.6521739130434783,1.0,1.0,1.0,1
0.927536231884058,1.0,1.0,1.0,1
0.19047619047619047,0.2857142857142857,0.0,0.2545454545454545,0
0.4444444444444444,0.35036496350364965,0.0,0.31746031746031744,0
0.84,1.0,1.0,1.0,1
0.68,1.0,1.0,1.0,1
0.3157894736842105,0.4107142857142857,0.0,0.14814814814814814,0
0.875,1.0,1.0,1.0,1
0.5555555555555556,1.0,1.0,1.0,1
0.26315789473684215,0.3783783783783784,0.0,0.30508474576271183,0
0.4,0.35820895522388063,0.0,0.25,0
0.2222222222222222,0.23333333333333328,0.0,0.20895522388059706,0
0.3125,0.22535211267605637,0.0,0.2545454545454545,0
0.6363636363636364,1.0,1.0,1.0,1
0.826086956521739,1.0,1.0,1.0,1
0.7333333333333334,1.0,1.0,1.0,1
0.9473684210526316,1.0,1.0,1.0,1
0.34375,0.20370370370370375,1.0,1.0,0
0.38095238095238093,0.2680412371134021,0.0,0.5154639175257731,0
0.96,1.0,1.0,1.0,1
0.2571428571428571,0.14814814814814814,0.0,1.0,0
0.1875,0.3207547169811321,1.0,0.14678899082568808,0
0.9545454545454546,1.0,1.0,1.0,1
0.8611111111111112,1.0,1.0,1.0,1
0.8076923076923077,1.0,1.0,1.0,1
0.9615384615384616,1.0,1.0,1.0,1
0.7647058823529411,1.0,1.0,1.0,1
0.4117647058823529,0.3877551020408163,1.0,0.3783783783783784,0
0.7647058823529411,1.0,1.0,1.0,1
0.31034482758620685,0.30927835051546393,0.0,0.30508474576271183,0
0.96,1.0,1.0,1.0,1
0.19999999999999996,0.27450980392156865,1.0,0.5154639175257731,0
0.9565217391304348,1.0,1.0,1.0,1
0.23809523809523814,0.32380952380952377,0.0,1.0,0
0.7619047619047619,1.0,1.0,1.0,1
0.9411764705882352,1.0,1.0,1.0,1
0.9090909090909091,1.0,1.0,1.0,1
0.8461538461538461,1.0,1.0,1.0,1
0.75,1.0,1.0,1.0,1
0.33333333333333337,0.27586206896551724,0.0,0.34285714285714286,0
0.36363636363636365,0.3076923076923077,0.0,0.23076923076923073,0
0.75,1.0,1.0,1.0,1
0.37735849056603776,0.0,0.0,0.31746031746031744,0
0.6923076923076923,1.0,1.0,1.0,1
0.84,1.0,1.0,1.0,1
0.7647058823529411,1.0,1.0,1.0,1
0.782608695652174,1.0,1.0,1.0,1
0.2222222222222222,0.22857142857142854,0.0,1.0,0
0.4363636363636364,0.34666666666666673,0.0,0.3076923076923077,0
0.2857142857142857,0.36363636363636365,0.0,1.0,0
0.9655172413793103,1.0,1.0,1.0,1
0.28,0.2807017543859649,0.0,0.35820895522388063,0
0.7916666666666665,1.0,1.0,1.0,1
0.8181818181818181,1.0,1.0,1.0,1
0.8529411764705883,1.0,1.0,1.0,1
0.9696969696969697,1.0,1.0,1.0,1
0.2666666666666667,0.313953488372093,0.0,0.48,0
0.8787878787878788,1.0,1.0,1.0,1
0.9552238805970148,1.0,1.0,1.0,1
0.30434782608695654,0.3453237410071942,0.0,0.25,0
0.2777777777777778,0.2931034482758621,0.0,0.4383561643835616,0
0.7727272727272727,1.0,1.0,1.0,1
0.3142857142857143,0.303030303030303,0.0,0.31746031746031744,0
0.2857142857142857,0.30000000000000004,1.0,1.0,0
0.2666666666666667,0.2680412371134021,0.0,0.43333333333333335,0
0.9655172413793103,1.0,1.0,1.0,1
0.96,1.0,1.0,1.0,1
0.7619047619047619,1.0,1.0,1.0,1
0.3902439024390244,0.29850746268656714,0.0,0.31746031746031744,0
0.9767441860465115,1.0,1.0,1.0,1
0.36363636363636365,0.3047619047619048,0.0,1.0,0
0.4615384615384615,0.37209302325581395,0.0,0.41379310344827597,0
0.8888888888888888,1.0,1.0,1.0,1
0.9538461538461537,1.0,1.0,1.0,1
0.303030303030303,0.2650602409638554,0.0,1.0,0
0.7142857142857143,1.0,1.0,1.0,1
0.30434782608695654,0.32307692307692304,0.0,1.0,0
0.8518518518518519,1.0,1.0,1.0,1
0.2857142857142857,0.3418803418803419,1.0,1.0,0
0.962962962962963,1.0,1.0,1.0,1
0.8888888888888888,1.0,1.0,1.0,1
0.3529411764705882,0.33043478260869563,0.0,0.5154639175257731,0
0.9565217391304348,1.0,1.0,1.0,1
0.3529411764705882,0.4,0.0,0.4444444444444444,0
0.75,1.0,1.0,1.0,1
0.8095238095238095,1.0,1.0,1.0,1
0.4,0.29850746268656714,0.0,1.0,0
0.9508196721311475,1.0,1.0,1.0,1
0.8,1.0,1.0,1.0,1
0.4,0.23880597014925375,0.0,1.0,0
0.25,0.2857142857142857,1.0,1.0,0
0.3733333333333333,0.33333333333333337,0.0,0.25,0
0.26086956521739135,0.36923076923076925,0.0,1.0,0
0.7647058823529411,1.0,1.0,1.0,1
0.3076923076923077,0.23188405797101452,1.0,0.3597122302158273,0
0.33333333333333337,0.34782608695652173,1.0,0.22857142857142854,0
0.20512820512820518,0.35398230088495575,0.0,1.0,0
0.25,0.3571428571428571,0.0,0.48,0
0.368421052631579,0.31999999999999995,0.0,0.14814814814814814,0
0.2564102564102564,0.3157894736842105,0.0,0.25,0
0.7333333333333334,1.0,1.0,1.0,1
0.5,0.33333333333333337,0.0,0.23076923076923073,0
0.4,0.29850746268656714,0.0,0.2545454545454545,0
0.84,1.0,1.0,1.0,1
0.2857142857142857,0.368421052631579,0.0,0.25,0
0.8947368421052632,1.0,1.0,1.0,1
0.962962962962963,1.0,1.0,1.0,1
0.8518518518518519,1.0,1.0,1.0,1
0.375,0.34615384615384615,0.0,0.31746031746031744,0
0.9615384615384616,1.0,1.0,1.0,1
0.7647058823529411,1.0,1.0,1.0,1
0.2777777777777778,0.3058823529411765,0.0,1.0,0
0.9454545454545454,1.0,1.0,1.0,1
0.7222222222222221,1.0,1.0,1.0,1
0.2857142857142857,0.22429906542056077,0.0,0.3278688524590164,0
0.826086956521739,1.0,1.0,1.0,1
0.95,1.0,1.0,1.0,1
0.2727272727272727,0.3448275862068966,0.0,0.48,0
0.23076923076923073,0.2857142857142857,1.0,0.3597122302158273,0
0.7916666666666665,1.0,1.0,1.0,1
0.2941176470588235,0.34883720930232553,0.0,0.36363636363636365,0
0.8,1.0,1.0,1.0,1
0.24390243902439024,0.38095238095238093,0.0,0.3589743589743589,0
0.8666666666666667,1.0,1.0,1.0,1
0.34042553191489366,0.3232323232323232,0.0,1.0,0
0.7619047619047619,1.0,1.0,1.0,1
0.38095238095238093,0.3157894736842105,0.0,0.2545454545454545,0
0.3111111111111111,0.3728813559322034,0.0,0.14678899082568808,0
0.3157894736842105,0.1724137931034483,1.0,0.25,0
0.42105263157894735,0.35955056179775285,0.0,0.31746031746031744,0
0.6923076923076923,1.0,1.0,1.0,1
0.9767441860465115,1.0,1.0,1.0,1
0.26086956521739135,0.32608695652173914,0.0,0.25,0
0.9387755102040817,1.0,1.0,1.0,1
0.27586206896551724,0.23188405797101452,0.0,1.0,0
0.9642857142857143,1.0,1.0,1.0,1
0.8666666666666667,1.0,1.0,1.0,1
0.2142857142857143,0.2909090909090909,1.0,0.41333333333333333,0
0.967741935483871,1.0,1.0,1.0,1
0.2790697674418605,0.3076923076923077,0.0,1.0,0
0.6190476190476191,1.0,1.0,1.0,1
0.3414634146341463,0.1777777777777778,0.0,0.23333333333333328,0
0.5,1.0,1.0,1.0,1
0.31818181818181823,0.13043478260869568,0.0,1.0,0
0.6363636363636364,1.0,1.0,1.0,1
0.9615384615384616,1.0,1.0,1.0,1
0.45714285714285713,0.28260869565217395,0.0,0.23333333333333328,0
0.9642857142857143,1.0,1.0,1.0,1
0.3529411764705882,0.28888888888888886,0.0,0.25,0
0.9777777777777777,1.0,1.0,1.0,1
0.7916666666666665,1.0,1.0,1.0,1
0.8461538461538461,1.0,1.0,1.0,1
0.8333333333333335,1.0,1.0,1.0,1
0.3111111111111111,0.2545454545454545,0.0,1.0,0
0.4126984126984127,0.36144578313253023,0.0,0.3597122302158273,0
0.30000000000000004,0.31404958677685946,0.0,0.2222222222222222,0
0.8,1.0,1.0,1.0,1
0.16000000000000003,0.36220472440944884,0.0,0.14814814814814814,0
0.31818181818181823,0.34782608695652173,0.0,1.0,0
0.34285714285714286,0.303030303030303,0.0,0.3597122302158273,0
0.3132530120481928,0.28846153846153844,0.0,0.31746031746031744,0
0.20833333333333337,0.23684210526315785,0.0,0.2545454545454545,0
0.3414634146341463,0.42105263157894735,0.0,0.23333333333333328,0
0.32727272727272727,0.24,1.0,1.0,0
0.96,1.0,1.0,1.0,1
0.96,1.0,1.0,1.0,1
0.6190476190476191,1.0,1.0,1.0,1
0.2545454545454545,0.41666666666666663,0.0,0.25,0
0.2777777777777778,0.4074074074074075,1.0,0.45569620253164556,0
0.33333333333333337,0.3529411764705882,0.0,0.14678899082568808,0
0.9696969696969697,1.0,1.0,1.0,1
0.782608695652174,1.0,1.0,1.0,1
0.36363636363636365,0.31404958677685946,0.0,0.25,0
0.75,1.0,1.0,1.0,1
0.7894736842105263,1.0,1.0,1.0,1
0.7419354838709676,1.0,1.0,1.0,1
0.33333333333333337,0.3850931677018633,1.0,1.0,0
0.2790697674418605,0.3157894736842105,0.0,1.0,0
0.32432432432432434,0.22784810126582278,0.0,0.2545454545454545,0
0.29268292682926833,0.3380281690140845,0.0,0.5154639175257731,0
0.2857142857142857,0.29032258064516125,0.0,0.25,0
0.33333333333333337,0.21818181818181814,0.0,0.3597122302158273,0
0.8095238095238095,1.0,1.0,1.0,1
0.32727272727272727,0.35789473684210527,0.0,0.36923076923076925,0
0.8181818181818181,1.0,1.0,1.0,1
0.8095238095238095,1.0,1.0,1.0,1
0.41509433962264153,0.3098591549295775,0.0,0.35820895522388063,0
0.8823529411764706,1.0,1.0,1.0,1
0.9767441860465115,1.0,1.0,1.0,1
0.43137254901960786,0.2716049382716049,0.0,0.2222222222222222,0
0.782608695652174,1.0,1.0,1.0,1
0.3125,0.3132530120481928,0.0,1.0,0
0.2857142857142857,0.29885057471264365,0.0,0.4761904761904761,0
0.25,0.32298136645962733,0.0,1.0,0
0.878048780487805,1.0,1.0,1.0,1
0.962962962962963,1.0,1.0,1.0,1
0.9545454545454546,1.0,1.0,1.0,1
0.782608695652174,1.0,1.0,1.0,1
0.2068965517241379,0.16470588235294115,0.0,0.25,0
0.4444444444444444,0.23076923076923073,0.0,0.25,0
0.5294117647058824,1.0,1.0,1.0,1
0.34285714285714286,0.3116883116883117,0.0,0.35820895522388063,0
0.7777777777777779,1.0,1.0,1.0,1
0.2962962962962963,0.2564102564102564,0.0,0.2545454545454545,0
0.7575757575757575,1.0,1.0,1.0,1
0.375,0.2954545454545454,0.0,0.25,0
0.33333333333333337,0.3508771929824561,0.0,1.0,0
0.9295774647887324,1.0,1.0,1.0,1
0.967741935483871,1.0,1.0,1.0,1
0.8095238095238095,1.0,1.0,1.0,1
0.9714285714285714,1.0,1.0,1.0,1
0.9615384615384616,1.0,1.0,1.0,1
0.9166666666666665,1.0,1.0,1.0,1
0.9696969696969697,1.0,1.0,1.0,1
0.25806451612903225,0.3870967741935484,0.0,0.14678899082568808,0
0.8620689655172413,1.0,1.0,1.0,1
0.7777777777777779,1.0,1.0,1.0,1
0.326530612244898,0.33333333333333337,1.0,1.0,0
0.6190476190476191,1.0,1.0,1.0,1
0.40816326530612246,0.3214285714285714,0.0,0.14814814814814814,0
0.2702702702702703,0.2816901408450704,0.0,0.3941605839416058,0
0.7727272727272727,1.0,1.0,1.0,1
0.36363636363636365,0.20618556701030932,0.0,1.0,0
0.8275862068965517,1.0,1.0,1.0,1
0.3125,0.3835616438356164,1.0,0.25,0
0.3529411764705882,0.3302752293577982,0.0,1.0,0
0.36363636363636365,0.26086956521739135,0.0,0.42666666666666664,0
0.26315789473684215,0.2857142857142857,1.0,0.3597122302158273,0
0.30188679245283023,0.3076923076923077,0.0,0.31746031746031744,0
0.6923076923076923,1.0,1.0,1.0,1
0.42553191489361697,0.31999999999999995,1.0,1.0,0
0.96,1.0,1.0,1.0,1
0.45714285714285713,0.23300970873786409,0.0,0.25,0
0.814814814814815,1.0,1.0,1.0,1
0.36363636363636365,0.28125,0.0,0.20895522388059706,0
0.8620689655172413,1.0,1.0,1.0,1
0.9361702127659575,1.0,1.0,1.0,1
0.4390243902439024,0.19047619047619047,0.0,0.25,0
0.2702702702702703,0.5306122448979591,0.0,0.14678899082568808,0
0.30000000000000004,0.36585365853658536,0.0,1.0,0
0.826086956521739,1.0,1.0,1.0,1
0.41379310344827597,0.26,0.0,0.14678899082568808,0
0.2666666666666667,0.29357798165137616,0.0,0.48,0
0.8,1.0,1.0,1.0,1
0.7142857142857143,1.0,1.0,1.0,1
0.9714285714285714,1.0,1.0,1.0,1
0.6666666666666667,1.0,1.0,1.0,1
0.25,0.2564102564102564,0.0,0.25,0
0.9565217391304348,1.0,1.0,1.0,1
0.95,1.0,1.0,1.0,1
0.2857142857142857,0.2564102564102564,0.0,1.0,0
0.33333333333333337,0.31775700934579443,0.0,0.14678899082568808,0
0.9583333333333335,1.0,1.0,1.0,1
0.9714285714285714,1.0,1.0,1.0,1
0.2857142857142857,0.3191489361702128,0.0,1.0,0
0.2857142857142857,0.29702970297029707,0.0,0.14678899082568808,0
0.22857142857142854,0.22535211267605637,0.0,0.3783783783783784,0
0.9696969696969697,1.0,1.0,1.0,1
0.326530612244898,0.0,0.0,0.4761904761904761,0
0.7037037037037037,1.0,1.0,1.0,1
0.8620689655172413,1.0,1.0,1.0,1
0.3214285714285714,0.375,0.0,0.25,0
0.3414634146341463,0.2592592592592593,0.0,0.3597122302158273,0
0.33333333333333337,0.4074074074074075,0.0,0.25,0
0.2857142857142857,0.16949152542372878,0.0,0.23333333333333328,0
0.26086956521739135,0.3362831858407079,0.0,1.0,0
0.8076923076923077,1.0,1.0,1.0,1
0.6923076923076923,1.0,1.0,1.0,1
0.7894736842105263,1.0,1.0,1.0,1
0.2142857142857143,0.33333333333333337,0.0,0.3597122302158273,0
0.8214285714285714,1.0,1.0,1.0,1
0.7575757575757575,1.0,1.0,1.0,1
0.19354838709677424,0.3218390804597702,1.0,0.25,0
0.9473684210526316,1.0,1.0,1.0,1
0.7894736842105263,1.0,1.0,1.0,1
0.2564102564102564,0.21818181818181814,0.0,1.0,0
0.9523809523809522,1.0,1.0,1.0,1
0.5882352941176471,0.42201834862385323,0.0,1.0,0
0.7142857142857143,1.0,1.0,1.0,1
0.26315789473684215,0.2592592592592593,0.0,0.33333333333333337,0
0.9361702127659575,1.0,1.0,1.0,1
0.41025641025641024,0.41481481481481486,0.0,0.45569620253164556,0
0.8823529411764706,1.0,1.0,1.0,1
0.4,0.3076923076923077,0.0,0.2545454545454545,0
0.3076923076923077,0.33644859813084116,0.0,0.3589743589743589,0
0.84,1.0,1.0,1.0,1
0.36734693877551017,0.2990654205607477,0.0,0.4444444444444444,0
0.5294117647058824,1.0,1.0,1.0,1
0.30434782608695654,0.23809523809523814,0.0,0.35820895522388063,0
0.36363636363636365,0.39583333333333337,1.0,0.25,0
0.7777777777777779,1.0,1.0,1.0,1
0.29268292682926833,0.31999999999999995,0.0,0.35820895522388063,0
0.9642857142857143,1.0,1.0,1.0,1
0.6923076923076923,1.0,1.0,1.0,1
0.96,1.0,1.0,1.0,1
0.9743589743589743,1.0,1.0,1.0,1
0.8275862068965517,1.0,1.0,1.0,1
0.3414634146341463,0.31304347826086953,0.0,0.2857142857142857,0
0.3902439024390244,0.3916083916083915,1.0,1.0,0
0.36363636363636365,0.4074074074074075,1.0,0.20895522388059706,0
0.34042553191489366,0.38167938931297707,0.0,0.36363636363636365,0
0.41666666666666663,0.3802816901408451,1.0,0.25,0
0.962962962962963,1.0,1.0,1.0,1
0.3076923076923077,0.2678571428571429,0.0,0.42105263157894735,0
0.5555555555555556,1.0,1.0,1.0,1
0.8518518518518519,1.0,1.0,1.0,1
0.2666666666666667,0.32558139534883723,0.0,0.4545454545454546,0
0.52,0.33333333333333337,0.0,0.25,0
0.31746031746031744,0.3116883116883117,1.0,0.25,0
0.33333333333333337,0.367816091954023,0.0,0.1333333333333333,0
0.7647058823529411,1.0,1.0,1.0,1
0.5161290322580645,0.3157894736842105,0.0,0.3597122302158273,0
0.4,0.38888888888888884,0.0,0.2545454545454545,0
0.34782608695652173,0.3142857142857143,0.0,0.4666666666666666,0
0.3076923076923077,0.32307692307692304,0.0,0.2545454545454545,0
0.2666666666666667,0.24242424242424243,0.0,1.0,0
0.25,0.3232323232323232,1.0,0.25,0
0.6666666666666667,1.0,1.0,1.0,1
0.34615384615384615,0.33333333333333337,1.0,0.25,0
0.2857142857142857,0.24761904761904763,0.0,0.42666666666666664,0
0.33333333333333337,0.34343434343434337,0.0,0.3597122302158273,0
0.38095238095238093,0.05128205128205132,0.0,0.2857142857142857,0
0.36363636363636365,0.46,0.0,0.3597122302158273,0
0.826086956521739,1.0,1.0,1.0,1
0.41025641025641024,0.34090909090909094,0.0,0.3597122302158273,0
0.736842105263158,1.0,1.0,1.0,1
0.9111111111111111,1.0,1.0,1.0,1
0.96,1.0,1.0,1.0,1
0.9473684210526316,1.0,1.0,1.0,1
0.7037037037037037,1.0,1.0,1.0,1
0.9577464788732395,1.0,1.0,1.0,1
0.9552238805970148,1.0,1.0,1.0,1
0.2857142857142857,0.26890756302521013,1.0,0.4444444444444444,0
0.9473684210526316,1.0,1.0,1.0,1
0.368421052631579,0.303030303030303,1.0,1.0,0
0.9642857142857143,1.0,1.0,1.0,1
0.96,1.0,1.0,1.0,1
0.375,0.20512820512820518,0.0,0.31746031746031744,0
0.7647058823529411,1.0,1.0,1.0,1
0.7916666666666665,1.0,1.0,1.0,1
0.33333333333333337,0.3703703703703704,0.0,0.30508474576271183,0
0.7894736842105263,1.0,1.0,1.0,1
0.972972972972973,1.0,1.0,1.0,1
0.7222222222222221,1.0,1.0,1.0,1
0.8333333333333335,1.0,1.0,1.0,1
0.96,1.0,1.0,1.0,1
0.4242424242424242,0.23076923076923073,0.0,0.2857142857142857,0
0.3380281690140845,0.42352941176470593,0.0,0.36923076923076925,0
0.33333333333333337,0.23404255319148937,1.0,0.3597122302158273,0
0.6923076923076923,0.0,1.0,1.0,1
0.5,0.3783783783783784,0.0,0.2545454545454545,0
0.41860465116279066,0.31999999999999995,0.0,0.2222222222222222,0
0.2666666666666667,0.32478632478632474,0.0,0.2068965517241379,0
0.6,1.0,1.0,1.0,1
0.29268292682926833,0.27118644067796616,1.0,0.48,0
0.30434782608695654,0.18867924528301885,0.0,1.0,0
0.826086956521739,1.0,1.0,1.0,1
0.7222222222222221,1.0,1.0,1.0,1
0.2666666666666667,0.30188679245283023,0.0,0.2545454545454545,0
0.7777777777777779,1.0,1.0,1.0,1
0.7037037037037037,1.0,1.0,1.0,1
0.7333333333333334,1.0,1.0,1.0,1
0.9666666666666667,1.0,1.0,1.0,1
0.2162162162162162,0.33684210526315794,1.0,0.14814814814814814,0
0.4,0.30107526881720426,0.0,0.3492063492063492,0
0.804878048780488,1.0,1.0,1.0,1
0.2962962962962963,0.29702970297029707,0.0,0.2857142857142857,0
0.8333333333333335,1.0,1.0,1.0,1
0.8,0.0,1.0,1.0,1
0.34285714285714286,0.26865671641791045,0.0,0.14814814814814814,0
0.75,1.0,1.0,1.0,1
0.68,1.0,1.0,1.0,1
0.7647058823529411,1.0,1.0,1.0,1
0.8076923076923077,1.0,1.0,1.0,1
0.27586206896551724,0.19512195121951215,0.0,0.14678899082568808,0
0.8333333333333335,1.0,1.0,1.0,1
0.9655172413793103,1.0,1.0,1.0,1
0.24242424242424243,0.3035714285714286,0.0,1.0,0
0.972972972972973,1.0,1.0,1.0,1
0.8095238095238095,1.0,1.0,1.0,1
0.40909090909090906,0.30434782608695654,0.0,0.38095238095238093,0
0.48484848484848486,0.28099173553719003,0.0,1.0,0
0.45833333333333337,0.3218390804597702,0.0,0.3597122302158273,0
0.2564102564102564,0.2272727272727273,0.0,0.31746031746031744,0
0.3870967741935484,0.29729729729729726,0.0,0.3597122302158273,0
0.35,0.30434782608695654,1.0,0.3941605839416058,0
0.43478260869565216,0.23076923076923073,0.0,0.3589743589743589,0
0.8181818181818181,1.0,1.0,1.0,1
0.33333333333333337,0.2622950819672131,0.0,0.48,0
0.31034482758620685,0.2222222222222222,0.0,0.36363636363636365,0
0.3555555555555555,0.2784810126582279,0.0,0.48,0
0.9523809523809522,1.0,1.0,1.0,1
0.2941176470588235,0.22988505747126442,0.0,0.31746031746031744,0
0.27450980392156865,0.3908045977011494,0.0,0.5714285714285714,0
0.8,1.0,1.0,1.0,1
0.3076923076923077,0.23255813953488372,0.0,0.3783783783783784,0
0.7647058823529411,1.0,1.0,1.0,1
0.782608695652174,1.0,1.0,1.0,1
0.6521739130434783,1.0,1.0,1.0,1
0.9583333333333335,1.0,1.0,1.0,1
0.9565217391304348,1.0,1.0,1.0,1
0.3137254901960784,0.38636363636363635,0.0,0.35820895522388063,0
0.24242424242424243,0.273972602739726,0.0,1.0,0
0.326530612244898,0.12765957446808507,0.0,0.2857142857142857,0
0.7222222222222221,1.0,1.0,1.0,1
0.7142857142857143,1.0,1.0,1.0,1
0.2857142857142857,0.17721518987341767,0.0,1.0,0
0.27450980392156865,0.30000000000000004,0.0,0.2857142857142857,0
0.2666666666666667,0.36363636363636365,1.0,0.4761904761904761,0
0.7619047619047619,1.0,1.0,1.0,1
0.6521739130434783,1.0,1.0,1.0,1
0.7916666666666665,1.0,1.0,1.0,1
0.17142857142857137,0.2790697674418605,0.0,0.3597122302158273,0
0.8214285714285714,1.0,1.0,1.0,1
0.41379310344827597,0.2588235294117647,0.0,0.33333333333333337,0
0.38888888888888884,0.32380952380952377,1.0,0.3597122302158273,0
0.9589041095890412,1.0,1.0,1.0,1
0.7058823529411764,1.0,1.0,1.0,1
0.962962962962963,1.0,1.0,1.0,1
0.7894736842105263,1.0,1.0,1.0,1
0.30000000000000004,0.16842105263157892,0.0,0.2545454545454545,0
0.8809523809523809,1.0,1.0,1.0,1
0.42105263157894735,0.3090909090909091,0.0,0.2857142857142857,0
0.46808510638297873,0.265625,0.0,0.2545454545454545,0
0.8095238095238095,1.0,1.0,1.0,1
0.8888888888888888,1.0,1.0,1.0,1
0.1875,0.34355828220858897,0.0,0.41860465116279066,0
0.4,0.2857142857142857,0.0,0.3597122302158273,0
0.24,0.34883720930232553,0.0,0.36363636363636365,0
0.8709677419354839,1.0,1.0,1.0,1
0.31999999999999995,0.2990654205607477,0.0,0.5154639175257731,0
0.3783783783783784,0.273972602739726,0.0,0.25,0
0.24,0.30508474576271183,0.0,1.0,0
0.4117647058823529,0.5671641791044777,1.0,0.3597122302158273,0
0.32258064516129037,0.2191780821917808,0.0,0.2545454545454545,0
0.12121212121212122,0.3308270676691729,0.0,0.4,0
0.3829787234042554,0.4,0.0,0.2545454545454545,0
0.8181818181818181,1.0,1.0,1.0,1
0.32558139534883723,0.2831858407079646,0.0,0.3597122302158273,0
0.9767441860465115,1.0,1.0,1.0,1
0.2702702702702703,0.326530612244898,0.0,0.36923076923076925,0
0.9523809523809522,1.0,1.0,1.0,1
0.36363636363636365,0.30107526881720426,0.0,0.3597122302158273,0
0.782608695652174,1.0,1.0,1.0,1
0.6,1.0,1.0,1.0,1
0.6666666666666667,1.0,1.0,1.0,1
0.8333333333333335,1.0,1.0,1.0,1
0.31999999999999995,0.24528301886792447,0.0,0.3597122302158273,0
0.368421052631579,0.30188679245283023,0.0,0.25,0
0.826086956521739,1.0,1.0,1.0,1
0.3157894736842105,0.31818181818181823,0.0,0.25,0
0.3571428571428571,0.3218390804597702,0.0,0.3529411764705882,0
0.8,1.0,1.0,1.0,1
0.7575757575757575,1.0,1.0,1.0,1
0.24390243902439024,0.36363636363636365,0.0,0.3783783783783784,0
0.84,1.0,1.0,1.0,1
0.8,1.0,1.0,1.0,1
0.26415094339622647,0.3063063063063063,0.0,1.0,0
0.4444444444444444,0.3793103448275862,0.0,0.25,0
0.41379310344827597,0.2962962962962963,0.0,1.0,0
0.962962962962963,1.0,1.0,1.0,1
0.26315789473684215,0.3047619047619048,0.0,0.30508474576271183,0
0.9655172413793103,1.0,1.0,1.0,1
0.84375,1.0,1.0,1.0,1
0.24,0.2702702702702703,0.0,0.14814814814814814,0
0.9565217391304348,1.0,1.0,1.0,1
0.9655172413793103,1.0,1.0,1.0,1
0.7222222222222221,1.0,1.0,1.0,1
0.27450980392156865,0.3661971830985915,1.0,0.25,0
0.2162162162162162,0.36585365853658536,0.0,0.3597122302158273,0
0.9714285714285714,1.0,1.0,1.0,1
0.7241379310344827,1.0,1.0,1.0,1
0.2222222222222222,0.46464646464646464,0.0,0.5454545454545454,0
0.7333333333333334,1.0,1.0,1.0,1
0.972972972972973,1.0,1.0,1.0,1
0.9111111111111111,1.0,1.0,1.0,1
0.18181818181818177,0.31707317073170727,0.0,0.33333333333333337,0
0.8918918918918919,1.0,1.0,1.0,1
0.3561643835616438,0.32520325203252026,0.0,1.0,0
0.8,1.0,1.0,1.0,1
0.95,1.0,1.0,1.0,1
0.8518518518518519,1.0,1.0,1.0,1
0.3448275862068966,0.3764705882352941,0.0,0.19047619047619047,0
0.8214285714285714,1.0,1.0,1.0,1
0.7647058823529411,1.0,1.0,1.0,1
0.9714285714285714,1.0,1.0,1.0,1
0.8787878787878788,1.0,1.0,1.0,1
0.5365853658536586,0.2666666666666667,0.0,0.2857142857142857,0
0.6190476190476191,1.0,1.0,1.0,1
0.375,0.2912621359223301,0.0,0.20895522388059706,0
0.3571428571428571,0.31034482758620685,0.0,1.0,0
0.8518518518518519,1.0,1.0,1.0,1
0.7222222222222221,1.0,1.0,1.0,1
0.38095238095238093,0.25,0.0,0.24242424242424243,0
0.9565217391304348,1.0,1.0,1.0,1
0.6923076923076923,1.0,1.0,1.0,1
0.29166666666666663,0.30508474576271183,0.0,0.45569620253164556,0
0.9473684210526316,1.0,1.0,1.0,1
0.75,1.0,1.0,1.0,1
0.9583333333333335,1.0,1.0,1.0,1
0.27450980392156865,0.3076923076923077,0.0,0.24242424242424243,0
0.84,1.0,1.0,1.0,1
0.2622950819672131,0.3448275862068966,0.0,0.3589743589743589,0
0.7894736842105263,1.0,1.0,1.0,1
0.375,0.35,0.0,0.2222222222222222,0
0.5185185185185186,0.2068965517241379,0.0,0.25,0
0.30000000000000004,0.41666666666666663,0.0,0.20895522388059706,0
0.972972972972973,1.0,1.0,1.0,1
0.5238095238095238,0.18918918918918914,0.0,0.3597122302158273,0
0.8076923076923077,1.0,1.0,1.0,1
0.30000000000000004,0.3972602739726028,0.0,0.24137931034482762,0
0.3157894736842105,0.31496062992125984,0.0,1.0,0
0.2978723404255319,0.15873015873015872,0.0,0.2545454545454545,0
0.33333333333333337,0.23913043478260865,0.0,0.2545454545454545,0
0.6666666666666667,1.0,1.0,1.0,1
0.8214285714285714,1.0,1.0,1.0,1
0.9358974358974359,1.0,1.0,1.0,1
0.8461538461538461,1.0,1.0,1.0,1
0.96,1.0,1.0,1.0,1
0.967741935483871,1.0,1.0,1.0,1
0.40816326530612246,0.3675675675675676,0.0,0.35820895522388063,0
0.30434782608695654,0.3793103448275862,0.0,0.2857142857142857,0
0.18181818181818177,0.303030303030303,0.0,0.41333333333333333,0
0.31999999999999995,0.20895522388059706,0.0,0.2222222222222222,0
0.8518518518518519,1.0,1.0,1.0,1
0.32558139534883723,0.2692307692307693,0.0,0.36923076923076925,0
0.95,1.0,1.0,1.0,1
0.2666666666666667,0.36065573770491793,0.0,0.48,0
0.8709677419354839,1.0,1.0,1.0,1
0.7777777777777779,1.0,1.0,1.0,1
0.9696969696969697,1.0,1.0,1.0,1
0.2857142857142857,0.3623188405797102,0.0,0.42666666666666664,0
0.9777777777777777,1.0,1.0,1.0,1
0.30000000000000004,0.32835820895522383,0.0,0.14678899082568808,0
0.972972972972973,1.0,1.0,1.0,1
0.2777777777777778,0.4691358024691358,0.0,1.0,0
0.3783783783783784,0.35,0.0,0.3597122302158273,0
0.36,0.31999999999999995,0.0,0.3597122302158273,0
0.8684210526315791,0.0,1.0,1.0,1
0.32432432432432434,0.25742574257425743,0.0,0.3597122302158273,0
0.3137254901960784,0.26262626262626265,0.0,0.14678899082568808,0
0.3783783783783784,0.31999999999999995,0.0,0.48,0
0.4545454545454546,0.2564102564102564,0.0,0.4444444444444444,0
0.3783783783783784,0.34883720930232553,0.0,0.45569620253164556,0
0.9743589743589743,1.0,1.0,1.0,1
0.9743589743589743,1.0,1.0,1.0,1
0.3783783783783784,0.4065040650406504,0.0,0.5154639175257731,0
0.326530612244898,0.3655913978494624,0.0,1.0,0
0.6666666666666667,1.0,1.0,1.0,1
0.2777777777777778,0.36585365853658536,0.0,0.14678899082568808,0
0.9743589743589743,1.0,1.0,1.0,1
0.9333333333333332,1.0,1.0,1.0,1
0.368421052631579,0.27586206896551724,0.0,0.34285714285714286,0
0.9491525423728814,1.0,1.0,1.0,1
0.826086956521739,1.0,1.0,1.0,1
0.8,1.0,1.0,1.0,1
0.29333333333333333,0.33333333333333337,0.0,0.36923076923076925,0
0.84,1.0,1.0,1.0,1
0.2857142857142857,0.22988505747126442,0.0,0.40909090909090906,0
0.375,0.291970802919708,0.0,0.25,0
0.7222222222222221,1.0,1.0,1.0,1
0.23255813953488372,0.2571428571428571,0.0,0.4444444444444444,0
0.2142857142857143,0.3111111111111111,0.0,0.14678899082568808,0
0.7333333333333334,1.0,1.0,1.0,1
0.25806451612903225,0.28846153846153844,0.0,0.39473684210526316,0
0.782608695652174,1.0,1.0,1.0,1
0.3157894736842105,0.3111111111111111,0.0,0.4761904761904761,0
0.8529411764705883,1.0,1.0,1.0,1
0.75,1.0,1.0,1.0,1
0.68,1.0,1.0,1.0,1
0.2564102564102564,0.34042553191489366,0.0,0.36363636363636365,0
0.1923076923076923,0.33009708737864074,0.0,0.22857142857142854,0
0.41025641025641024,0.2093023255813954,0.0,0.3597122302158273,0
0.32835820895522383,0.2727272727272727,0.0,0.31746031746031744,0
0.375,0.33333333333333337,0.0,0.3783783783783784,0
0.962962962962963,1.0,1.0,1.0,1
0.32432432432432434,0.196078431372549,0.0,0.35820895522388063,0
0.3666666666666667,0.2162162162162162,0.0,0.25,0
0.84375,1.0,1.0,1.0,1
0.826086956521739,1.0,1.0,1.0,1
0.8529411764705883,1.0,1.0,1.0,1
0.8571428571428572,1.0,1.0,1.0,1
0.3076923076923077,0.0,0.0,0.2264150943396226,0
0.6923076923076923,1.0,1.0,1.0,1
0.7916666666666665,1.0,1.0,1.0,1
0.7777777777777779,1.0,1.0,1.0,1
0.7894736842105263,1.0,1.0,1.0,1
0.2068965517241379,0.2857142857142857,0.0,0.3597122302158273,0
0.3076923076923077,0.34782608695652173,1.0,0.35820895522388063,0
0.68,1.0,1.0,1.0,1
0.9565217391304348,1.0,1.0,1.0,1
0.2857142857142857,0.3013698630136986,0.0,0.25,0
0.3076923076923077,0.19753086419753085,0.0,0.3783783783783784,0
0.9056603773584907,1.0,1.0,1.0,1
0.826086956521739,1.0,1.0,1.0,1
0.4615384615384615,0.28846153846153844,0.0,0.14678899082568808,0
0.8,1.0,1.0,1.0,1
0.7727272727272727,1.0,1.0,1.0,1
0.30188679245283023,0.36,0.0,0.35820895522388063,0
0.8181818181818181,1.0,1.0,1.0,1
0.3076923076923077,0.35,0.0,0.2545454545454545,0
0.9696969696969697,1.0,1.0,1.0,1
0.3529411764705882,0.31707317073170727,0.0,0.35820895522388063,0
0.6,1.0,1.0,1.0,1
0.3111111111111111,0.31746031746031744,0.0,0.25,0
0.326530612244898,0.3458646616541353,0.0,0.36923076923076925,0
0.9565217391304348,1.0,1.0,1.0,1
0.8333333333333335,1.0,1.0,1.0,1
0.8666666666666667,1.0,1.0,1.0,1
0.33333333333333337,0.3928571428571429,0.0,0.14678899082568808,0
0.31818181818181823,0.2727272727272727,0.0,0.25,0
0.7333333333333334,1.0,1.0,1.0,1
0.3529411764705882,0.33766233766233766,0.0,0.23076923076923073,0
0.3589743589743589,0.2962962962962963,0.0,0.3597122302158273,0
0.9545454545454546,1.0,1.0,1.0,1
0.3448275862068966,0.3448275862068966,0.0,0.25,0
0.8620689655172413,1.0,1.0,1.0,1
0.32727272727272727,0.3063063063063063,0.0,1.0,0
0.23076923076923073,0.2666666666666667,0.0,0.5154639175257731,0
0.8461538461538461,1.0,1.0,1.0,1
0.4285714285714286,1.0,1.0,1.0,1
0.37209302325581395,0.2558139534883721,0.0,0.25,0
0.9375,1.0,1.0,1.0,1
0.875,1.0,1.0,1.0,1
0.33333333333333337,0.3296703296703297,0.0,0.36363636363636365,0
0.9411764705882352,1.0,1.0,1.0,1
0.7142857142857143,1.0,1.0,1.0,1
0.7241379310344827,1.0,1.0,1.0,1
0.3448275862068966,0.3410852713178295,0.0,0.48,0
0.826086956521739,1.0,1.0,1.0,1
0.9655172413793103,1.0,1.0,1.0,1
0.36734693877551017,0.33333333333333337,0.0,0.3597122302158273,0
0.6521739130434783,1.0,1.0,1.0,1
0.33333333333333337,0.21739130434782605,0.0,0.2545454545454545,0
0.3921568627450981,0.2831858407079646,0.0,0.25,0
0.36363636363636365,0.273972602739726,0.0,1.0,0
0.29268292682926833,0.10256410256410253,0.0,0.36923076923076925,0
0.326530612244898,0.28037383177570097,0.0,0.45569620253164556,0
0.68,1.0,1.0,1.0,1
0.9272727272727272,1.0,1.0,1.0,1
0.3414634146341463,0.23423423423423428,0.0,0.25,0
0.33333333333333337,0.3076923076923077,0.0,0.3597122302158273,0
0.28,0.3571428571428571,0.0,0.35820895522388063,0
0.9473684210526316,1.0,1.0,1.0,1
0.975609756097561,1.0,1.0,1.0,1
0.8387096774193549,1.0,1.0,1.0,1
0.4193548387096774,0.31818181818181823,0.0,1.0,0
0.3529411764705882,0.2978723404255319,0.0,1.0,0
0.9523809523809522,1.0,1.0,1.0,1
0.7647058823529411,1.0,1.0,1.0,1
0.7619047619047619,1.0,1.0,1.0,1
0.8214285714285714,1.0,1.0,1.0,1
0.8571428571428572,1.0,1.0,1.0,1
0.8518518518518519,1.0,1.0,1.0,1
0.9090909090909091,0.0,1.0,1.0,1
0.9545454545454546,1.0,1.0,1.0,1
0.2857142857142857,0.35862068965517246,0.0,0.25,0
0.9473684210526316,1.0,1.0,1.0,1
0.2692307692307693,0.3565891472868217,0.0,1.0,0
0.7647058823529411,1.0,1.0,1.0,1
0.33333333333333337,0.33684210526315794,0.0,0.2068965517241379,0
0.7916666666666665,1.0,1.0,1.0,1
0.3125,0.32727272727272727,0.0,0.23333333333333328,0
0.7333333333333334,1.0,1.0,1.0,1
0.3703703703703704,0.19047619047619047,0.0,0.3783783783783784,0
0.3111111111111111,0.18181818181818177,0.0,0.42666666666666664,0
0.25531914893617025,0.368421052631579,0.0,0.14678899082568808,0
0.36363636363636365,0.31775700934579443,0.0,0.2222222222222222,0
0.2162162162162162,0.34285714285714286,0.0,0.45569620253164556,0
0.33898305084745756,0.0,0.0,0.4761904761904761,0
0.2702702702702703,0.36363636363636365,0.0,0.48,0
0.3589743589743589,0.3125,0.0,0.2857142857142857,0
0.962962962962963,1.0,1.0,1.0,1
0.9047619047619048,1.0,1.0,1.0,1
0.8918918918918919,1.0,1.0,1.0,1
0.8709677419354839,1.0,1.0,1.0,1
0.9454545454545454,1.0,1.0,1.0,1
0.8666666666666667,1.0,1.0,1.0,1
0.2941176470588235,0.3555555555555555,0.0,0.4761904761904761,0
0.25,0.3132530120481928,0.0,0.25,0
0.9473684210526316,1.0,1.0,1.0,1
0.2592592592592593,0.2535211267605634,0.0,0.14678899082568808,0
0.25806451612903225,0.28888888888888886,0.0,1.0,0
0.923076923076923,1.0,1.0,1.0,1
0.8333333333333335,1.0,1.0,1.0,1
0.25,0.22857142857142854,0.0,0.25,0
0.826086956521739,1.0,1.0,1.0,1
0.7727272727272727,1.0,1.0,1.0,1
0.42622950819672134,0.3076923076923077,0.0,0.20895522388059706,0
0.9523809523809522,1.0,1.0,1.0,1
0.2777777777777778,0.12903225806451613,0.0,0.25,0
0.48888888888888893,0.21359223300970875,0.0,1.0,0
0.68,1.0,1.0,1.0,1
0.3076923076923077,0.33333333333333337,0.0,0.45569620253164556,0
0.32258064516129037,0.4776119402985075,0.0,0.3529411764705882,0
0.3157894736842105,0.3157894736842105,0.0,1.0,0
0.36734693877551017,0.3731343283582089,0.0,1.0,0
0.875,1.0,1.0,1.0,1
0.48484848484848486,0.3407407407407408,0.0,0.3597122302158273,0
0.8095238095238095,1.0,1.0,1.0,1
0.813953488372093,1.0,1.0,1.0,1
0.9696969696969697,1.0,1.0,1.0,1
0.8,1.0,1.0,1.0,1
0.2727272727272727,0.3544303797468354,0.0,0.4444444444444444,0
0.7894736842105263,1.0,1.0,1.0,1
0.84,1.0,1.0,1.0,1
0.23809523809523814,0.27368421052631575,0.0,0.25,0
0.4615384615384615,0.34343434343434337,0.0,0.14814814814814814,0
0.339622641509434,0.3088235294117647,0.0,0.4761904761904761,0
0.33333333333333337,0.2909090909090909,0.0,0.4242424242424242,0
0.8333333333333335,1.0,1.0,1.0,1
0.5365853658536586,0.32499999999999996,0.0,0.4,0
0.3846153846153846,0.33898305084745756,0.0,0.3783783783783784,0
0.84,1.0,1.0,1.0,1
0.24242424242424243,0.2992125984251969,0.0,0.23333333333333328,0
0.27450980392156865,0.24489795918367352,1.0,0.2545454545454545,0
0.2162162162162162,0.3008849557522124,1.0,0.5154639175257731,0
0.7647058823529411,1.0,1.0,1.0,1
0.2702702702702703,0.3733333333333333,1.0,0.4545454545454546,0
0.7777777777777779,1.0,1.0,1.0,1
0.30000000000000004,0.2222222222222222,1.0,0.33333333333333337,0
0.804878048780488,1.0,1.0,1.0,1
0.8076923076923077,1.0,1.0,1.0,1
0.3414634146341463,0.28865979381443296,1.0,0.39473684210526316,0
0.2727272727272727,0.29268292682926833,1.0,0.2264150943396226,0
0.29729729729729726,0.18181818181818177,0.0,0.36923076923076925,0
0.23076923076923073,0.3548387096774194,0.0,0.25,0
0.3157894736842105,0.27522935779816515,1.0,0.14678899082568808,0
0.6923076923076923,1.0,1.0,1.0,1
0.8333333333333335,1.0,1.0,1.0,1
0.8181818181818181,1.0,1.0,1.0,1
0.6666666666666667,1.0,1.0,1.0,1
0.33333333333333337,0.288135593220339,0.0,0.48,0
0.8666666666666667,1.0,1.0,1.0,1
0.3783783783783784,0.28205128205128205,0.0,0.2545454545454545,0
0.9743589743589743,1.0,1.0,1.0,1
0.2962962962962963,0.3703703703703704,0.0,0.3783783783783784,0
0.967741935483871,1.0,1.0,1.0,1
0.8,1.0,1.0,1.0,1
0.3529411764705882,0.23684210526315785,0.0,0.35820895522388063,0
0.9375,1.0,1.0,1.0,1
0.33333333333333337,0.33898305084745756,0.0,0.3597122302158273,0
0.8518518518518519,1.0,1.0,1.0,1
0.2222222222222222,0.35185185185185186,0.0,0.4444444444444444,0
0.7419354838709676,1.0,1.0,1.0,1
0.2068965517241379,0.26190476190476186,0.0,0.35820895522388063,0
0.4375,0.3802816901408451,1.0,0.3597122302158273,0
0.125,0.27692307692307694,0.0,0.25,0
0.875,1.0,1.0,1.0,1
0.375,0.3857142857142857,1.0,0.30508474576271183,0
0.39130434782608686,0.30666666666666664,0.0,0.3492063492063492,0
0.96,1.0,1.0,1.0,1
0.26315789473684215,0.2471910112359551,0.0,0.3214285714285714,0
0.30000000000000004,0.32258064516129037,0.0,0.33333333333333337,0
0.42553191489361697,0.21875,0.0,0.2545454545454545,0
0.3137254901960784,0.30508474576271183,1.0,0.14814814814814814,0
0.826086956521739,1.0,1.0,1.0,1
0.96,1.0,1.0,1.0,1
0.4705882352941176,0.3132530120481928,0.0,0.38095238095238093,0
0.3555555555555555,0.29059829059829057,0.0,1.0,0
0.7727272727272727,1.0,1.0,1.0,1
0.30508474576271183,0.23529411764705888,1.0,0.35820895522388063,0
0.8095238095238095,1.0,1.0,1.0,1
0.8,1.0,1.0,1.0,1
0.46808510638297873,0.17647058823529416,0.0,0.36923076923076925,0
0.5283018867924528,0.34375,0.0,0.45569620253164556,0
0.9714285714285714,1.0,1.0,1.0,1
0.8571428571428572,1.0,1.0,1.0,1
0.36734693877551017,0.21978021978021978,0.0,0.34285714285714286,0
0.3137254901960784,0.4,0.0,1.0,0
0.8333333333333335,1.0,1.0,1.0,1
0.8181818181818181,1.0,1.0,1.0,1
0.34042553191489366,0.32558139534883723,0.0,0.14814814814814814,0
0.9473684210526316,1.0,1.0,1.0,1
0.3157894736842105,0.31999999999999995,0.0,0.14678899082568808,0
0.32432432432432434,0.22857142857142854,0.0,0.14814814814814814,0
0.41025641025641024,0.33333333333333337,0.0,0.33333333333333337,0
0.8367346938775511,1.0,1.0,1.0,1
0.2702702702702703,0.0,0.0,0.2222222222222222,0
0.7333333333333334,1.0,1.0,1.0,1
0.967741935483871,1.0,1.0,1.0,1
0.3157894736842105,0.34545454545454546,0.0,1.0,0
0.972972972972973,1.0,1.0,1.0,1
0.3793103448275862,0.3305785123966942,0.0,0.3214285714285714,0
0.9523809523809522,1.0,1.0,1.0,1
0.7777777777777779,1.0,1.0,1.0,1
0.9696969696969697,1.0,1.0,1.0,1
0.9375,1.0,1.0,1.0,1
0.33333333333333337,0.31818181818181823,0.0,0.3597122302158273,0
0.4666666666666666,0.33333333333333337,0.0,0.43333333333333335,0
0.2978723404255319,0.3653846153846154,1.0,0.3783783783783784,0
0.8648648648648648,1.0,1.0,1.0,1
0.2941176470588235,0.3063063063063063,0.0,0.25,0
0.34782608695652173,0.4545454545454546,0.0,0.45569620253164556,0
0.2702702702702703,0.3448275862068966,0.0,1.0,0
0.19999999999999996,0.26086956521739135,0.0,0.3492063492063492,0
0.32432432432432434,0.33599999999999997,0.0,1.0,0
0.29268292682926833,0.34862385321100914,0.0,0.3597122302158273,0
0.40816326530612246,0.3098591549295775,0.0,1.0,0
0.25,0.2680412371134021,0.0,0.2545454545454545,0
0.8518518518518519,1.0,1.0,1.0,1
0.41025641025641024,0.25,0.0,1.0,0
0.3829787234042554,0.2941176470588235,0.0,1.0,0
0.8461538461538461,1.0,1.0,1.0,1
0.8571428571428572,1.0,1.0,1.0,1
0.29166666666666663,0.19512195121951215,0.0,0.23333333333333328,0
0.20512820512820518,0.2784810126582279,0.0,0.23333333333333328,0
0.8709677419354839,1.0,1.0,1.0,1
0.3157894736842105,0.4339622641509434,0.0,0.48,0
0.4,0.42105263157894735,0.0,1.0,0
0.75,1.0,1.0,1.0,1
0.8333333333333335,1.0,1.0,1.0,1
0.38095238095238093,0.33870967741935487,0.0,0.45569620253164556,0
0.34782608695652173,0.2564102564102564,0.0,0.3589743589743589,0
0.33333333333333337,0.29333333333333333,0.0,0.24242424242424243,0
0.8333333333333335,1.0,1.0,1.0,1
0.27450980392156865,0.3917525773195877,0.0,0.25,0
0.6521739130434783,1.0,1.0,1.0,1
0.3076923076923077,0.38655462184873945,0.0,1.0,0
0.9583333333333335,1.0,1.0,1.0,1
0.7647058823529411,1.0,1.0,1.0,1
0.2666666666666667,0.35185185185185186,0.0,0.3597122302158273,0
0.2909090909090909,0.2909090909090909,0.0,0.2545454545454545,0
0.9523809523809522,1.0,1.0,1.0,1
0.826086956521739,1.0,1.0,1.0,1
0.9767441860465115,1.0,1.0,1.0,1
0.7575757575757575,1.0,1.0,1.0,1
0.7894736842105263,1.0,1.0,1.0,1
0.8684210526315791,1.0,1.0,1.0,1
0.9375,1.0,1.0,1.0,1
0.1875,0.367816091954023,0.0,0.35820895522388063,0
0.2941176470588235,0.29850746268656714,0.0,0.20895522388059706,0
0.9032258064516128,1.0,1.0,1.0,1
0.75,1.0,1.0,1.0,1
0.3939393939393939,0.3829787234042554,0.0,0.31746031746031744,0
0.3783783783783784,0.3157894736842105,0.0,0.23333333333333328,0
0.3846153846153846,0.31404958677685946,0.0,1.0,0
0.9387755102040817,1.0,1.0,1.0,1
0.3448275862068966,0.2857142857142857,0.0,0.3492063492063492,0
0.814814814814815,1.0,1.0,1.0,1
0.2857142857142857,0.25263157894736843,0.0,0.36363636363636365,0
0.7142857142857143,1.0,1.0,1.0,1
0.4,0.2947368421052632,0.0,0.14814814814814814,0
0.7,0.29702970297029707,0.0,1.0,0
0.6,1.0,1.0,1.0,1
0.8,1.0,1.0,1.0,1
0.35,0.32558139534883723,0.0,0.3597122302158273,0
0.5769230769230769,0.2564102564102564,1.0,0.5154639175257731,0
0.9696969696969697,1.0,1.0,1.0,1
0.9523809523809522,1.0,1.0,1.0,1
0.3448275862068966,0.37623762376237624,0.0,0.3597122302158273,0
0.38888888888888884,0.3157894736842105,1.0,1.0,0
0.4444444444444444,0.2894736842105263,0.0,0.24137931034482762,0
0.31818181818181823,0.1875,0.0,0.35820895522388063,0
0.2941176470588235,0.4,0.0,0.45569620253164556,0
0.8709677419354839,1.0,1.0,1.0,1
0.4285714285714286,0.2432432432432432,0.0,0.14678899082568808,0
0.7142857142857143,1.0,1.0,1.0,1
0.9298245614035088,1.0,1.0,1.0,1
0.3137254901960784,0.25806451612903225,0.0,0.25,0
0.31999999999999995,0.26086956521739135,1.0,0.14678899082568808,0
0.2222222222222222,0.31999999999999995,0.0,0.48,0
0.3157894736842105,0.27350427350427353,1.0,1.0,0
0.2162162162162162,0.2777777777777778,0.0,0.3597122302158273,0
0.4,0.28301886792452835,0.0,0.25,0
0.3414634146341463,0.2857142857142857,0.0,0.24137931034482762,0
0.30000000000000004,0.2784810126582279,0.0,1.0,0
0.339622641509434,0.3513513513513513,0.0,0.23076923076923073,0
0.8918918918918919,1.0,1.0,1.0,1
0.6923076923076923,1.0,1.0,1.0,1
0.38888888888888884,0.31707317073170727,1.0,1.0,0
0.8333333333333335,1.0,1.0,1.0,1
0.33333333333333337,0.3516483516483516,0.0,0.25,0
0.962962962962963,1.0,1.0,1.0,1
0.41860465116279066,0.2857142857142857,1.0,1.0,0
0.7916666666666665,1.0,1.0,1.0,1
0.8,1.0,1.0,1.0,1
0.4285714285714286,0.30508474576271183,0.0,0.36923076923076925,0
0.45614035087719296,0.303030303030303,0.0,1.0,0
0.7727272727272727,1.0,1.0,1.0,1
0.9361702127659575,1.0,1.0,1.0,1
0.26315789473684215,0.1568627450980392,0.0,0.5154639175257731,0
0.8461538461538461,1.0,1.0,1.0,1
0.34615384615384615,0.25531914893617025,1.0,0.25,0
0.34285714285714286,0.2784810126582279,0.0,1.0,0
0.36,0.27586206896551724,0.0,0.3597122302158273,0
0.27586206896551724,0.31034482758620685,1.0,0.3597122302158273,0
0.368421052631579,0.4042553191489362,0.0,1.0,0
0.9189189189189189,1.0,1.0,1.0,1
0.7333333333333334,1.0,1.0,1.0,1
0.5357142857142857,0.3111111111111111,0.0,1.0,0
0.2666666666666667,0.2857142857142857,0.0,0.3597122302158273,0
0.75,1.0,1.0,1.0,1
0.18181818181818177,0.36363636363636365,0.0,0.4444444444444444,0
0.375,0.39682539682539686,0.0,0.25,0
0.7777777777777779,1.0,1.0,1.0,1
0.7894736842105263,1.0,1.0,1.0,1
0.826086956521739,1.0,1.0,1.0,1
0.3076923076923077,0.37777777777777777,0.0,0.31746031746031744,0
0.826086956521739,1.0,1.0,1.0,1
0.30188679245283023,0.2716049382716049,0.0,0.25,0
0.2295081967213115,0.46896551724137936,0.0,0.35820895522388063,0
0.368421052631579,0.32520325203252026,0.0,0.48,0
0.4117647058823529,0.07894736842105265,1.0,0.41333333333333333,0
0.8518518518518519,1.0,1.0,1.0,1
0.31999999999999995,0.2857142857142857,1.0,0.3597122302158273,0
0.7894736842105263,1.0,1.0,1.0,1
0.3589743589743589,0.27184466019417475,0.0,0.45569620253164556,0
0.8461538461538461,1.0,1.0,1.0,1
0.25,0.2857142857142857,0.0,0.20895522388059706,0
0.8518518518518519,1.0,1.0,1.0,1
0.8275862068965517,1.0,1.0,1.0,1
0.3902439024390244,0.3089430894308943,1.0,0.5154639175257731,0
0.875,1.0,1.0,1.0,1
0.8913043478260869,1.0,1.0,1.0,1
0.8367346938775511,0.0,1.0,1.0,1
0.68,1.0,1.0,1.0,1
0.84,1.0,1.0,1.0,1
0.38095238095238093,0.33333333333333337,0.0,0.4666666666666666,0
0.22857142857142854,0.4871794871794872,1.0,0.25,0
0.782608695652174,1.0,1.0,1.0,1
0.3703703703703704,0.2816901408450704,0.0,0.25,0
0.8214285714285714,1.0,1.0,1.0,1
0.3157894736842105,0.3448275862068966,0.0,1.0,0
0.8076923076923077,0.0,1.0,1.0,1
0.40909090909090906,0.3589743589743589,0.0,0.31746031746031744,0
0.3157894736842105,0.4,0.0,0.25,0
0.3529411764705882,0.313953488372093,0.0,0.48,0
0.3529411764705882,0.2650602409638554,0.0,0.2857142857142857,0
0.9583333333333335,1.0,1.0,1.0,1
0.32432432432432434,0.30000000000000004,0.0,0.14814814814814814,0
0.814814814814815,1.0,1.0,1.0,1
0.6190476190476191,1.0,1.0,1.0,1
0.7894736842105263,1.0,1.0,1.0,1
0.7647058823529411,1.0,1.0,1.0,1
0.8214285714285714,1.0,1.0,1.0,1
0.967741935483871,1.0,1.0,1.0,1
0.9615384615384616,1.0,1.0,1.0,1
0.8214285714285714,1.0,1.0,1.0,1
0.8076923076923077,1.0,1.0,1.0,1
0.27586206896551724,0.3577235772357723,1.0,0.14814814814814814,0
0.29032258064516125,0.326530612244898,1.0,1.0,0
0.19354838709677424,0.2777777777777778,1.0,1.0,0
0.7575757575757575,1.0,1.0,1.0,1
0.4444444444444444,0.33333333333333337,1.0,0.4761904761904761,0
0.36363636363636365,0.3142857142857143,0.0,1.0,0
0.8,1.0,1.0,1.0,1
0.19999999999999996,0.27956989247311825,0.0,1.0,0
0.4,0.3764705882352941,0.0,1.0,0
0.4,0.303030303030303,0.0,0.5154639175257731,0
0.878048780487805,1.0,1.0,1.0,1
0.8095238095238095,1.0,1.0,1.0,1
0.25,0.24637681159420288,1.0,0.2545454545454545,0
0.4736842105263158,0.3584905660377359,0.0,0.20895522388059706,0
0.7894736842105263,1.0,1.0,1.0,1
0.2857142857142857,0.2650602409638554,0.0,0.3529411764705882,0
0.25531914893617025,0.32835820895522383,0.0,0.14678899082568808,0
0.2790697674418605,0.2857142857142857,0.0,0.2545454545454545,0
0.9696969696969697,1.0,1.0,1.0,1
0.37209302325581395,0.2666666666666667,0.0,0.25,0
0.40816326530612246,0.31081081081081086,0.0,0.3597122302158273,0
0.19444444444444442,0.2857142857142857,0.0,0.24137931034482762,0
0.28,0.25531914893617025,0.0,0.24242424242424243,0
0.2702702702702703,0.2564102564102564,0.0,0.23333333333333328,0
0.2790697674418605,0.2571428571428571,0.0,0.5154639175257731,0
0.7575757575757575,1.0,1.0,1.0,1
0.75,1.0,1.0,1.0,1
0.28,0.2666666666666667,0.0,0.14678899082568808,0
0.7894736842105263,1.0,1.0,1.0,1
0.7894736842105263,1.0,1.0,1.0,1
0.9565217391304348,1.0,1.0,1.0,1
0.33333333333333337,0.27692307692307694,0.0,0.23333333333333328,0
0.9615384615384616,1.0,1.0,1.0,1
0.27586206896551724,0.3577235772357723,0.0,0.35820895522388063,0
0.25,0.29032258064516125,0.0,0.14678899082568808,0
0.2222222222222222,0.2465753424657534,0.0,0.3597122302158273,0
0.32258064516129037,0.29059829059829057,0.0,1.0,0
0.3137254901960784,0.4545454545454546,0.0,0.25,0
0.33333333333333337,0.2222222222222222,0.0,0.4545454545454546,0
0.9387755102040817,1.0,1.0,1.0,1
0.75,1.0,1.0,1.0,1
0.2666666666666667,0.3362831858407079,0.0,0.25,0
0.8076923076923077,1.0,1.0,1.0,1
0.3111111111111111,0.24561403508771928,0.0,0.3597122302158273,0
0.2941176470588235,0.3232323232323232,0.0,0.3597122302158273,0
0.8666666666666667,1.0,1.0,1.0,1
0.2941176470588235,0.3106796116504854,0.0,0.41333333333333333,0
0.30000000000000004,0.303030303030303,0.0,0.4545454545454546,0
0.3111111111111111,0.22857142857142854,0.0,1.0,0
0.9142857142857143,1.0,1.0,1.0,1
0.5185185185185186,0.3448275862068966,0.0,0.4,0
0.4,0.27118644067796616,0.0,0.25,0
0.5789473684210527,1.0,1.0,1.0,1
0.813953488372093,1.0,1.0,1.0,1
0.8888888888888888,1.0,1.0,1.0,1
0.3939393939393939,0.2692307692307693,0.0,0.31746031746031744,0
0.3492063492063492,0.196078431372549,0.0,0.36363636363636365,0
0.7777777777777779,1.0,1.0,1.0,1
0.84,1.0,1.0,1.0,1
0.8620689655172413,1.0,1.0,1.0,1
0.967741935483871,1.0,1.0,1.0,1
0.4,0.3414634146341463,0.0,0.25,0
0.3902439024390244,0.29166666666666663,0.0,0.33333333333333337,0
0.7619047619047619,1.0,1.0,1.0,1
0.42105263157894735,0.3305785123966942,0.0,1.0,0
0.7916666666666665,1.0,1.0,1.0,1
0.24,0.33333333333333337,1.0,0.48,0
0.7777777777777779,1.0,1.0,1.0,1
0.5306122448979591,0.33333333333333337,0.0,1.0,0
0.23255813953488372,0.36363636363636365,0.0,0.20895522388059706,0
0.9411764705882352,1.0,1.0,1.0,1
0.7037037037037037,1.0,1.0,1.0,1
0.3829787234042554,0.29565217391304344,1.0,0.36923076923076925,0
0.42553191489361697,0.3076923076923077,0.0,1.0,0
0.8095238095238095,1.0,1.0,1.0,1
0.962962962962963,1.0,1.0,1.0,1
0.33333333333333337,0.0,0.0,0.25,0
0.7333333333333334,1.0,1.0,1.0,1
0.8,1.0,1.0,1.0,1
0.826086956521739,1.0,1.0,1.0,1
0.8181818181818181,1.0,1.0,1.0,1
0.33333333333333337,0.2545454545454545,0.0,0.25,0
0.32432432432432434,0.3669724770642202,0.0,0.34285714285714286,0
0.75,1.0,1.0,1.0,1
0.962962962962963,1.0,1.0,1.0,1
0.8571428571428572,1.0,1.0,1.0,1
0.18867924528301885,0.1707317073170732,0.0,0.24137931034482762,0
0.30000000000000004,0.29032258064516125,1.0,0.25,0
0.7647058823529411,1.0,1.0,1.0,1
0.8,0.0,1.0,1.0,1
0.7241379310344827,1.0,1.0,1.0,1
0.4736842105263158,0.23255813953488372,0.0,0.2857142857142857,0
0.8333333333333335,1.0,1.0,1.0,1
0.923076923076923,1.0,1.0,1.0,1
0.27586206896551724,0.28985507246376807,0.0,0.288135593220339,0
0.29508196721311475,0.26086956521739135,0.0,0.23333333333333328,0
0.814814814814815,1.0,1.0,1.0,1
0.33333333333333337,0.2807017543859649,0.0,0.288135593220339,0
0.19999999999999996,0.28985507246376807,0.0,0.33333333333333337,0
0.19512195121951215,0.3529411764705882,0.0,0.3783783783783784,0
0.23255813953488372,0.2941176470588235,0.0,1.0,0
0.75,1.0,1.0,1.0,1
0.3125,0.2191780821917808,0.0,0.35820895522388063,0
0.9615384615384616,1.0,1.0,1.0,1
0.8648648648648648,1.0,1.0,1.0,1
0.34042553191489366,0.339622641509434,0.0,0.3597122302158273,0
0.7419354838709676,1.0,1.0,1.0,1
0.3157894736842105,0.30434782608695654,0.0,0.33333333333333337,0
0.2162162162162162,0.25,0.0,0.2545454545454545,0
0.2666666666666667,0.4195804195804196,0.0,0.14814814814814814,0
0.782608695652174,1.0,1.0,1.0,1
0.3555555555555555,0.3142857142857143,0.0,0.25,0
0.8095238095238095,1.0,1.0,1.0,1
0.32258064516129037,0.36363636363636365,0.0,0.14678899082568808,0
0.7894736842105263,1.0,1.0,1.0,1
0.31746031746031744,0.22499999999999998,0.0,0.2264150943396226,0
0.962962962962963,1.0,1.0,1.0,1
0.7272727272727273,0.4285714285714286,0.0,0.2545454545454545,0
0.7727272727272727,1.0,1.0,1.0,1
0.9565217391304348,1.0,1.0,1.0,1
0.9577464788732395,1.0,1.0,1.0,1
0.972972972972973,1.0,1.0,1.0,1
0.34782608695652173,0.3589743589743589,0.0,0.14678899082568808,0
0.35,0.496124031007752,0.0,1.0,0
0.8095238095238095,1.0,1.0,1.0,1
0.8095238095238095,1.0,1.0,1.0,1
0.25806451612903225,0.31999999999999995,0.0,0.25,0
0.8214285714285714,1.0,1.0,1.0,1
0.95,1.0,1.0,1.0,1
0.8529411764705883,1.0,1.0,1.0,1
0.27586206896551724,0.26086956521739135,0.0,0.2545454545454545,0
0.826086956521739,1.0,1.0,1.0,1
0.962962962962963,1.0,1.0,1.0,1
0.16666666666666663,0.3013698630136986,0.0,0.31746031746031744,0
0.36363636363636365,0.3076923076923077,0.0,0.48,0
0.26086956521739135,0.09230769230769231,0.0,0.36363636363636365,0
0.4,0.3571428571428571,1.0,0.45569620253164556,0
0.8181818181818181,1.0,1.0,1.0,1
0.2978723404255319,0.3789473684210526,0.0,0.25,0
0.3076923076923077,0.2857142857142857,0.0,0.14678899082568808,0
0.8333333333333335,1.0,1.0,1.0,1
0.9696969696969697,1.0,1.0,1.0,1
0.24390243902439024,0.4,0.0,0.35820895522388063,0
0.8518518518518519,1.0,1.0,1.0,1
0.2962962962962963,0.2784810126582279,0.0,0.3597122302158273,0
0.962962962962963,1.0,1.0,1.0,1
0.7894736842105263,1.0,1.0,1.0,1
0.9767441860465115,1.0,1.0,1.0,1
0.9743589743589743,1.0,1.0,1.0,1
0.8709677419354839,1.0,1.0,1.0,1
0.25,0.34782608695652173,1.0,0.43333333333333335,0
0.34285714285714286,0.26415094339622647,0.0,0.45569620253164556,0
0.39130434782608686,0.3414634146341463,0.0,0.14678899082568808,0
0.9714285714285714,1.0,1.0,1.0,1
0.8611111111111112,1.0,1.0,1.0,1
0.2941176470588235,0.24489795918367352,0.0,0.3597122302158273,0
0.8620689655172413,1.0,1.0,1.0,1
0.38596491228070173,0.3717948717948718,0.0,1.0,0
0.5660377358490566,0.1298701298701299,0.0,1.0,0
0.9642857142857143,1.0,1.0,1.0,1
0.9615384615384616,1.0,1.0,1.0,1
0.41025641025641024,0.2622950819672131,0.0,1.0,0
0.84,1.0,1.0,1.0,1
0.24242424242424243,0.4285714285714286,0.0,0.25,0
0.303030303030303,0.33333333333333337,0.0,1.0,0
0.27118644067796616,0.345679012345679,0.0,0.3597122302158273,0
0.24489795918367352,0.34951456310679613,0.0,0.3597122302158273,0
0.7241379310344827,1.0,1.0,1.0,1
0.8333333333333335,1.0,1.0,1.0,1
0.34375,0.34951456310679613,0.0,0.2545454545454545,0
0.8235294117647058,0.17391304347826086,1.0,0.14678899082568808,0
0.34285714285714286,0.3577235772357723,0.0,1.0,0
0.3666666666666667,0.3544303797468354,0.0,0.41666666666666663,0
0.96,1.0,1.0,1.0,1
0.8214285714285714,1.0,1.0,1.0,1
0.32258064516129037,0.30379746835443033,0.0,1.0,0
0.75,1.0,1.0,1.0,1
0.2272727272727273,0.18518518518518523,0.0,0.4,0
0.896551724137931,1.0,1.0,1.0,1
0.3157894736842105,0.30434782608695654,0.0,0.41666666666666663,0
0.303030303030303,0.23529411764705888,0.0,0.2545454545454545,0
0.326530612244898,0.34,0.0,0.36923076923076925,0
0.3414634146341463,0.26865671641791045,0.0,0.25,0
0.2941176470588235,0.36170212765957444,0.0,0.3597122302158273,0
0.30000000000000004,0.3089430894308943,0.0,0.25,0
0.3703703703703704,0.3278688524590164,0.0,0.3597122302158273,0
0.9473684210526316,1.0,1.0,1.0,1
0.29268292682926833,0.29268292682926833,0.0,0.25,0
0.42307692307692313,0.4,0.0,0.25,0
0.2807017543859649,0.2597402597402597,0.0,0.4675324675324676,0
0.36363636363636365,0.34042553191489366,1.0,0.5154639175257731,0
0.3661971830985915,0.30434782608695654,0.0,0.14814814814814814,0
0.4444444444444444,0.3653846153846154,1.0,0.25,0
0.9411764705882352,1.0,1.0,1.0,1
0.4117647058823529,0.3076923076923077,0.0,0.41333333333333333,0
0.2962962962962963,0.32835820895522383,1.0,0.23333333333333328,0
0.3870967741935484,0.26190476190476186,0.0,0.25,0
0.2909090909090909,0.32258064516129037,0.0,1.0,0
0.7727272727272727,1.0,1.0,1.0,1
0.95,1.0,1.0,1.0,1
0.9166666666666665,1.0,1.0,1.0,1
0.9583333333333335,1.0,1.0,1.0,1
0.8,1.0,1.0,1.0,1
0.8666666666666667,1.0,1.0,1.0,1
0.1875,0.29702970297029707,0.0,0.45569620253164556,0
0.3555555555555555,0.32592592592592595,0.0,0.2857142857142857,0
0.33333333333333337,0.303030303030303,0.0,1.0,0
0.5555555555555556,1.0,1.0,1.0,1
0.417910447761194,0.28915662650602414,0.0,0.25,0
0.14035087719298245,0.2909090909090909,0.0,1.0,0
0.8181818181818181,1.0,1.0,1.0,1
0.31818181818181823,0.3296703296703297,0.0,0.36363636363636365,0
0.9047619047619048,1.0,1.0,1.0,1
0.37735849056603776,0.3928571428571429,0.0,0.2545454545454545,0
0.37209302325581395,0.272,0.0,0.45569620253164556,0
0.33333333333333337,0.20512820512820518,0.0,0.31746031746031744,0
0.2222222222222222,0.2947368421052632,0.0,0.20895522388059706,0
0.9714285714285714,1.0,1.0,1.0,1
0.26415094339622647,0.3076923076923077,0.0,0.25,0
0.33333333333333337,0.30508474576271183,1.0,0.3597122302158273,0
0.9655172413793103,1.0,1.0,1.0,1
0.814814814814815,1.0,1.0,1.0,1
0.8620689655172413,1.0,1.0,1.0,1
0.9473684210526316,1.0,1.0,1.0,1
0.18181818181818177,0.30434782608695654,1.0,0.2545454545454545,0
0.967741935483871,1.0,1.0,1.0,1
0.8461538461538461,1.0,1.0,1.0,1
0.68,1.0,1.0,1.0,1
0.8333333333333335,1.0,1.0,1.0,1
0.923076923076923,1.0,1.0,1.0,1
0.8214285714285714,1.0,1.0,1.0,1
0.2727272727272727,0.38888888888888884,0.0,0.288135593220339,0
0.32558139534883723,0.33333333333333337,0.0,0.25,0
0.7714285714285716,1.0,1.0,1.0,1
0.9523809523809522,1.0,1.0,1.0,1
0.9714285714285714,1.0,1.0,1.0,1
0.20512820512820518,0.276595744680851,0.0,0.4,0
0.7916666666666665,1.0,1.0,1.0,1
0.27586206896551724,0.14035087719298245,0.0,1.0,0
0.7647058823529411,1.0,1.0,1.0,1
0.2702702702702703,0.18181818181818177,0.0,0.2545454545454545,0
0.33333333333333337,0.0,1.0,0.36923076923076925,0
0.32258064516129037,0.32380952380952377,0.0,0.34782608695652173,0
0.8823529411764706,1.0,1.0,1.0,1
0.9655172413793103,1.0,1.0,1.0,1
0.368421052631579,0.36585365853658536,0.0,1.0,0
0.814814814814815,1.0,1.0,1.0,1
0.32432432432432434,0.326530612244898,0.0,0.25,0
0.4705882352941176,0.2564102564102564,0.0,0.36923076923076925,0
0.962962962962963,1.0,1.0,1.0,1
0.9523809523809522,1.0,1.0,1.0,1
0.2962962962962963,0.368,0.0,0.2545454545454545,0
0.34782608695652173,0.29268292682926833,0.0,0.25,0
0.8,1.0,1.0,1.0,1
0.48571428571428577,0.33684210526315794,0.0,1.0,0
0.9090909090909091,1.0,1.0,1.0,1
0.2857142857142857,0.29702970297029707,0.0,0.2545454545454545,0
0.9545454545454546,1.0,1.0,1.0,1
0.36734693877551017,0.39583333333333337,0.0,0.2545454545454545,0
0.7647058823529411,1.0,1.0,1.0,1
0.8333333333333335,1.0,1.0,1.0,1
0.29166666666666663,0.33644859813084116,0.0,1.0,0
0.5294117647058824,1.0,1.0,1.0,1
0.967741935483871,1.0,1.0,1.0,1
0.2941176470588235,0.3157894736842105,0.0,0.42666666666666664,0
0.9714285714285714,1.0,1.0,1.0,1
0.41025641025641024,0.34615384615384615,0.0,0.3597122302158273,0
0.75,1.0,1.0,1.0,1
0.8,1.0,1.0,1.0,1
0.32258064516129037,0.303030303030303,0.0,0.20895522388059706,0
0.37209302325581395,0.35820895522388063,0.0,1.0,0
0.9696969696969697,1.0,1.0,1.0,1
0.48888888888888893,0.3013698630136986,0.0,1.0,0
0.9696969696969697,1.0,1.0,1.0,1
0.6521739130434783,1.0,1.0,1.0,1
0.26086956521739135,0.31034482758620685,0.0,0.20895522388059706,0
0.736842105263158,1.0,1.0,1.0,1
0.9285714285714286,1.0,1.0,1.0,1
0.2790697674418605,0.4,1.0,0.3941605839416058,0
0.5517241379310345,0.2857142857142857,0.0,0.3941605839416058,0
0.7647058823529411,1.0,1.0,1.0,1
0.35,0.2941176470588235,0.0,0.3597122302158273,0
0.31818181818181823,0.2429906542056075,0.0,1.0,0
0.33333333333333337,0.4074074074074075,0.0,0.4444444444444444,0
0.27118644067796616,0.27826086956521734,0.0,0.36363636363636365,0
0.34285714285714286,0.3655913978494624,1.0,0.2068965517241379,0
0.6923076923076923,1.0,1.0,1.0,1
0.3125,0.3106796116504854,1.0,0.35820895522388063,0
0.8666666666666667,1.0,1.0,1.0,1
0.6190476190476191,1.0,1.0,1.0,1
0.96,1.0,1.0,1.0,1
0.41379310344827597,0.36363636363636365,1.0,0.36923076923076925,0
0.7037037037037037,1.0,1.0,1.0,1
0.4363636363636364,0.3262411347517731,0.0,0.38095238095238093,0
0.8095238095238095,1.0,1.0,1.0,1
0.3846153846153846,0.37209302325581395,1.0,0.2545454545454545,0
0.9655172413793103,1.0,1.0,1.0,1
0.84,1.0,1.0,1.0,1
0.9743589743589743,1.0,1.0,1.0,1
0.25,0.29357798165137616,1.0,0.2068965517241379,0
0.84,1.0,1.0,1.0,1
0.37209302325581395,0.384,1.0,0.3597122302158273,0
0.9375,1.0,1.0,1.0,1
0.875,1.0,1.0,1.0,1
0.2222222222222222,0.3661971830985915,0.0,0.48,0
0.303030303030303,0.2692307692307693,0.0,1.0,0
0.2222222222222222,0.34042553191489366,0.0,0.3783783783783784,0
0.4390243902439024,0.29059829059829057,0.0,0.25,0
0.8461538461538461,1.0,1.0,1.0,1
0.26315789473684215,0.3620689655172413,0.0,0.41333333333333333,0
0.3529411764705882,0.33009708737864074,0.0,0.33333333333333337,0
0.3157894736842105,0.28,0.0,1.0,0
0.8571428571428572,0.0,1.0,1.0,1
0.9508196721311475,1.0,1.0,1.0,1
0.826086956521739,1.0,1.0,1.0,1
0.9696969696969697,1.0,1.0,1.0,1
0.84375,1.0,1.0,1.0,1
0.2857142857142857,0.36,0.0,0.3597122302158273,0
0.8490566037735848,1.0,1.0,1.0,1
0.4375,0.38235294117647056,0.0,1.0,0
0.26086956521739135,0.27826086956521734,0.0,0.14678899082568808,0
0.9285714285714286,1.0,1.0,1.0,1
0.8571428571428572,1.0,1.0,1.0,1
0.7619047619047619,1.0,1.0,1.0,1
0.7241379310344827,1.0,1.0,1.0,1
0.39130434782608686,0.3648648648648649,0.0,0.3597122302158273,0
0.8571428571428572,1.0,1.0,1.0,1
0.23529411764705888,0.3414634146341463,1.0,1.0,0
0.326530612244898,0.3471074380165289,0.0,0.3941605839416058,0
0.31034482758620685,0.34782608695652173,0.0,0.48,0
0.9387755102040817,1.0,1.0,1.0,1
0.9473684210526316,1.0,1.0,1.0,1
0.75,1.0,1.0,1.0,1
0.95,1.0,1.0,1.0,1
0.6,1.0,1.0,1.0,1
0.32558139534883723,0.33333333333333337,0.0,0.4074074074074075,0
0.3571428571428571,0.2777777777777778,0.0,0.48,0
0.2702702702702703,0.2857142857142857,0.0,1.0,0
0.3076923076923077,0.29032258064516125,0.0,0.4545454545454546,0
0.27586206896551724,0.3448275862068966,0.0,0.25,0
0.33333333333333337,0.20895522388059706,0.0,0.3597122302158273,0
0.8648648648648648,1.0,1.0,1.0,1
0.26086956521739135,0.2666666666666667,0.0,1.0,0
0.20512820512820518,0.15555555555555556,0.0,0.25,0
0.23076923076923073,0.2465753424657534,0.0,0.41379310344827597,0
0.25,0.15189873417721522,0.0,1.0,0
0.8918918918918919,1.0,1.0,1.0,1
0.33333333333333337,0.3007518796992481,0.0,0.25,0
0.6875,1.0,1.0,1.0,1
0.8518518518518519,1.0,1.0,1.0,1
0.8333333333333335,1.0,1.0,1.0,1
0.96,1.0,1.0,1.0,1
0.8095238095238095,1.0,1.0,1.0,1
0.826086956521739,1.0,1.0,1.0,1
0.2222222222222222,0.35151515151515156,1.0,0.2264150943396226,0
0.9615384615384616,1.0,1.0,1.0,1
0.2978723404255319,0.27692307692307694,0.0,0.41666666666666663,0
0.9615384615384616,1.0,1.0,1.0,1
0.7333333333333334,1.0,1.0,1.0,1
0.303030303030303,0.2650602409638554,0.0,1.0,0
0.9454545454545454,1.0,1.0,1.0,1
0.29268292682926833,0.24489795918367352,0.0,0.24242424242424243,0
0.25,0.31746031746031744,0.0,0.45569620253164556,0
0.25,0.33644859813084116,0.0,0.25,0
0.3589743589743589,0.35416666666666663,0.0,0.4,0
0.9714285714285714,1.0,1.0,1.0,1
0.19999999999999996,0.32432432432432434,0.0,0.25,0
0.2857142857142857,0.23529411764705888,0.0,0.25,0
0.972972972972973,1.0,1.0,1.0,1
0.2777777777777778,0.34782608695652173,0.0,0.25,0
0.6363636363636364,0.4285714285714286,1.0,0.2545454545454545,0
0.8717948717948718,1.0,1.0,1.0,1
0.2978723404255319,0.2571428571428571,0.0,0.3597122302158273,0
0.2962962962962963,0.33333333333333337,0.0,1.0,0
0.25,0.32727272727272727,0.0,1.0,0
0.3125,0.3106796116504854,0.0,0.25,0
0.6923076923076923,1.0,1.0,1.0,1
0.8518518518518519,1.0,1.0,1.0,1
0.9142857142857143,1.0,1.0,1.0,1
0.4482758620689655,0.29729729729729726,0.0,0.2545454545454545,0
0.75,1.0,1.0,1.0,1
0.7037037037037037,1.0,1.0,1.0,1
0.7333333333333334,1.0,1.0,1.0,1
0.8461538461538461,1.0,1.0,1.0,1
0.19999999999999996,0.34090909090909094,0.0,0.25,0
0.84,1.0,1.0,1.0,1
0.9333333333333332,1.0,1.0,1.0,1
0.9444444444444444,0.0,1.0,1.0,1
0.2222222222222222,0.28037383177570097,1.0,0.25,0
0.26315789473684215,0.303030303030303,0.0,0.25,0
0.8666666666666667,1.0,1.0,1.0,1
0.37735849056603776,0.26865671641791045,0.0,0.25,0
0.3448275862068966,0.35051546391752575,0.0,1.0,0
0.826086956521739,1.0,1.0,1.0,1
0.2777777777777778,0.38095238095238093,1.0,1.0,0
0.9743589743589743,1.0,1.0,1.0,1
0.36363636363636365,0.3423423423423423,0.0,0.2941176470588235,0
0.2222222222222222,0.43373493975903604,0.0,0.24137931034482762,0
0.7419354838709676,1.0,1.0,1.0,1
0.96,1.0,1.0,1.0,1
0.33333333333333337,0.345679012345679,0.0,0.2222222222222222,0
0.2666666666666667,0.23188405797101452,0.0,0.43333333333333335,0
0.33333333333333337,0.2622950819672131,0.0,0.25,0
0.32727272727272727,0.29166666666666663,0.0,0.25,0
0.8095238095238095,1.0,1.0,1.0,1
0.68,1.0,1.0,1.0,1
0.8,1.0,1.0,1.0,1
0.33333333333333337,0.32499999999999996,0.0,0.2545454545454545,0
0.30434782608695654,0.3853211009174312,0.0,1.0,0
0.34285714285714286,0.379746835443038,0.0,0.14814814814814814,0
0.3529411764705882,0.3111111111111111,0.0,0.41333333333333333,0
0.06896551724137934,0.273972602739726,0.0,0.25,0
0.23529411764705888,0.27826086956521734,0.0,0.33333333333333337,0
0.75,1.0,1.0,1.0,1
0.9189189189189189,1.0,1.0,1.0,1
0.2222222222222222,0.375,0.0,0.25,0
0.9655172413793103,1.0,1.0,1.0,1
0.4285714285714286,0.2857142857142857,0.0,1.0,0
0.972972972972973,1.0,1.0,1.0,1
0.923076923076923,1.0,1.0,1.0,1
0.7333333333333334,1.0,1.0,1.0,1
0.3829787234042554,0.31707317073170727,0.0,0.4666666666666666,0
0.3529411764705882,0.34210526315789463,0.0,1.0,0
0.17647058823529416,0.30645161290322576,0.0,1.0,0
0.7222222222222221,1.0,1.0,1.0,1
0.2162162162162162,0.17910447761194026,0.0,0.25,0
0.8214285714285714,1.0,1.0,1.0,1
0.8181818181818181,1.0,1.0,1.0,1
0.84,1.0,1.0,1.0,1
0.32432432432432434,0.3370786516853933,0.0,0.3783783783783784,0
0.96,1.0,1.0,1.0,1
0.20512820512820518,0.29729729729729726,1.0,0.3783783783783784,0
0.23809523809523814,0.3448275862068966,0.0,0.23076923076923073,0
0.8076923076923077,1.0,1.0,1.0,1
0.37209302325581395,0.25316455696202533,0.0,0.25,0
0.4,0.29850746268656714,0.0,0.2264150943396226,0
0.9565217391304348,1.0,1.0,1.0,1
0.326530612244898,0.3768115942028986,0.0,0.14814814814814814,0
0.8620689655172413,1.0,1.0,1.0,1
0.29268292682926833,0.2588235294117647,0.0,1.0,0
0.7142857142857143,1.0,1.0,1.0,1
0.8857142857142857,1.0,1.0,1.0,1
0.736842105263158,1.0,1.0,1.0,1
0.736842105263158,1.0,1.0,1.0,1
0.3157894736842105,0.2857142857142857,0.0,1.0,0
0.8518518518518519,1.0,1.0,1.0,1
0.4,0.28865979381443296,0.0,0.25,0
0.35820895522388063,0.3896103896103897,0.0,0.22857142857142854,0
0.6923076923076923,1.0,1.0,1.0,1
0.21052631578947367,0.1473684210526316,0.0,0.25,0
0.7037037037037037,1.0,1.0,1.0,1
0.2702702702702703,0.2857142857142857,0.0,0.25,0
0.19047619047619047,0.34,0.0,0.2857142857142857,0
0.375,0.42105263157894735,0.0,0.33333333333333337,0
0.7142857142857143,1.0,1.0,1.0,1
0.8333333333333335,1.0,1.0,1.0,1
0.42307692307692313,0.24390243902439024,0.0,0.25,0
0.34285714285714286,0.3218390804597702,0.0,0.25,0
0.96,1.0,1.0,1.0,1
0.7222222222222221,1.0,1.0,1.0,1
0.8,1.0,1.0,1.0,1
0.34285714285714286,0.20588235294117652,0.0,0.34285714285714286,0
0.30434782608695654,0.33333333333333337,0.0,1.0,0
0.5,0.3220338983050848,0.0,0.48,0
0.7647058823529411,1.0,1.0,1.0,1
0.8620689655172413,1.0,1.0,1.0,1
0.33333333333333337,0.3220338983050848,1.0,0.2222222222222222,0
0.41379310344827597,0.34883720930232553,0.0,1.0,0
0.43478260869565216,0.4297520661157025,0.0,0.45569620253164556,0
0.3111111111111111,0.36923076923076925,0.0,1.0,0
0.3448275862068966,0.3577235772357723,0.0,0.3597122302158273,0
0.3783783783783784,0.4065040650406504,1.0,1.0,0
0.2857142857142857,0.16216216216216217,0.0,0.36363636363636365,0
0.9210526315789473,1.0,1.0,1.0,1
0.3125,0.32835820895522383,0.0,1.0,0
0.7419354838709676,1.0,1.0,1.0,1
0.4117647058823529,0.37362637362637363,0.0,0.2545454545454545,0
0.9523809523809522,1.0,1.0,1.0,1
0.7058823529411764,1.0,1.0,1.0,1
0.8857142857142857,1.0,1.0,1.0,1
0.8571428571428572,1.0,1.0,1.0,1
0.8709677419354839,1.0,1.0,1.0,1
0.7916666666666665,1.0,1.0,1.0,1
0.34042553191489366,0.24242424242424243,0.0,1.0,0
0.9444444444444444,1.0,1.0,1.0,1
0.26315789473684215,0.3023255813953488,0.0,0.3783783783783784,0
0.22857142857142854,0.32558139534883723,0.0,1.0,0
0.4444444444444444,0.36363636363636365,0.0,1.0,0
0.7916666666666665,1.0,1.0,1.0,1
0.8717948717948718,1.0,1.0,1.0,1
0.8620689655172413,1.0,1.0,1.0,1
0.7647058823529411,1.0,1.0,1.0,1
0.368421052631579,0.2816901408450704,0.0,0.3597122302158273,0
0.3157894736842105,0.38383838383838387,0.0,0.2545454545454545,0
0.96,1.0,1.0,1.0,1
0.7333333333333334,1.0,1.0,1.0,1
0.43137254901960786,0.3278688524590164,0.0,0.4,0
0.8222222222222222,1.0,1.0,1.0,1
0.2857142857142857,0.32727272727272727,0.0,0.5154639175257731,0
0.7333333333333334,1.0,1.0,1.0,1
0.3111111111111111,0.41860465116279066,0.0,0.3597122302158273,0
0.8709677419354839,1.0,1.0,1.0,1
0.3529411764705882,0.32380952380952377,0.0,0.31746031746031744,0
0.41025641025641024,0.21568627450980393,0.0,0.45569620253164556,0
0.8095238095238095,1.0,1.0,1.0,1
0.96,1.0,1.0,1.0,1
0.8333333333333335,1.0,1.0,1.0,1
0.5306122448979591,0.27722772277227725,0.0,0.2545454545454545,0
0.2857142857142857,0.20202020202020202,0.0,0.25,0
0.972972972972973,1.0,1.0,1.0,1
0.3414634146341463,0.25210084033613445,0.0,1.0,0
0.8529411764705883,1.0,1.0,1.0,1
0.826086956521739,1.0,1.0,1.0,1
0.8571428571428572,1.0,1.0,1.0,1
0.8333333333333335,1.0,1.0,1.0,1
0.8,1.0,1.0,1.0,1
0.8461538461538461,1.0,1.0,1.0,1
0.8,1.0,1.0,1.0,1
0.30000000000000004,0.32758620689655177,0.0,0.41666666666666663,0
0.4,0.30434782608695654,1.0,0.35820895522388063,0
0.303030303030303,0.25225225225225223,0.0,0.25,0
0.9019607843137255,1.0,1.0,1.0,1
0.84375,1.0,1.0,1.0,1
0.3125,0.27586206896551724,0.0,1.0,0
0.48275862068965514,0.2432432432432432,0.0,0.2545454545454545,0
0.8666666666666667,1.0,1.0,1.0,1
0.3125,0.3023255813953488,0.0,1.0,0
0.8333333333333335,1.0,1.0,1.0,1
0.84,1.0,1.0,1.0,1
0.84,1.0,1.0,1.0,1
0.24,0.24761904761904763,0.0,0.3597122302158273,0
0.125,0.3076923076923077,0.0,1.0,0
0.32432432432432434,0.43999999999999995,0.0,0.3597122302158273,0
0.875,1.0,1.0,1.0,1
0.8461538461538461,1.0,1.0,1.0,1
0.8709677419354839,1.0,1.0,1.0,1
0.31818181818181823,0.2702702702702703,0.0,0.3597122302158273,0
0.9538461538461537,1.0,1.0,1.0,1
0.84375,1.0,1.0,1.0,1
0.826086956521739,1.0,1.0,1.0,1
0.368421052631579,0.3214285714285714,0.0,0.25,0
0.6666666666666667,1.0,1.0,1.0,1
0.8,1.0,1.0,1.0,1
0.33333333333333337,0.2857142857142857,0.0,0.36363636363636365,0
0.7575757575757575,1.0,1.0,1.0,1
0.30000000000000004,0.28985507246376807,0.0,1.0,0
0.7894736842105263,1.0,1.0,1.0,1
0.9743589743589743,1.0,1.0,1.0,1
0.9565217391304348,1.0,1.0,1.0,1
0.8666666666666667,1.0,1.0,1.0,1
0.15384615384615385,0.27450980392156865,0.0,0.3597122302158273,0
0.4067796610169492,0.3157894736842105,0.0,0.31746031746031744,0
0.9696969696969697,1.0,1.0,1.0,1
0.3943661971830986,0.24691358024691357,0.0,0.20895522388059706,0
0.9565217391304348,1.0,1.0,1.0,1
0.34782608695652173,0.35036496350364965,0.0,0.4,0
0.40909090909090906,0.2857142857142857,0.0,0.25,0
0.9411764705882352,1.0,1.0,1.0,1
0.972972972972973,1.0,1.0,1.0,1
0.32558139534883723,0.24691358024691357,1.0,0.41666666666666663,0
0.25,0.31404958677685946,0.0,0.3597122302158273,0
0.962962962962963,1.0,1.0,1.0,1
0.5333333333333333,0.379746835443038,0.0,0.14814814814814814,0
0.9024390243902439,1.0,1.0,1.0,1
0.3529411764705882,0.2727272727272727,0.0,0.43333333333333335,0
0.20833333333333337,0.24761904761904763,0.0,0.36923076923076925,0
0.5217391304347826,0.31707317073170727,1.0,0.3783783783783784,0
0.8461538461538461,1.0,1.0,1.0,1
0.7037037037037037,1.0,1.0,1.0,1
0.8076923076923077,1.0,1.0,1.0,1
0.9545454545454546,1.0,1.0,1.0,1
0.2222222222222222,0.36708860759493667,0.0,0.3597122302158273,0
0.9473684210526316,1.0,1.0,1.0,1
0.6666666666666667,1.0,1.0,1.0,1
0.30434782608695654,0.1875,0.0,0.25,0
0.8,1.0,1.0,1.0,1
0.3076923076923077,0.34782608695652173,0.0,0.25,0
0.5,0.2857142857142857,0.0,0.31746031746031744,0
0.2857142857142857,0.3125,0.0,0.3597122302158273,0
0.3414634146341463,0.2666666666666667,0.0,0.48,0
0.3414634146341463,0.29702970297029707,0.0,0.25,0
0.3846153846153846,0.2992125984251969,0.0,0.25,0
0.36363636363636365,0.23076923076923073,0.0,0.48,0
0.7222222222222221,1.0,1.0,1.0,1
0.33898305084745756,0.41666666666666663,0.0,0.4545454545454546,0
0.25,0.2947368421052632,0.0,0.14678899082568808,0
0.17647058823529416,0.3089430894308943,0.0,0.35820895522388063,0
0.39130434782608686,0.23008849557522126,0.0,0.5714285714285714,0
0.2777777777777778,0.2222222222222222,0.0,0.36923076923076925,0
0.717948717948718,0.2558139534883721,0.0,1.0,0
0.7727272727272727,1.0,1.0,1.0,1
0.3529411764705882,0.35,0.0,0.45569620253164556,0
0.32432432432432434,0.26086956521739135,0.0,0.25,0
0.27450980392156865,0.33333333333333337,0.0,0.25,0
0.2222222222222222,0.0,0.0,0.14678899082568808,0
0.3589743589743589,0.35036496350364965,0.0,0.48,0
0.9444444444444444,1.0,1.0,1.0,1
0.27586206896551724,0.2857142857142857,0.0,0.36363636363636365,0
0.7916666666666665,1.0,1.0,1.0,1
0.7333333333333334,1.0,1.0,1.0,1
0.36363636363636365,0.36363636363636365,0.0,0.2545454545454545,0
0.3529411764705882,0.3423423423423423,0.0,0.4,0
0.7647058823529411,1.0,1.0,1.0,1
0.9069767441860467,1.0,1.0,1.0,1
0.18181818181818177,0.29166666666666663,0.0,0.31746031746031744,0
0.4,0.27586206896551724,0.0,0.2545454545454545,0
0.96,1.0,1.0,1.0,1
0.3157894736842105,0.41221374045801523,0.0,0.35820895522388063,0
0.2962962962962963,0.2834645669291339,1.0,0.3597122302158273,0
0.27450980392156865,0.2816901408450704,0.0,1.0,0
0.2777777777777778,0.28260869565217395,0.0,0.35820895522388063,0
0.3529411764705882,0.30952380952380953,0.0,0.3597122302158273,0
0.6363636363636364,1.0,1.0,1.0,1
0.6,1.0,1.0,1.0,1
0.9393939393939393,1.0,1.0,1.0,1
0.41666666666666663,0.34883720930232553,0.0,0.2222222222222222,0
0.3125,0.31818181818181823,0.0,0.20895522388059706,0
0.21052631578947367,0.28865979381443296,1.0,0.25,0
0.75,1.0,1.0,1.0,1
0.4242424242424242,0.4117647058823529,0.0,0.35820895522388063,0
0.24489795918367352,0.3214285714285714,0.0,0.43333333333333335,0
0.3548387096774194,0.33333333333333337,0.0,0.4444444444444444,0
0.30434782608695654,0.0,0.0,0.4761904761904761,0
0.8684210526315791,1.0,1.0,1.0,1
0.9130434782608696,1.0,1.0,1.0,1
0.37735849056603776,0.3058823529411765,0.0,0.2545454545454545,0
0.18604651162790697,0.2857142857142857,0.0,0.35820895522388063,0
0.48484848484848486,0.24242424242424243,0.0,0.2545454545454545,0
0.24,0.35051546391752575,0.0,0.4444444444444444,0
0.29268292682926833,0.2678571428571429,0.0,0.2545454545454545,0
0.4375,0.4444444444444444,0.0,1.0,0
0.33333333333333337,0.27118644067796616,0.0,0.3597122302158273,0
0.95,1.0,1.0,1.0,1
0.2857142857142857,0.2962962962962963,0.0,0.25,0
0.9767441860465115,1.0,1.0,1.0,1
0.34375,0.24761904761904763,0.0,0.31746031746031744,0
0.38095238095238093,0.0,0.0,0.4761904761904761,0
0.9777777777777777,1.0,1.0,1.0,1
0.3214285714285714,0.2978723404255319,0.0,0.25,0
0.9523809523809522,1.0,1.0,1.0,1
0.6875,1.0,1.0,1.0,1
0.736842105263158,1.0,1.0,1.0,1
0.6363636363636364,1.0,1.0,1.0,1
0.29268292682926833,0.3063063063063063,0.0,0.36363636363636365,0
0.3414634146341463,0.248062015503876,1.0,0.3597122302158273,0
0.7916666666666665,1.0,1.0,1.0,1
0.3111111111111111,0.2706766917293233,0.0,0.3597122302158273,0
0.7419354838709676,1.0,1.0,1.0,1
0.8709677419354839,1.0,1.0,1.0,1
0.4,0.3529411764705882,0.0,0.25,0
0.2564102564102564,0.31481481481481477,0.0,0.4545454545454546,0
0.34285714285714286,0.36,0.0,0.2857142857142857,0
0.7222222222222221,1.0,1.0,1.0,1
0.9302325581395349,1.0,1.0,1.0,1
0.8333333333333335,1.0,1.0,1.0,1
0.9696969696969697,1.0,1.0,1.0,1
0.96,1.0,1.0,1.0,1
0.3157894736842105,0.3278688524590164,0.0,0.24242424242424243,0
0.7777777777777779,1.0,1.0,1.0,1
0.30000000000000004,0.3711340206185567,0.0,0.3597122302158273,0
0.9714285714285714,1.0,1.0,1.0,1
0.3157894736842105,0.36170212765957444,0.0,1.0,0
0.804878048780488,1.0,1.0,1.0,1
0.8620689655172413,1.0,1.0,1.0,1
0.8709677419354839,1.0,1.0,1.0,1
0.2857142857142857,0.32499999999999996,0.0,0.25,0
0.75,1.0,1.0,1.0,1
0.27586206896551724,0.1428571428571429,0.0,0.36363636363636365,0
0.7241379310344827,1.0,1.0,1.0,1
0.8214285714285714,1.0,1.0,1.0,1
0.25806451612903225,0.3711340206185567,0.0,1.0,0
0.3829787234042554,0.38095238095238093,0.0,0.3214285714285714,0
0.8518518518518519,1.0,1.0,1.0,1
0.3076923076923077,0.3529411764705882,0.0,0.3597122302158273,0
0.878048780487805,1.0,1.0,1.0,1
0.3157894736842105,0.34210526315789463,0.0,0.3597122302158273,0
0.9473684210526316,1.0,1.0,1.0,1
0.5555555555555556,1.0,1.0,1.0,1
0.8095238095238095,1.0,1.0,1.0,1
0.8,1.0,1.0,1.0,1
0.2941176470588235,0.33333333333333337,0.0,0.33333333333333337,0
0.2727272727272727,0.24060150375939848,0.0,0.31746031746031744,0
0.5,0.3146067415730337,0.0,0.3597122302158273,0
0.8947368421052632,1.0,1.0,1.0,1
0.11428571428571432,0.3106796116504854,0.0,0.4545454545454546,0
0.18604651162790697,0.3142857142857143,1.0,1.0,0
0.9565217391304348,1.0,1.0,1.0,1
0.2702702702702703,0.29032258064516125,0.0,0.2545454545454545,0
0.8620689655172413,1.0,1.0,1.0,1
0.2941176470588235,0.21052631578947367,0.0,0.48,0
0.4285714285714286,0.2702702702702703,0.0,0.45569620253164556,0
0.8857142857142857,1.0,1.0,1.0,1
0.8,1.0,1.0,1.0,1
0.7777777777777779,1.0,1.0,1.0,1
0.9655172413793103,1.0,1.0,1.0,1
0.3902439024390244,0.28,0.0,0.41379310344827597,0
0.45714285714285713,0.3157894736842105,0.0,0.3597122302158273,0
0.75,1.0,1.0,1.0,1
0.9655172413793103,1.0,1.0,1.0,1
0.31818181818181823,0.3023255813953488,0.0,0.38095238095238093,0
0.23529411764705888,0.3380281690140845,0.0,0.38095238095238093,0
0.33333333333333337,0.4375,1.0,0.36923076923076925,0
0.36363636363636365,0.41538461538461535,1.0,1.0,0
0.804878048780488,1.0,1.0,1.0,1
0.32258064516129037,0.3529411764705882,0.0,0.2264150943396226,0
0.4285714285714286,0.1777777777777778,0.0,0.25,0
0.826086956521739,1.0,1.0,1.0,1
0.35,0.29032258064516125,0.0,0.4,0
0.2857142857142857,0.3114754098360656,0.0,1.0,0
0.7777777777777779,1.0,1.0,1.0,1
0.36,0.2465753424657534,0.0,0.33333333333333337,0
0.29166666666666663,0.35185185185185186,1.0,0.23333333333333328,0
0.7333333333333334,1.0,1.0,1.0,1
0.30434782608695654,0.4242424242424242,0.0,0.25,0
0.2777777777777778,0.3529411764705882,0.0,1.0,0
0.33333333333333337,0.33333333333333337,0.0,1.0,0
0.3278688524590164,0.2178217821782178,0.0,1.0,0
0.31818181818181823,0.34042553191489366,0.0,0.25,0
0.4545454545454546,0.2162162162162162,0.0,0.25,0
0.9565217391304348,1.0,1.0,1.0,1
0.2962962962962963,0.34375,0.0,0.41333333333333333,0
0.4,0.2784810126582279,0.0,0.25,0
0.9655172413793103,1.0,1.0,1.0,1
0.9459459459459459,1.0,1.0,1.0,1
0.34285714285714286,0.23333333333333328,1.0,0.24242424242424243,0
0.36363636363636365,0.1643835616438356,0.0,1.0,0
0.7241379310344827,1.0,1.0,1.0,1
0.32558139534883723,0.23076923076923073,0.0,0.3597122302158273,0
0.34285714285714286,0.36363636363636365,0.0,0.25,0
0.3111111111111111,0.34343434343434337,0.0,0.22857142857142854,0
0.8695652173913043,1.0,1.0,1.0,1
0.9361702127659575,1.0,1.0,1.0,1
0.9473684210526316,1.0,1.0,1.0,1
0.32258064516129037,0.3076923076923077,0.0,0.25,0
0.3448275862068966,0.23333333333333328,1.0,1.0,0
0.967741935483871,1.0,1.0,1.0,1
0.2857142857142857,0.410958904109589,0.0,0.25,0
0.7575757575757575,1.0,1.0,1.0,1
0.3214285714285714,0.34408602150537637,0.0,0.3597122302158273,0
0.8529411764705883,1.0,1.0,1.0,1
0.30434782608695654,0.3013698630136986,0.0,1.0,0
0.2857142857142857,0.23809523809523814,0.0,0.35820895522388063,0
0.5263157894736843,0.2962962962962963,0.0,0.25,0
0.31818181818181823,0.23809523809523814,0.0,0.35820895522388063,0
0.8095238095238095,1.0,1.0,1.0,1
0.9285714285714286,1.0,1.0,1.0,1
0.3793103448275862,0.34042553191489366,0.0,0.14678899082568808,0
0.7647058823529411,1.0,1.0,1.0,1
0.3571428571428571,0.2857142857142857,0.0,0.2545454545454545,0
0.3278688524590164,0.2702702702702703,0.0,1.0,0
0.25,0.36090225563909767,0.0,1.0,0
0.826086956521739,1.0,1.0,1.0,1
0.8214285714285714,1.0,1.0,1.0,1
0.9565217391304348,1.0,1.0,1.0,1
0.33333333333333337,0.2272727272727273,0.0,1.0,0
0.35,0.19999999999999996,0.0,0.36363636363636365,0
0.4,0.29850746268656714,0.0,0.25,0
0.9743589743589743,1.0,1.0,1.0,1
0.7333333333333334,1.0,1.0,1.0,1
0.33333333333333337,0.24778761061946908,1.0,1.0,0
0.3589743589743589,0.30612244897959184,0.0,0.25,0
0.33333333333333337,0.25806451612903225,0.0,0.14678899082568808,0
0.43478260869565216,0.18461538461538463,0.0,0.2545454545454545,0
0.368421052631579,0.36363636363636365,0.0,0.42666666666666664,0
0.25,0.30188679245283023,0.0,1.0,0
0.2702702702702703,0.25742574257425743,0.0,0.14678899082568808,0
0.30000000000000004,0.34285714285714286,0.0,1.0,0
0.32558139534883723,0.3137254901960784,0.0,0.25,0
0.339622641509434,0.29166666666666663,0.0,1.0,0
0.2857142857142857,0.3287671232876712,1.0,0.14678899082568808,0
0.8461538461538461,1.0,1.0,1.0,1
0.3380281690140845,0.3076923076923077,0.0,0.2545454545454545,0
0.3589743589743589,0.3157894736842105,0.0,0.2068965517241379,0
0.7419354838709676,1.0,1.0,1.0,1
0.7916666666666665,1.0,1.0,1.0,1
0.27586206896551724,0.26865671641791045,0.0,0.25,0
0.8095238095238095,1.0,1.0,1.0,1
0.9696969696969697,1.0,1.0,1.0,1
0.8181818181818181,1.0,1.0,1.0,1
0.35,0.28888888888888886,0.0,0.14678899082568808,0
0.7894736842105263,1.0,1.0,1.0,1
0.68,1.0,1.0,1.0,1
0.826086956521739,1.0,1.0,1.0,1
0.7647058823529411,1.0,1.0,1.0,1
0.19999999999999996,0.3362831858407079,0.0,0.25,0
0.8,1.0,1.0,1.0,1
0.9523809523809522,1.0,1.0,1.0,1
0.9696969696969697,1.0,1.0,1.0,1
0.21052631578947367,0.38834951456310685,0.0,1.0,0
0.7777777777777779,1.0,1.0,1.0,1
0.34285714285714286,0.24615384615384617,0.0,1.0,0
0.9777777777777777,1.0,1.0,1.0,1
0.736842105263158,1.0,1.0,1.0,1
0.375,0.326530612244898,0.0,0.38095238095238093,0
0.33333333333333337,0.2432432432432432,0.0,0.5154639175257731,0
0.25,0.2295081967213115,0.0,0.3783783783783784,0
0.9565217391304348,1.0,1.0,1.0,1
0.804878048780488,1.0,1.0,1.0,1
0.8181818181818181,1.0,1.0,1.0,1
0.7714285714285716,1.0,1.0,1.0,1
0.7222222222222221,1.0,1.0,1.0,1
0.8,1.0,1.0,1.0,1
0.3157894736842105,0.4444444444444444,0.0,0.41379310344827597,0
0.7241379310344827,1.0,1.0,1.0,1
0.22857142857142854,0.23728813559322037,0.0,0.3597122302158273,0
0.42307692307692313,0.38636363636363635,0.0,1.0,0
0.7727272727272727,1.0,1.0,1.0,1
0.5,0.22988505747126442,0.0,0.14678899082568808,0
0.736842105263158,1.0,1.0,1.0,1
0.45714285714285713,0.3076923076923077,0.0,0.25,0
0.2727272727272727,0.3529411764705882,1.0,0.48,0
0.3783783783783784,0.3783783783783784,0.0,0.2545454545454545,0
0.9655172413793103,1.0,1.0,1.0,1
0.9767441860465115,1.0,1.0,1.0,1
0.2666666666666667,0.20618556701030932,0.0,0.2857142857142857,0
0.2666666666666667,0.32727272727272727,0.0,0.35820895522388063,0
0.4,0.4,0.0,1.0,0
0.736842105263158,1.0,1.0,1.0,1
0.41379310344827597,0.3513513513513513,0.0,0.2545454545454545,0
0.19512195121951215,0.2178217821782178,0.0,0.34285714285714286,0
0.33898305084745756,0.2272727272727273,0.0,0.35820895522388063,0
0.2790697674418605,0.41509433962264153,0.0,0.36363636363636365,0
0.4324324324324324,0.19753086419753085,1.0,0.2545454545454545,0
0.8571428571428572,1.0,1.0,1.0,1
0.9,1.0,1.0,1.0,1
0.7241379310344827,1.0,1.0,1.0,1
0.8918918918918919,1.0,1.0,1.0,1
0.9508196721311475,1.0,1.0,1.0,1
0.3703703703703704,0.3023255813953488,0.0,0.33333333333333337,0
0.96,1.0,1.0,1.0,1
0.84,1.0,1.0,1.0,1
0.2857142857142857,0.3950617283950617,0.0,0.25,0
0.430379746835443,0.2666666666666667,0.0,0.14678899082568808,0
0.3157894736842105,0.37735849056603776,0.0,0.48,0
0.2142857142857143,0.26086956521739135,0.0,1.0,0
0.7142857142857143,1.0,1.0,1.0,1
0.8666666666666667,1.0,1.0,1.0,1
0.3529411764705882,0.2921348314606742,1.0,0.45569620253164556,0
0.24,0.21666666666666667,0.0,0.4444444444444444,0
0.782608695652174,1.0,1.0,1.0,1
0.7916666666666665,1.0,1.0,1.0,1
0.32258064516129037,0.3125,0.0,0.40909090909090906,0
0.36363636363636365,0.4285714285714286,0.0,0.48,0
0.967741935483871,1.0,1.0,1.0,1
0.967741935483871,1.0,1.0,1.0,1
0.3589743589743589,0.275,0.0,0.42105263157894735,0
0.8461538461538461,1.0,1.0,1.0,1
0.736842105263158,1.0,1.0,1.0,1
0.9545454545454546,1.0,1.0,1.0,1
0.24489795918367352,0.3362831858407079,0.0,0.14678899082568808,0
0.975609756097561,1.0,1.0,1.0,1
0.7777777777777779,1.0,1.0,1.0,1
0.33333333333333337,0.31304347826086953,0.0,1.0,0
0.31818181818181823,0.32520325203252026,0.0,0.42666666666666664,0
0.9655172413793103,1.0,1.0,1.0,1
0.6923076923076923,1.0,1.0,1.0,1
0.32432432432432434,0.3846153846153846,0.0,0.14814814814814814,0
0.962962962962963,1.0,1.0,1.0,1
0.967741935483871,1.0,1.0,1.0,1
0.26315789473684215,0.33333333333333337,0.0,0.31746031746031744,0
0.9767441860465115,1.0,1.0,1.0,1
0.7647058823529411,1.0,1.0,1.0,1
0.7058823529411764,1.0,1.0,1.0,1
0.7222222222222221,1.0,1.0,1.0,1
0.9387755102040817,1.0,1.0,1.0,1
0.33333333333333337,0.34426229508196726,0.0,0.14678899082568808,0
0.33333333333333337,0.28985507246376807,0.0,0.41860465116279066,0
0.9491525423728814,1.0,1.0,1.0,1
0.7777777777777779,1.0,1.0,1.0,1
0.26086956521739135,0.3529411764705882,0.0,1.0,0
0.21739130434782605,0.23684210526315785,0.0,0.22857142857142854,0
0.3921568627450981,0.30188679245283023,0.0,0.25,0
0.27586206896551724,0.35955056179775285,0.0,0.48,0
0.782608695652174,1.0,1.0,1.0,1
0.3055555555555556,0.3076923076923077,0.0,0.4242424242424242,0
0.7241379310344827,1.0,1.0,1.0,1
0.2222222222222222,0.2650602409638554,0.0,0.3703703703703704,0
0.24,0.2666666666666667,0.0,0.48,0
0.8823529411764706,1.0,1.0,1.0,1
0.9523809523809522,1.0,1.0,1.0,1
0.6190476190476191,1.0,1.0,1.0,1
0.1875,0.33333333333333337,0.0,0.14678899082568808,0
0.36363636363636365,0.3589743589743589,0.0,0.3597122302158273,0
0.7619047619047619,1.0,1.0,1.0,1
0.6,1.0,1.0,1.0,1
0.3529411764705882,0.26315789473684215,0.0,0.14678899082568808,0
0.4375,0.3296703296703297,0.0,0.25,0
0.9655172413793103,1.0,1.0,1.0,1
0.31746031746031744,0.384,0.0,1.0,0
0.2857142857142857,0.19444444444444442,0.0,0.14678899082568808,0
0.303030303030303,0.34,0.0,0.25,0
0.2272727272727273,0.32432432432432434,0.0,0.48,0
0.9655172413793103,1.0,1.0,1.0,1
0.8275862068965517,1.0,1.0,1.0,1
0.875,1.0,1.0,1.0,1
0.33333333333333337,0.2784810126582279,0.0,1.0,0
0.3076923076923077,0.2692307692307693,0.0,0.22857142857142854,0
0.21276595744680848,0.3025210084033614,0.0,1.0,0
0.36363636363636365,0.2990654205607477,0.0,1.0,0
0.3589743589743589,0.3703703703703704,0.0,0.35820895522388063,0
0.6363636363636364,1.0,1.0,1.0,1
0.9504950495049505,1.0,1.0,1.0,1
0.8461538461538461,1.0,1.0,1.0,1
0.8947368421052632,1.0,1.0,1.0,1
0.8333333333333335,1.0,1.0,1.0,1
0.9565217391304348,1.0,1.0,1.0,1
0.7142857142857143,1.0,1.0,1.0,1
0.9743589743589743,1.0,1.0,1.0,1
0.6521739130434783,1.0,1.0,1.0,1
0.31818181818181823,0.24242424242424243,0.0,1.0,0
0.30000000000000004,0.26865671641791045,1.0,0.35820895522388063,0
0.33333333333333337,0.2975206611570248,0.0,0.3783783783783784,0
0.43137254901960786,0.2857142857142857,0.0,0.25,0
0.29268292682926833,0.303030303030303,0.0,0.2545454545454545,0
0.9090909090909091,1.0,1.0,1.0,1
0.25806451612903225,0.23728813559322037,0.0,0.45569620253164556,0
0.9714285714285714,1.0,1.0,1.0,1
0.24242424242424243,0.3703703703703704,0.0,0.25,0
0.303030303030303,0.34693877551020413,0.0,0.24137931034482762,0
0.9310344827586207,1.0,1.0,1.0,1
0.31999999999999995,0.2727272727272727,0.0,0.23333333333333328,0
0.5333333333333333,0.3165467625899281,1.0,0.23076923076923073,0
0.2941176470588235,0.19999999999999996,1.0,0.14814814814814814,0
0.36363636363636365,0.3768115942028986,0.0,1.0,0
0.2857142857142857,0.33333333333333337,0.0,0.5154639175257731,0
0.736842105263158,1.0,1.0,1.0,1
0.8620689655172413,1.0,1.0,1.0,1
0.3783783783783784,0.3076923076923077,0.0,1.0,0
0.6363636363636364,1.0,1.0,1.0,1
0.7894736842105263,1.0,1.0,1.0,1
0.8181818181818181,1.0,1.0,1.0,1
0.8095238095238095,1.0,1.0,1.0,1
0.31818181818181823,0.2702702702702703,0.0,0.34285714285714286,0
0.7142857142857143,1.0,1.0,1.0,1
0.46808510638297873,0.36144578313253023,0.0,1.0,0
0.9743589743589743,1.0,1.0,1.0,1
0.6923076923076923,1.0,1.0,1.0,1
0.44999999999999996,0.3035714285714286,0.0,1.0,0
0.7916666666666665,1.0,1.0,1.0,1
0.7916666666666665,1.0,1.0,1.0,1
0.37209302325581395,0.36734693877551017,0.0,0.4545454545454546,0
0.2978723404255319,0.35789473684210527,0.0,0.20895522388059706,0
0.4444444444444444,0.3508771929824561,0.0,1.0,0
0.36363636363636365,0.38095238095238093,0.0,0.14678899082568808,0
0.967741935483871,1.0,1.0,1.0,1
0.2162162162162162,0.19999999999999996,0.0,0.31746031746031744,0
0.3870967741935484,0.45714285714285713,1.0,0.24137931034482762,0
0.25,0.2650602409638554,0.0,0.36363636363636365,0
0.96,1.0,1.0,1.0,1
0.962962962962963,1.0,1.0,1.0,1
0.4545454545454546,0.0,0.0,0.2222222222222222,0
0.967741935483871,1.0,1.0,1.0,1
0.5555555555555556,1.0,1.0,1.0,1
0.3703703703703704,0.33766233766233766,0.0,0.23076923076923073,0
0.3076923076923077,0.28985507246376807,0.0,0.30508474576271183,0
0.6923076923076923,1.0,1.0,1.0,1
0.7419354838709676,1.0,1.0,1.0,1
0.75,1.0,1.0,1.0,1
0.33333333333333337,0.3962264150943396,0.0,0.4074074074074075,0
0.30379746835443033,0.22916666666666663,0.0,0.36363636363636365,0
0.25806451612903225,0.23255813953488372,0.0,0.3597122302158273,0
0.18181818181818177,0.3116883116883117,0.0,0.36923076923076925,0
0.375,0.40540540540540543,1.0,1.0,0
0.4,0.29333333333333333,0.0,1.0,0
0.2142857142857143,0.34285714285714286,0.0,0.23333333333333328,0
0.6923076923076923,1.0,1.0,1.0,1
0.17142857142857137,0.3188405797101449,0.0,1.0,0
0.23529411764705888,0.2692307692307693,0.0,0.31746031746031744,0
0.926829268292683,1.0,1.0,1.0,1
0.36363636363636365,0.32478632478632474,0.0,0.2545454545454545,0
0.7777777777777779,1.0,1.0,1.0,1
0.7894736842105263,1.0,1.0,1.0,1
0.7333333333333334,1.0,1.0,1.0,1
0.5283018867924528,0.34782608695652173,0.0,0.25,0
0.3076923076923077,0.30000000000000004,0.0,0.25,0
0.4736842105263158,0.4370860927152318,1.0,0.25,0
0.41666666666666663,0.30000000000000004,0.0,0.36363636363636365,0
0.9714285714285714,1.0,1.0,1.0,1
0.8571428571428572,1.0,1.0,1.0,1
0.96875,1.0,1.0,1.0,1
0.26315789473684215,0.40625,0.0,0.25,0
0.32258064516129037,0.24242424242424243,0.0,0.2857142857142857,0
0.9655172413793103,1.0,1.0,1.0,1
0.9090909090909091,1.0,1.0,1.0,1
0.8709677419354839,1.0,1.0,1.0,1
0.75,1.0,1.0,1.0,1
0.826086956521739,1.0,1.0,1.0,1
0.7948717948717949,1.0,1.0,1.0,1
0.6190476190476191,1.0,1.0,1.0,1
0.7241379310344827,1.0,1.0,1.0,1
0.7333333333333334,1.0,1.0,1.0,1
0.8857142857142857,1.0,1.0,1.0,1
0.95,1.0,1.0,1.0,1
0.8095238095238095,1.0,1.0,1.0,1
0.8888888888888888,1.0,1.0,1.0,1
0.7916666666666665,1.0,1.0,1.0,1
0.30000000000000004,0.25,1.0,1.0,0
0.3529411764705882,0.25287356321839083,0.0,0.20895522388059706,0
0.4516129032258065,0.32432432432432434,0.0,0.2941176470588235,0
0.3076923076923077,0.33009708737864074,0.0,0.25,0
0.28,0.36363636363636365,0.0,0.3597122302158273,0
0.9473684210526316,1.0,1.0,1.0,1
0.9714285714285714,1.0,1.0,1.0,1
0.8095238095238095,1.0,1.0,1.0,1
0.8620689655172413,1.0,1.0,1.0,1
0.27586206896551724,0.34285714285714286,0.0,0.14678899082568808,0
0.375,0.2666666666666667,0.0,0.36363636363636365,0
0.5641025641025641,0.32558139534883723,1.0,0.35820895522388063,0
0.96,1.0,1.0,1.0,1
0.7916666666666665,1.0,1.0,1.0,1
0.7037037037037037,1.0,1.0,1.0,1
0.3921568627450981,0.25806451612903225,0.0,0.35820895522388063,0
0.814814814814815,1.0,1.0,1.0,1
0.2142857142857143,0.3738317757009347,0.0,0.4761904761904761,0
0.24390243902439024,0.37241379310344824,0.0,0.45569620253164556,0
0.2857142857142857,0.3703703703703704,0.0,0.45569620253164556,0
0.2222222222222222,0.3132530120481928,1.0,1.0,0
0.9047619047619048,1.0,1.0,1.0,1
0.7894736842105263,1.0,1.0,1.0,1
0.9454545454545454,1.0,1.0,1.0,1
0.9473684210526316,1.0,1.0,1.0,1
0.2790697674418605,0.2857142857142857,0.0,0.4,0
0.22535211267605637,0.29885057471264365,1.0,0.3529411764705882,0
0.29268292682926833,0.2784810126582279,0.0,0.36363636363636365,0
0.38095238095238093,0.2921348314606742,0.0,0.25,0
0.9473684210526316,1.0,1.0,1.0,1
0.31999999999999995,0.2790697674418605,0.0,0.3597122302158273,0
0.326530612244898,0.328125,0.0,1.0,0
0.96,1.0,1.0,1.0,1
0.826086956521739,1.0,1.0,1.0,1
0.24,0.32835820895522383,0.0,0.38095238095238093,0
0.7619047619047619,1.0,1.0,1.0,1
0.2857142857142857,0.3076923076923077,0.0,0.39473684210526316,0
0.9523809523809522,1.0,1.0,1.0,1
0.8095238095238095,1.0,1.0,1.0,1
0.3157894736842105,0.29729729729729726,1.0,0.4444444444444444,0
0.9655172413793103,1.0,1.0,1.0,1
0.8095238095238095,1.0,1.0,1.0,1
0.6923076923076923,1.0,1.0,1.0,1
0.2222222222222222,0.29824561403508776,0.0,1.0,0
0.35,0.21176470588235297,0.0,0.2545454545454545,0
0.37142857142857144,0.30612244897959184,1.0,0.2222222222222222,0
0.8888888888888888,1.0,1.0,1.0,1
0.33333333333333337,0.35416666666666663,0.0,0.3597122302158273,0
0.8461538461538461,1.0,1.0,1.0,1
0.6428571428571428,1.0,1.0,1.0,1
0.27586206896551724,0.2244897959183674,0.0,0.25,0
0.8461538461538461,1.0,1.0,1.0,1
0.33333333333333337,0.28787878787878785,0.0,1.0,0
0.7777777777777779,1.0,1.0,1.0,1
0.95,1.0,1.0,1.0,1
0.962962962962963,1.0,1.0,1.0,1
0.9743589743589743,1.0,1.0,1.0,1
0.4,0.3544303797468354,0.0,0.4761904761904761,0
0.9444444444444444,1.0,1.0,1.0,1
0.8461538461538461,1.0,1.0,1.0,1
0.24390243902439024,0.36111111111111116,0.0,0.3597122302158273,0
0.2962962962962963,0.42666666666666664,0.0,0.36363636363636365,0
0.2790697674418605,0.34693877551020413,0.0,0.45569620253164556,0
0.6046511627906976,0.2784810126582279,0.0,0.41860465116279066,0
0.967741935483871,1.0,1.0,1.0,1
0.9743589743589743,1.0,1.0,1.0,1
0.8333333333333335,1.0,1.0,1.0,1
0.303030303030303,0.33333333333333337,0.0,1.0,0
0.3589743589743589,0.43478260869565216,0.0,0.40909090909090906,0
0.7894736842105263,1.0,1.0,1.0,1
0.339622641509434,0.25688073394495414,1.0,0.3597122302158273,0
0.7894736842105263,1.0,1.0,1.0,1
0.7222222222222221,1.0,1.0,1.0,1
0.55,0.352,0.0,0.3597122302158273,0
0.326530612244898,0.16000000000000003,0.0,0.36363636363636365,0
0.4444444444444444,0.34090909090909094,0.0,0.2222222222222222,0
0.3076923076923077,0.2857142857142857,0.0,1.0,0
0.9538461538461537,1.0,1.0,1.0,1
0.3076923076923077,0.2545454545454545,0.0,0.30508474576271183,0
0.303030303030303,0.368421052631579,0.0,0.3597122302158273,0
0.8571428571428572,1.0,1.0,1.0,1
0.8620689655172413,1.0,1.0,1.0,1
0.8571428571428572,1.0,1.0,1.0,1
0.375,0.3287671232876712,0.0,0.14814814814814814,0
0.303030303030303,0.32758620689655177,0.0,0.14678899082568808,0
0.9473684210526316,1.0,1.0,1.0,1
0.9696969696969697,1.0,1.0,1.0,1
0.44067796610169496,0.28828828828828834,1.0,0.35820895522388063,0
0.962962962962963,1.0,1.0,1.0,1
0.9024390243902439,1.0,1.0,1.0,1
0.4117647058823529,0.3188405797101449,0.0,0.48,0
0.8333333333333335,1.0,1.0,1.0,1
0.8181818181818181,0.0,1.0,1.0,1
0.2962962962962963,0.29729729729729726,0.0,0.20895522388059706,0
0.962962962962963,1.0,1.0,1.0,1
0.8181818181818181,1.0,1.0,1.0,1
0.7333333333333334,1.0,1.0,1.0,1
0.8181818181818181,1.0,1.0,1.0,1
0.9090909090909091,1.0,1.0,1.0,1
0.7037037037037037,1.0,1.0,1.0,1
0.17391304347826086,0.34210526315789463,0.0,0.5154639175257731,0
0.9655172413793103,1.0,1.0,1.0,1
0.961038961038961,1.0,1.0,1.0,1
0.23076923076923073,0.276595744680851,0.0,0.22857142857142854,0
0.967741935483871,1.0,1.0,1.0,1
0.8095238095238095,1.0,1.0,1.0,1
0.7647058823529411,1.0,1.0,1.0,1
0.2978723404255319,0.25287356321839083,0.0,0.30434782608695654,0
0.368421052631579,0.3119266055045872,0.0,0.3783783783783784,0
0.9565217391304348,1.0,1.0,1.0,1
0.2666666666666667,0.30952380952380953,0.0,0.23333333333333328,0
0.9545454545454546,1.0,1.0,1.0,1
0.7647058823529411,1.0,1.0,1.0,1
0.3829787234042554,0.24,0.0,1.0,0
0.3703703703703704,0.196078431372549,0.0,0.25,0
0.2702702702702703,0.3116883116883117,0.0,0.3597122302158273,0
0.814814814814815,1.0,1.0,1.0,1
0.27586206896551724,0.3098591549295775,0.0,1.0,0
0.4324324324324324,0.31034482758620685,1.0,0.2545454545454545,0
0.7777777777777779,1.0,1.0,1.0,1
0.9130434782608696,1.0,1.0,1.0,1
0.96,1.0,1.0,1.0,1
0.2857142857142857,0.34782608695652173,0.0,0.3597122302158273,0
0.3157894736842105,0.2931034482758621,0.0,0.4,0
0.2666666666666667,0.3116883116883117,0.0,0.24137931034482762,0
0.9393939393939393,1.0,1.0,1.0,1
0.326530612244898,0.37168141592920356,0.0,0.35820895522388063,0
0.32258064516129037,0.3013698630136986,1.0,1.0,0
0.2857142857142857,0.36734693877551017,1.0,0.2545454545454545,0
0.972972972972973,1.0,1.0,1.0,1
0.24242424242424243,0.30434782608695654,0.0,0.25,0
0.7727272727272727,1.0,1.0,1.0,1
0.7894736842105263,1.0,1.0,1.0,1
0.5,0.3373493975903614,0.0,0.45569620253164556,0
0.975609756097561,1.0,1.0,1.0,1
0.9411764705882352,1.0,1.0,1.0,1
0.8333333333333335,1.0,1.0,1.0,1
0.3589743589743589,0.43103448275862066,0.0,0.14814814814814814,0
0.3555555555555555,0.4273504273504274,0.0,0.25,0
0.7222222222222221,1.0,1.0,1.0,1
0.8947368421052632,1.0,1.0,1.0,1
0.814814814814815,1.0,1.0,1.0,1
0.8518518518518519,1.0,1.0,1.0,1
0.5555555555555556,0.23529411764705888,0.0,0.25,0
0.2222222222222222,0.4895104895104895,1.0,0.25,0
0.4736842105263158,0.33333333333333337,0.0,0.14678899082568808,0
0.8857142857142857,1.0,1.0,1.0,1
0.7916666666666665,1.0,1.0,1.0,1
0.6190476190476191,1.0,1.0,1.0,1
0.3793103448275862,0.2857142857142857,0.0,0.3597122302158273,0
0.32432432432432434,0.33333333333333337,0.0,0.4444444444444444,0
0.4666666666666666,0.38636363636363635,0.0,0.25,0
0.8387096774193549,1.0,1.0,1.0,1
0.17391304347826086,0.24489795918367352,0.0,1.0,0
0.9714285714285714,1.0,1.0,1.0,1
0.3589743589743589,0.5142857142857142,0.0,0.36923076923076925,0
0.15384615384615385,0.3090909090909091,1.0,0.25,0
0.32258064516129037,0.30188679245283023,0.0,0.3597122302158273,0
0.37209302325581395,0.3116883116883117,0.0,1.0,0
0.2857142857142857,0.0,0.0,0.2222222222222222,0
0.9655172413793103,1.0,1.0,1.0,1
0.8571428571428572,1.0,1.0,1.0,1
0.5555555555555556,1.0,1.0,1.0,1
0.9743589743589743,1.0,1.0,1.0,1
0.35,0.3047619047619048,0.0,0.23333333333333328,0
0.826086956521739,1.0,1.0,1.0,1
0.84375,1.0,1.0,1.0,1
0.3448275862068966,0.28985507246376807,0.0,1.0,0
0.2666666666666667,0.36363636363636365,0.0,0.4242424242424242,0
0.3529411764705882,0.2033898305084746,0.0,0.23333333333333328,0
0.2592592592592593,0.2828282828282829,0.0,0.4,0
0.8095238095238095,1.0,1.0,1.0,1
0.6363636363636364,1.0,1.0,1.0,1
0.9508196721311475,1.0,1.0,1.0,1
0.30188679245283023,0.3125,0.0,0.48,0
0.3384615384615385,0.32258064516129037,0.0,0.25,0
0.782608695652174,1.0,1.0,1.0,1
0.17647058823529416,0.34285714285714286,0.0,0.25,0
0.7241379310344827,1.0,1.0,1.0,1
0.9743589743589743,1.0,1.0,1.0,1
0.7894736842105263,1.0,1.0,1.0,1
0.18181818181818177,0.36363636363636365,0.0,0.4761904761904761,0
0.4067796610169492,0.3424657534246576,0.0,0.31746031746031744,0
0.2790697674418605,0.37254901960784315,0.0,0.25,0
0.16666666666666663,0.4565217391304348,1.0,0.5154639175257731,0
0.38095238095238093,0.36190476190476195,0.0,0.35820895522388063,0
0.68,1.0,1.0,1.0,1
0.32432432432432434,0.46399999999999997,0.0,1.0,0
0.3793103448275862,0.0,0.0,0.22857142857142854,0
0.9090909090909091,1.0,1.0,1.0,1
0.8,1.0,1.0,1.0,1
0.9696969696969697,1.0,1.0,1.0,1
0.8333333333333335,1.0,1.0,1.0,1
0.303030303030303,0.2666666666666667,0.0,0.14678899082568808,0
0.368421052631579,0.3142857142857143,0.0,0.25,0
0.3768115942028986,0.32692307692307687,0.0,0.4675324675324676,0
0.92,1.0,1.0,1.0,1
0.25,0.20512820512820518,1.0,0.3597122302158273,0
0.8461538461538461,1.0,1.0,1.0,1
0.9565217391304348,1.0,1.0,1.0,1
0.96,1.0,1.0,1.0,1
0.8611111111111112,1.0,1.0,1.0,1
0.8333333333333335,1.0,1.0,1.0,1
0.75,1.0,1.0,1.0,1
0.2807017543859649,0.14035087719298245,0.0,0.48,0
0.375,0.3538461538461538,0.0,0.38095238095238093,0
0.92,1.0,1.0,1.0,1
0.7619047619047619,1.0,1.0,1.0,1
0.303030303030303,0.3695652173913043,0.0,0.25,0
0.2545454545454545,0.2941176470588235,1.0,0.35820895522388063,0
0.68,1.0,1.0,1.0,1
0.23529411764705888,0.22499999999999998,0.0,0.3783783783783784,0
0.3589743589743589,0.4,0.0,0.4761904761904761,0
0.36734693877551017,0.34615384615384615,0.0,1.0,0
0.3111111111111111,0.2564102564102564,0.0,1.0,0
0.32432432432432434,0.37593984962406013,0.0,0.31746031746031744,0
0.32558139534883723,0.33684210526315794,0.0,0.41666666666666663,0
0.3125,0.2857142857142857,0.0,1.0,0
0.33333333333333337,0.3902439024390244,1.0,0.4,0
0.8666666666666667,1.0,1.0,1.0,1
0.8823529411764706,1.0,1.0,1.0,1
0.7333333333333334,1.0,1.0,1.0,1
0.21052631578947367,0.32558139534883723,0.0,0.31746031746031744,0
0.20512820512820518,0.1607142857142857,0.0,0.20895522388059706,0
0.7647058823529411,1.0,1.0,1.0,1
0.8333333333333335,1.0,1.0,1.0,1
0.31818181818181823,0.30434782608695654,0.0,0.25,0
0.30000000000000004,0.34883720930232553,0.0,0.5154639175257731,0
0.32727272727272727,0.1875,0.0,0.3597122302158273,0
0.9714285714285714,1.0,1.0,1.0,1
0.3076923076923077,0.3211678832116789,0.0,0.2545454545454545,0
0.33333333333333337,0.3392857142857143,0.0,1.0,0
0.42553191489361697,0.33644859813084116,0.0,0.2545454545454545,0
0.2857142857142857,0.3764705882352941,0.0,1.0,0
0.33333333333333337,0.3076923076923077,0.0,0.14678899082568808,0
0.9375,1.0,1.0,1.0,1
0.782608695652174,1.0,1.0,1.0,1
0.25396825396825395,0.23655913978494625,0.0,1.0,0
0.2978723404255319,0.27956989247311825,0.0,0.25,0
0.9454545454545454,1.0,1.0,1.0,1
0.9714285714285714,1.0,1.0,1.0,1
0.7916666666666665,1.0,1.0,1.0,1
0.2857142857142857,0.3548387096774194,0.0,0.48,0
0.3571428571428571,0.28787878787878785,0.0,0.25,0
0.4,0.3846153846153846,1.0,0.3214285714285714,0
0.33333333333333337,0.28,0.0,1.0,0
0.2857142857142857,0.2954545454545454,0.0,0.36923076923076925,0
0.962962962962963,1.0,1.0,1.0,1
0.2941176470588235,0.3106796116504854,0.0,0.36363636363636365,0
0.2068965517241379,0.326530612244898,0.0,1.0,0
0.8888888888888888,1.0,1.0,1.0,1
0.96,0.0,1.0,1.0,1
0.31034482758620685,0.30508474576271183,0.0,1.0,0
0.2647058823529411,0.3302752293577982,0.0,0.3597122302158273,0
0.967741935483871,1.0,1.0,1.0,1
0.3703703703703704,0.35416666666666663,0.0,0.4545454545454546,0
0.37209302325581395,0.28800000000000003,0.0,0.41666666666666663,0
0.9523809523809522,1.0,1.0,1.0,1
0.75,1.0,1.0,1.0,1
0.68,1.0,1.0,1.0,1
0.9565217391304348,1.0,1.0,1.0,1
0.8518518518518519,1.0,1.0,1.0,1
0.3076923076923077,0.3298969072164949,0.0,1.0,0
0.3703703703703704,0.34285714285714286,0.0,0.5154639175257731,0
0.34285714285714286,0.24444444444444446,0.0,0.25,0
0.30000000000000004,0.29850746268656714,1.0,0.48,0
0.9714285714285714,1.0,1.0,1.0,1
0.7894736842105263,1.0,1.0,1.0,1
0.8076923076923077,1.0,1.0,1.0,1
0.32432432432432434,0.2857142857142857,0.0,0.22857142857142854,0
0.9024390243902439,1.0,1.0,1.0,1
0.2222222222222222,0.3296703296703297,0.0,0.3597122302158273,0
0.6923076923076923,1.0,1.0,1.0,1
0.75,1.0,1.0,1.0,1
0.33333333333333337,0.24,0.0,0.3783783783783784,0
0.7647058823529411,1.0,1.0,1.0,1
0.878048780487805,1.0,1.0,1.0,1
0.3157894736842105,0.2571428571428571,0.0,0.38095238095238093,0
0.8823529411764706,1.0,1.0,1.0,1
0.75,1.0,1.0,1.0,1
0.2962962962962963,0.3829787234042554,0.0,0.2702702702702703,0
0.9375,1.0,1.0,1.0,1
0.972972972972973,1.0,1.0,1.0,1
0.33333333333333337,0.2857142857142857,0.0,0.2545454545454545,0
0.24137931034482762,0.24742268041237114,0.0,1.0,0
0.4444444444444444,0.3564356435643564,0.0,0.14678899082568808,0
0.7894736842105263,1.0,1.0,1.0,1
0.7647058823529411,1.0,1.0,1.0,1
0.27586206896551724,0.2857142857142857,1.0,0.25,0
0.7837837837837838,1.0,1.0,1.0,1
0.84,1.0,1.0,1.0,1
0.3448275862068966,0.30000000000000004,0.0,1.0,0
0.23255813953488372,0.2244897959183674,0.0,0.25,0
0.36363636363636365,0.2941176470588235,0.0,0.3597122302158273,0
0.9166666666666665,1.0,1.0,1.0,1
0.2777777777777778,0.37735849056603776,1.0,0.25,0
0.9508196721311475,1.0,1.0,1.0,1
0.967741935483871,1.0,1.0,1.0,1
0.9743589743589743,1.0,1.0,1.0,1
0.36363636363636365,0.3125,0.0,0.25,0
0.75,1.0,1.0,1.0,1
0.962962962962963,1.0,1.0,1.0,1
0.9565217391304348,1.0,1.0,1.0,1
0.45833333333333337,0.55,1.0,1.0,0
0.9615384615384616,1.0,1.0,1.0,1
0.9620253164556962,1.0,1.0,1.0,1
0.34782608695652173,0.34615384615384615,0.0,0.25,0
0.3589743589743589,0.24489795918367352,0.0,0.24137931034482762,0
0.8214285714285714,1.0,1.0,1.0,1
0.8333333333333335,1.0,1.0,1.0,1
0.3589743589743589,0.3733333333333333,0.0,0.23333333333333328,0
0.8518518518518519,1.0,1.0,1.0,1
0.30000000000000004,0.3733333333333333,1.0,0.14678899082568808,0
0.24242424242424243,0.29333333333333333,1.0,0.2545454545454545,0
0.25806451612903225,0.3305785123966942,0.0,0.3597122302158273,0
0.25,0.1686746987951807,0.0,0.3589743589743589,0
0.9411764705882352,1.0,1.0,1.0,1
0.8888888888888888,1.0,1.0,1.0,1
0.9302325581395349,1.0,1.0,1.0,1
0.27586206896551724,0.2962962962962963,1.0,0.14678899082568808,0
0.6666666666666667,1.0,1.0,1.0,1
0.2857142857142857,0.2777777777777778,0.0,0.5154639175257731,0
0.34782608695652173,0.3013698630136986,0.0,0.43333333333333335,0
0.9375,1.0,1.0,1.0,1
0.33333333333333337,0.30107526881720426,0.0,0.2068965517241379,0
0.23529411764705888,0.3058823529411765,0.0,0.48,0
0.41860465116279066,0.1428571428571429,0.0,0.25,0
0.962962962962963,1.0,1.0,1.0,1
0.2978723404255319,0.23255813953488372,0.0,0.31746031746031744,0
0.2702702702702703,0.3555555555555555,0.0,1.0,0
0.20512820512820518,0.26190476190476186,0.0,0.14678899082568808,0
0.6666666666666667,1.0,1.0,1.0,1
0.23529411764705888,0.34090909090909094,0.0,0.3783783783783784,0
0.9411764705882352,1.0,1.0,1.0,1
0.975609756097561,1.0,1.0,1.0,1
0.96,1.0,1.0,1.0,1
0.9382716049382716,1.0,1.0,1.0,1
0.33333333333333337,0.2465753424657534,0.0,0.22857142857142854,0
0.8181818181818181,1.0,1.0,1.0,1
0.967741935483871,1.0,1.0,1.0,1
0.95,1.0,1.0,1.0,1
0.4489795918367348,0.3370786516853933,0.0,0.3783783783783784,0
0.6923076923076923,1.0,1.0,1.0,1
0.7222222222222221,1.0,1.0,1.0,1
0.23809523809523814,0.2666666666666667,0.0,1.0,0
0.8095238095238095,1.0,1.0,1.0,1
0.33333333333333337,0.31707317073170727,0.0,1.0,0
0.84,1.0,1.0,1.0,1
0.34615384615384615,0.3262411347517731,0.0,0.31746031746031744,0
0.3571428571428571,0.3703703703703704,0.0,0.14678899082568808,0
0.20833333333333337,0.25,1.0,0.42666666666666664,0
0.4285714285714286,0.276595744680851,0.0,0.14678899082568808,0
0.2962962962962963,0.39534883720930236,0.0,1.0,0
0.2666666666666667,0.2857142857142857,0.0,0.288135593220339,0
0.9767441860465115,1.0,1.0,1.0,1
0.3448275862068966,0.3508771929824561,0.0,0.25,0
0.7837837837837838,1.0,1.0,1.0,1
0.8461538461538461,1.0,1.0,1.0,1
0.7741935483870968,0.4067796610169492,0.0,1.0,0
0.826086956521739,1.0,1.0,1.0,1
0.8,1.0,1.0,1.0,1
0.923076923076923,1.0,1.0,1.0,1
0.9545454545454546,1.0,1.0,1.0,1
0.8518518518518519,1.0,1.0,1.0,1
0.32432432432432434,0.303030303030303,0.0,1.0,0
0.4516129032258065,0.0,0.0,1.0,0
0.8095238095238095,1.0,1.0,1.0,1
0.9189189189189189,1.0,1.0,1.0,1
0.30000000000000004,0.384,0.0,0.4,0
0.4,0.1523809523809524,0.0,0.3214285714285714,0
0.23529411764705888,0.32098765432098764,0.0,0.25,0
0.39130434782608686,0.22499999999999998,0.0,0.45569620253164556,0
0.8620689655172413,1.0,1.0,1.0,1
0.736842105263158,1.0,1.0,1.0,1
0.782608695652174,1.0,1.0,1.0,1
0.25,0.288135593220339,0.0,1.0,0
0.24242424242424243,0.33333333333333337,0.0,0.48,0
0.3448275862068966,0.35,0.0,0.31746031746031744,0
0.2272727272727273,0.44999999999999996,0.0,1.0,0
0.7619047619047619,1.0,1.0,1.0,1
0.38888888888888884,0.36363636363636365,0.0,0.3783783783783784,0
0.32258064516129037,0.3870967741935484,1.0,0.45569620253164556,0
0.8571428571428572,1.0,1.0,1.0,1
0.32432432432432434,0.3648648648648649,0.0,0.33333333333333337,0
0.9024390243902439,1.0,1.0,1.0,1
0.3414634146341463,0.3142857142857143,0.0,0.2545454545454545,0
0.9767441860465115,1.0,1.0,1.0,1
0.2702702702702703,0.34883720930232553,0.0,0.4761904761904761,0
0.7916666666666665,1.0,1.0,1.0,1
0.2857142857142857,0.33333333333333337,0.0,0.35820895522388063,0
0.32258064516129037,0.23809523809523814,0.0,0.4444444444444444,0
0.8333333333333335,1.0,1.0,1.0,1
0.21052631578947367,0.26168224299065423,0.0,0.3597122302158273,0
0.2941176470588235,0.30534351145038163,1.0,0.36363636363636365,0
0.2941176470588235,0.4,0.0,0.41666666666666663,0
0.25806451612903225,0.2857142857142857,0.0,0.14678899082568808,0
0.8333333333333335,1.0,1.0,1.0,1
0.37735849056603776,0.3076923076923077,0.0,0.23333333333333328,0
0.36734693877551017,0.3698630136986301,0.0,0.25,0
0.33333333333333337,0.34782608695652173,0.0,0.3597122302158273,0
0.368421052631579,0.4719101123595506,0.0,0.31746031746031744,0
0.368421052631579,0.27826086956521734,0.0,0.2545454545454545,0
0.875,1.0,1.0,1.0,1
0.9285714285714286,1.0,1.0,1.0,1
0.962962962962963,1.0,1.0,1.0,1
0.24137931034482762,0.27450980392156865,0.0,0.36363636363636365,0
0.7894736842105263,1.0,1.0,1.0,1
0.8333333333333335,1.0,1.0,1.0,1
0.4,0.0,0.0,0.4761904761904761,0
0.6666666666666667,1.0,1.0,1.0,1
0.9411764705882352,1.0,1.0,1.0,1
0.3571428571428571,0.24489795918367352,0.0,0.14678899082568808,0
0.962962962962963,1.0,1.0,1.0,1
0.7037037037037037,1.0,1.0,1.0,1
0.3448275862068966,0.28148148148148144,0.0,0.2545454545454545,0
0.96,1.0,1.0,1.0,1
0.804878048780488,1.0,1.0,1.0,1
0.75,1.0,1.0,1.0,1
0.13793103448275867,0.32727272727272727,0.0,0.31746031746031744,0
0.75,1.0,1.0,1.0,1
0.8333333333333335,1.0,1.0,1.0,1
0.36734693877551017,0.367816091954023,1.0,0.25,0
0.7619047619047619,1.0,1.0,1.0,1
0.9545454545454546,1.0,1.0,1.0,1
0.3508771929824561,0.368421052631579,1.0,0.43333333333333335,0
0.9,1.0,1.0,1.0,1
0.20512820512820518,0.32558139534883723,0.0,0.36363636363636365,0
0.9714285714285714,1.0,1.0,1.0,1
0.8275862068965517,1.0,1.0,1.0,1
0.8095238095238095,1.0,1.0,1.0,1
0.9523809523809522,1.0,1.0,1.0,1
0.3902439024390244,0.3855421686746988,0.0,0.25,0
0.25396825396825395,0.28,0.0,1.0,0
0.19354838709677424,0.3090909090909091,0.0,0.14814814814814814,0
0.804878048780488,1.0,1.0,1.0,1
0.21739130434782605,0.33333333333333337,0.0,1.0,0
0.32432432432432434,0.31999999999999995,0.0,0.4545454545454546,0
0.3529411764705882,0.3561643835616438,0.0,0.25,0
0.84,1.0,1.0,1.0,1
0.962962962962963,1.0,1.0,1.0,1
0.3076923076923077,0.4217687074829932,0.0,0.2545454545454545,0
0.2857142857142857,0.4126984126984127,0.0,0.2545454545454545,0
0.9565217391304348,1.0,1.0,1.0,1
0.7777777777777779,1.0,1.0,1.0,1
0.9444444444444444,1.0,1.0,1.0,1
0.25806451612903225,0.27941176470588236,0.0,1.0,0
0.7777777777777779,1.0,1.0,1.0,1
0.7647058823529411,1.0,1.0,1.0,1
0.9583333333333335,1.0,1.0,1.0,1
0.7727272727272727,1.0,1.0,1.0,1
0.38888888888888884,0.12389380530973447,0.0,1.0,0
0.9130434782608696,1.0,1.0,1.0,1
0.68,1.0,1.0,1.0,1
0.2857142857142857,0.3893805309734514,0.0,0.23076923076923073,0
0.37735849056603776,0.30927835051546393,0.0,0.40909090909090906,0
0.9565217391304348,1.0,1.0,1.0,1
0.4324324324324324,0.41860465116279066,0.0,0.25,0
0.4,0.3055555555555556,0.0,0.2857142857142857,0
0.8333333333333335,1.0,1.0,1.0,1
0.2727272727272727,0.20833333333333337,0.0,1.0,0
0.4324324324324324,0.2828282828282829,1.0,0.25,0
0.33333333333333337,0.3188405797101449,0.0,0.42666666666666664,0
0.2666666666666667,0.28915662650602414,1.0,0.31746031746031744,0
0.962962962962963,1.0,1.0,1.0,1
0.7916666666666665,1.0,1.0,1.0,1
0.36,0.2823529411764706,0.0,0.25,0
0.826086956521739,1.0,1.0,1.0,1
0.8333333333333335,1.0,1.0,1.0,1
0.2162162162162162,0.3584905660377359,0.0,0.30508474576271183,0
0.24390243902439024,0.2857142857142857,1.0,0.25,0
0.2692307692307693,0.30107526881720426,0.0,0.35820895522388063,0
0.962962962962963,1.0,1.0,1.0,1
0.6923076923076923,1.0,1.0,1.0,1
0.25806451612903225,0.2894736842105263,1.0,0.25,0
0.25806451612903225,0.3106796116504854,0.0,0.3597122302158273,0
0.7647058823529411,1.0,1.0,1.0,1
0.782608695652174,1.0,1.0,1.0,1
0.3793103448275862,0.3418803418803419,0.0,0.2545454545454545,0
0.2777777777777778,0.26315789473684215,0.0,0.3597122302158273,0
0.9565217391304348,1.0,1.0,1.0,1
0.9189189189189189,1.0,1.0,1.0,1
0.2857142857142857,0.0625,0.0,0.25,0
0.4545454545454546,0.32558139534883723,0.0,0.34285714285714286,0
0.2777777777777778,0.22784810126582278,0.0,0.3597122302158273,0
0.9642857142857143,1.0,1.0,1.0,1
0.8181818181818181,1.0,1.0,1.0,1
0.7777777777777779,1.0,1.0,1.0,1
0.8666666666666667,1.0,1.0,1.0,1
0.26086956521739135,0.29702970297029707,0.0,0.36363636363636365,0
0.7714285714285716,1.0,1.0,1.0,1
0.8518518518518519,1.0,1.0,1.0,1
0.30000000000000004,0.23188405797101452,0.0,0.25,0
0.8333333333333335,1.0,1.0,1.0,1
0.2666666666666667,0.1573033707865169,0.0,0.5154639175257731,0
0.4878048780487805,0.3065693430656934,0.0,0.48,0
0.972972972972973,1.0,1.0,1.0,1
0.8181818181818181,1.0,1.0,1.0,1
0.24242424242424243,0.3733333333333333,0.0,1.0,0
0.75,1.0,1.0,1.0,1
0.2807017543859649,0.3076923076923077,1.0,1.0,0
0.5555555555555556,1.0,1.0,1.0,1
0.24489795918367352,0.36,0.0,0.14814814814814814,0
0.8648648648648648,1.0,1.0,1.0,1
0.33333333333333337,0.3076923076923077,0.0,0.41666666666666663,0
0.25806451612903225,0.3908045977011494,1.0,0.4761904761904761,0
0.4324324324324324,0.31496062992125984,0.0,0.3214285714285714,0
0.9411764705882352,1.0,1.0,1.0,1
0.9615384615384616,1.0,1.0,1.0,1
0.826086956521739,1.0,1.0,1.0,1
0.375,0.3023255813953488,0.0,0.2545454545454545,0
0.4126984126984127,0.2093023255813954,0.0,0.2545454545454545,0
0.2978723404255319,0.37254901960784315,0.0,0.14678899082568808,0
0.25806451612903225,0.2702702702702703,0.0,0.25,0
0.8857142857142857,1.0,1.0,1.0,1
0.3846153846153846,0.2857142857142857,1.0,0.2222222222222222,0
0.7058823529411764,1.0,1.0,1.0,1
0.32258064516129037,0.2153846153846154,0.0,0.31746031746031744,0
0.8461538461538461,1.0,1.0,1.0,1
0.6363636363636364,1.0,1.0,1.0,1
0.26315789473684215,0.31746031746031744,0.0,0.5154639175257731,0
0.9189189189189189,1.0,1.0,1.0,1
0.2666666666666667,0.2816901408450704,0.0,0.38095238095238093,0
0.31999999999999995,0.24,0.0,0.3597122302158273,0
0.3076923076923077,0.40909090909090906,0.0,0.25,0
0.84375,1.0,1.0,1.0,1
0.34615384615384615,0.2592592592592593,0.0,1.0,0
0.32432432432432434,0.26530612244897955,0.0,0.36363636363636365,0
0.736842105263158,1.0,1.0,1.0,1
0.3414634146341463,0.3655913978494624,0.0,1.0,0
0.34042553191489366,0.3232323232323232,0.0,0.2857142857142857,0
0.7777777777777779,1.0,1.0,1.0,1
0.38888888888888884,0.32558139534883723,0.0,0.25,0
0.36363636363636365,0.31999999999999995,0.0,0.25,0
0.7619047619047619,1.0,1.0,1.0,1
0.33333333333333337,0.15517241379310343,0.0,0.42666666666666664,0
0.967741935483871,1.0,1.0,1.0,1
0.8918918918918919,1.0,1.0,1.0,1
0.9655172413793103,1.0,1.0,1.0,1
0.32432432432432434,0.3307086614173228,0.0,0.48,0
0.9803921568627451,1.0,1.0,1.0,1
0.33333333333333337,0.37209302325581395,0.0,0.2545454545454545,0
0.926829268292683,1.0,1.0,1.0,1
0.6666666666666667,1.0,1.0,1.0,1
0.34042553191489366,0.2857142857142857,0.0,0.4,0
0.23076923076923073,0.30927835051546393,0.0,1.0,0
0.8095238095238095,1.0,1.0,1.0,1
0.3703703703703704,0.4516129032258065,0.0,0.5454545454545454,0
0.6923076923076923,1.0,1.0,1.0,1
0.3589743589743589,0.33043478260869563,0.0,0.23076923076923073,0
0.37735849056603776,0.30612244897959184,0.0,0.25,0
0.75,1.0,1.0,1.0,1
0.9655172413793103,1.0,1.0,1.0,1
0.19354838709677424,0.21739130434782605,0.0,1.0,0
0.7894736842105263,1.0,1.0,1.0,1
0.21818181818181814,0.0,0.0,1.0,0
0.5161290322580645,0.17204301075268813,0.0,0.36363636363636365,0
0.8484848484848484,1.0,1.0,1.0,1
0.9259259259259259,1.0,1.0,1.0,1
0.7222222222222221,1.0,1.0,1.0,1
0.9069767441860467,1.0,1.0,1.0,1
0.9583333333333335,1.0,1.0,1.0,1
0.8888888888888888,1.0,1.0,1.0,1
0.33333333333333337,0.275,0.0,0.14814814814814814,0
0.736842105263158,1.0,1.0,1.0,1
0.4,0.4035087719298246,1.0,0.14678899082568808,0
0.1333333333333333,0.273972602739726,0.0,0.14678899082568808,0
0.25,0.34883720930232553,1.0,0.41379310344827597,0
0.30188679245283023,0.29885057471264365,0.0,0.14678899082568808,0
0.27586206896551724,0.23684210526315785,0.0,0.36363636363636365,0
0.36,0.30952380952380953,0.0,0.4545454545454546,0
0.8709677419354839,1.0,1.0,1.0,1
0.8095238095238095,1.0,1.0,1.0,1
0.4,0.3172413793103448,0.0,0.3783783783783784,0
0.27586206896551724,0.328125,0.0,0.25,0
0.8888888888888888,1.0,1.0,1.0,1
0.8181818181818181,1.0,1.0,1.0,1
0.2857142857142857,0.2909090909090909,0.0,0.48,0
0.3589743589743589,0.3529411764705882,0.0,0.3125,0
0.3555555555555555,0.21875,0.0,0.2857142857142857,0
0.6363636363636364,1.0,1.0,1.0,1
0.4615384615384615,0.3370786516853933,0.0,0.14678899082568808,0
0.875,1.0,1.0,1.0,1
0.23076923076923073,0.2941176470588235,0.0,0.3783783783783784,0
0.23076923076923073,0.2524271844660194,0.0,0.3597122302158273,0
0.782608695652174,1.0,1.0,1.0,1
0.2068965517241379,0.20588235294117652,0.0,1.0,0
0.375,0.2941176470588235,0.0,0.2545454545454545,0
0.8620689655172413,1.0,1.0,1.0,1
0.3571428571428571,0.2191780821917808,0.0,0.2264150943396226,0
0.35,0.28888888888888886,0.0,0.40909090909090906,0
0.84,1.0,1.0,1.0,1
0.34285714285714286,0.30379746835443033,0.0,0.4,0
0.2941176470588235,0.31304347826086953,0.0,0.4,0
0.33333333333333337,0.19047619047619047,0.0,0.3783783783783784,0
0.9473684210526316,1.0,1.0,1.0,1
0.3902439024390244,0.3458646616541353,0.0,0.5154639175257731,0
0.8787878787878788,1.0,1.0,1.0,1
0.4,0.3666666666666667,0.0,0.48,0
0.9444444444444444,1.0,1.0,1.0,1
0.8181818181818181,1.0,1.0,1.0,1
0.6666666666666667,1.0,1.0,1.0,1
0.7037037037037037,1.0,1.0,1.0,1
0.6666666666666667,1.0,1.0,1.0,1
0.8,1.0,1.0,1.0,1
0.7037037037037037,1.0,1.0,1.0,1
0.8,1.0,1.0,1.0,1
0.3157894736842105,0.273972602739726,0.0,0.3783783783783784,0
0.9545454545454546,1.0,1.0,1.0,1
0.4285714285714286,0.3146067415730337,0.0,0.3597122302158273,0
0.34615384615384615,0.3278688524590164,0.0,0.5154639175257731,0
0.3448275862068966,0.34615384615384615,0.0,1.0,0
0.2857142857142857,0.2816901408450704,0.0,0.2545454545454545,0
0.14814814814814814,0.34285714285714286,0.0,1.0,0
0.2692307692307693,0.35036496350364965,0.0,1.0,0
0.27586206896551724,0.2978723404255319,0.0,1.0,0
0.3529411764705882,0.29850746268656714,0.0,0.36363636363636365,0
0.34042553191489366,0.38383838383838387,0.0,0.22857142857142854,0
0.9743589743589743,1.0,1.0,1.0,1
0.25806451612903225,0.2941176470588235,0.0,0.48,0
0.33333333333333337,0.25806451612903225,0.0,0.3783783783783784,0
0.3414634146341463,0.3157894736842105,0.0,0.25,0
0.6190476190476191,1.0,1.0,1.0,1
0.4285714285714286,0.3013698630136986,0.0,0.3597122302158273,0
0.29268292682926833,0.23188405797101452,0.0,1.0,0
0.3111111111111111,0.16129032258064513,0.0,0.43333333333333335,0
0.96,1.0,1.0,1.0,1
0.25,0.375,0.0,0.35820895522388063,0
0.9714285714285714,1.0,1.0,1.0,1
0.9411764705882352,1.0,1.0,1.0,1
0.34375,0.3188405797101449,1.0,0.4545454545454546,0
0.9714285714285714,1.0,1.0,1.0,1
0.7037037037037037,1.0,1.0,1.0,1
0.25,0.4489795918367348,1.0,0.35820895522388063,0
0.9714285714285714,1.0,1.0,1.0,1
0.68,1.0,1.0,1.0,1
0.339622641509434,0.21505376344086025,0.0,0.36923076923076925,0
0.2702702702702703,0.3689320388349514,0.0,1.0,0
0.9565217391304348,1.0,1.0,1.0,1
0.96,1.0,1.0,1.0,1
0.96,1.0,1.0,1.0,1
0.3076923076923077,0.3076923076923077,0.0,0.3597122302158273,0
0.27586206896551724,0.34285714285714286,0.0,0.4545454545454546,0
0.32558139534883723,0.33870967741935487,0.0,1.0,0
0.3157894736842105,0.3711340206185567,0.0,0.25,0
0.7647058823529411,1.0,1.0,1.0,1
0.8787878787878788,1.0,1.0,1.0,1
0.9565217391304348,1.0,1.0,1.0,1
0.9333333333333332,1.0,1.0,1.0,1
0.37209302325581395,0.19819819819819817,0.0,0.30508474576271183,0
0.33333333333333337,0.2647058823529411,1.0,0.3597122302158273,0
0.40816326530612246,0.2823529411764706,0.0,0.4,0
0.3846153846153846,0.2857142857142857,0.0,0.4,0
0.7111111111111111,0.41538461538461535,0.0,1.0,0
0.32432432432432434,0.24,0.0,0.2545454545454545,0
0.9811320754716981,1.0,1.0,1.0,1
0.31818181818181823,0.2857142857142857,0.0,0.43333333333333335,0
0.2666666666666667,0.29268292682926833,0.0,0.48,0
0.8095238095238095,1.0,1.0,1.0,1
0.7142857142857143,1.0,1.0,1.0,1
0.7419354838709676,1.0,1.0,1.0,1
0.962962962962963,1.0,1.0,1.0,1
0.6666666666666667,1.0,1.0,1.0,1
0.34042553191489366,0.21052631578947367,0.0,0.3589743589743589,0
0.2162162162162162,0.3146067415730337,0.0,0.3597122302158273,0
0.23076923076923073,0.3125,0.0,0.25,0
0.23076923076923073,0.44594594594594594,0.0,0.4,0
0.6,1.0,1.0,1.0,1
0.2941176470588235,0.3551401869158879,0.0,0.3597122302158273,0
0.23529411764705888,0.28205128205128205,0.0,0.3597122302158273,0
0.33333333333333337,0.10869565217391308,0.0,1.0,0
0.7894736842105263,1.0,1.0,1.0,1
0.9523809523809522,1.0,1.0,1.0,1
0.75,1.0,1.0,1.0,1
0.8888888888888888,1.0,1.0,1.0,1
0.31999999999999995,0.21052631578947367,0.0,0.35820895522388063,0
0.32432432432432434,0.23076923076923073,0.0,1.0,0
0.8,1.0,1.0,1.0,1
0.40909090909090906,0.35955056179775285,0.0,0.3783783783783784,0
0.5263157894736843,0.3232323232323232,0.0,0.25,0
0.7241379310344827,1.0,1.0,1.0,1
0.21276595744680848,0.3294117647058824,1.0,0.48,0
0.24,0.4,1.0,0.4444444444444444,0
0.9583333333333335,1.0,1.0,1.0,1
0.9444444444444444,1.0,1.0,1.0,1
0.9591836734693877,1.0,1.0,1.0,1
0.36065573770491793,0.34782608695652173,0.0,0.34285714285714286,0
0.7894736842105263,1.0,1.0,1.0,1
0.962962962962963,1.0,1.0,1.0,1
0.2941176470588235,0.30000000000000004,0.0,0.3941605839416058,0
0.7647058823529411,1.0,1.0,1.0,1
0.25,0.24096385542168675,0.0,0.36363636363636365,0
0.3076923076923077,0.21739130434782605,0.0,0.2545454545454545,0
0.7777777777777779,1.0,1.0,1.0,1
0.26315789473684215,0.22499999999999998,0.0,0.3597122302158273,0
0.35,0.28846153846153844,0.0,0.3597122302158273,0
0.3571428571428571,0.24,0.0,0.25,0
0.2666666666666667,0.2978723404255319,0.0,0.3597122302158273,0
0.41463414634146345,0.32608695652173914,0.0,0.35820895522388063,0
0.4,0.2823529411764706,0.0,0.3783783783783784,0
0.7948717948717949,1.0,1.0,1.0,1
0.7333333333333334,1.0,1.0,1.0,1
0.7037037037037037,1.0,1.0,1.0,1
0.6666666666666667,1.0,1.0,1.0,1
0.95,1.0,1.0,1.0,1
0.9473684210526316,1.0,1.0,1.0,1
0.9523809523809522,1.0,1.0,1.0,1
0.3125,0.36090225563909767,0.0,0.5454545454545454,0
0.2962962962962963,0.38848920863309355,0.0,0.2545454545454545,0
0.32727272727272727,0.19565217391304343,0.0,0.4545454545454546,0
0.2941176470588235,0.31999999999999995,0.0,0.14678899082568808,0
0.967741935483871,1.0,1.0,1.0,1
0.8,1.0,1.0,1.0,1
0.303030303030303,0.3214285714285714,0.0,0.3783783783783784,0
0.8181818181818181,1.0,1.0,1.0,1
0.33333333333333337,0.33009708737864074,0.0,0.34782608695652173,0
0.4705882352941176,0.2148760330578512,0.0,0.2222222222222222,0
0.3846153846153846,0.32727272727272727,0.0,0.14678899082568808,0
0.7647058823529411,1.0,1.0,1.0,1
0.25806451612903225,0.23529411764705888,0.0,0.4545454545454546,0
0.9743589743589743,1.0,1.0,1.0,1
0.32258064516129037,0.30612244897959184,0.0,0.25,0
0.9032258064516128,1.0,1.0,1.0,1
0.2666666666666667,0.34951456310679613,0.0,0.35820895522388063,0
0.9259259259259259,1.0,1.0,1.0,1
0.972972972972973,1.0,1.0,1.0,1
0.6363636363636364,1.0,1.0,1.0,1
0.43478260869565216,0.2637362637362637,0.0,0.3597122302158273,0
0.2068965517241379,0.26086956521739135,0.0,0.23333333333333328,0
0.9642857142857143,1.0,1.0,1.0,1
0.9411764705882352,1.0,1.0,1.0,1
0.9215686274509803,1.0,1.0,1.0,1
0.37735849056603776,0.2666666666666667,0.0,0.35820895522388063,0
0.3076923076923077,0.3653846153846154,0.0,0.3597122302158273,0
0.7727272727272727,1.0,1.0,1.0,1
0.6666666666666667,1.0,1.0,1.0,1
0.7916666666666665,1.0,1.0,1.0,1
0.17142857142857137,0.3111111111111111,0.0,0.31746031746031744,0
0.8823529411764706,1.0,1.0,1.0,1
0.8,1.0,1.0,1.0,1
0.5555555555555556,1.0,1.0,1.0,1
0.8461538461538461,1.0,1.0,1.0,1
0.25806451612903225,0.2790697674418605,0.0,0.2545454545454545,0
0.8461538461538461,1.0,1.0,1.0,1
0.2727272727272727,0.37142857142857144,0.0,1.0,0
0.9545454545454546,1.0,1.0,1.0,1
0.32558139534883723,0.23255813953488372,0.0,0.34285714285714286,0
0.8095238095238095,1.0,1.0,1.0,1
0.339622641509434,0.36363636363636365,0.0,0.25,0
0.975609756097561,1.0,1.0,1.0,1
0.8,1.0,1.0,1.0,1
0.8837209302325582,1.0,1.0,1.0,1
0.2962962962962963,0.25742574257425743,0.0,1.0,0
0.7037037037037037,1.0,1.0,1.0,1
0.7142857142857143,1.0,1.0,1.0,1
0.4642857142857143,0.2857142857142857,0.0,0.31746031746031744,0
0.8571428571428572,1.0,1.0,1.0,1
0.8666666666666667,1.0,1.0,1.0,1
0.09999999999999998,0.2727272727272727,0.0,0.3597122302158273,0
0.9545454545454546,1.0,1.0,1.0,1
0.96,1.0,1.0,1.0,1
0.8857142857142857,1.0,1.0,1.0,1
0.9491525423728814,1.0,1.0,1.0,1
0.303030303030303,0.36363636363636365,0.0,0.3597122302158273,0
0.8181818181818181,1.0,1.0,1.0,1
0.7894736842105263,1.0,1.0,1.0,1
0.34782608695652173,0.41666666666666663,0.0,0.48,0
0.33333333333333337,0.23076923076923073,0.0,0.3783783783783784,0
0.6923076923076923,1.0,1.0,1.0,1
0.8387096774193549,1.0,1.0,1.0,1
0.8620689655172413,1.0,1.0,1.0,1
0.782608695652174,1.0,1.0,1.0,1
0.24242424242424243,0.23943661971830987,0.0,0.38095238095238093,0
0.8275862068965517,1.0,1.0,1.0,1
0.3076923076923077,0.3853211009174312,1.0,0.31746031746031744,0
0.6521739130434783,1.0,1.0,1.0,1
0.8333333333333335,1.0,1.0,1.0,1
0.3943661971830986,0.26086956521739135,0.0,1.0,0
0.326530612244898,0.4,1.0,0.48,0
0.9565217391304348,1.0,1.0,1.0,1
0.9491525423728814,1.0,1.0,1.0,1
0.7333333333333334,1.0,1.0,1.0,1
0.967741935483871,1.0,1.0,1.0,1
0.8,1.0,1.0,1.0,1
0.3529411764705882,0.3458646616541353,0.0,0.25,0
0.9375,1.0,1.0,1.0,1
0.3728813559322034,0.419047619047619,0.0,0.2857142857142857,0
0.33333333333333337,0.3125,0.0,0.35820895522388063,0
0.9545454545454546,1.0,1.0,1.0,1
0.9375,1.0,1.0,1.0,1
0.8461538461538461,1.0,1.0,1.0,1
0.8974358974358975,1.0,1.0,1.0,1
0.1578947368421053,0.3366336633663366,0.0,0.41379310344827597,0
0.826086956521739,1.0,1.0,1.0,1
0.42105263157894735,0.2222222222222222,0.0,0.3597122302158273,0
0.8214285714285714,1.0,1.0,1.0,1
0.25,0.2962962962962963,0.0,0.42666666666666664,0
0.38095238095238093,0.33333333333333337,0.0,0.3597122302158273,0
0.8181818181818181,1.0,1.0,1.0,1
0.926829268292683,1.0,1.0,1.0,1
0.8,1.0,1.0,1.0,1
0.7894736842105263,1.0,1.0,1.0,1
0.5714285714285714,0.26190476190476186,0.0,1.0,0
0.30000000000000004,0.32432432432432434,0.0,1.0,0
0.31818181818181823,0.4814814814814815,0.0,0.48,0
0.9714285714285714,1.0,1.0,1.0,1
0.826086956521739,1.0,1.0,1.0,1
0.8095238095238095,1.0,1.0,1.0,1
0.9523809523809522,1.0,1.0,1.0,1
0.38888888888888884,0.4409448818897638,0.0,1.0,0
0.9,1.0,1.0,1.0,1
0.40909090909090906,0.3076923076923077,0.0,0.2545454545454545,0
0.75,1.0,1.0,1.0,1
0.7837837837837838,1.0,1.0,1.0,1
0.6666666666666667,1.0,1.0,1.0,1
0.8,1.0,1.0,1.0,1
0.2941176470588235,0.24691358024691357,0.0,0.4761904761904761,0
0.8518518518518519,0.0,1.0,1.0,1
0.9189189189189189,1.0,1.0,1.0,1
0.38095238095238093,0.25531914893617025,0.0,0.1333333333333333,0
0.5555555555555556,1.0,1.0,1.0,1
0.40909090909090906,0.2857142857142857,0.0,1.0,0
0.1875,0.276595744680851,0.0,1.0,0
0.23529411764705888,0.303030303030303,0.0,0.25,0
0.33333333333333337,0.3191489361702128,0.0,0.25,0
0.3846153846153846,0.375,0.0,0.34285714285714286,0
0.45833333333333337,0.2857142857142857,0.0,0.42666666666666664,0
0.26315789473684215,0.4285714285714286,0.0,0.45569620253164556,0
0.84,1.0,1.0,1.0,1
0.30434782608695654,0.276595744680851,0.0,0.5154639175257731,0
0.42105263157894735,0.23655913978494625,1.0,1.0,0
0.28985507246376807,0.4,0.0,0.25,0
0.31818181818181823,0.35820895522388063,0.0,0.38095238095238093,0
0.7037037037037037,1.0,1.0,1.0,1
0.6923076923076923,1.0,1.0,1.0,1
0.68,1.0,1.0,1.0,1
0.826086956521739,1.0,1.0,1.0,1
0.8518518518518519,1.0,1.0,1.0,1
0.3414634146341463,0.29824561403508776,0.0,0.25,0
0.9565217391304348,1.0,1.0,1.0,1
0.2857142857142857,0.21153846153846156,0.0,0.2941176470588235,0
0.6363636363636364,1.0,1.0,1.0,1
0.962962962962963,1.0,1.0,1.0,1
0.3125,0.32098765432098764,0.0,0.25,0
0.7333333333333334,1.0,1.0,1.0,1
0.41860465116279066,0.3090909090909091,0.0,0.41666666666666663,0
0.34285714285714286,0.22988505747126442,0.0,0.31746031746031744,0
0.2666666666666667,0.41666666666666663,0.0,0.36363636363636365,0
0.30434782608695654,0.32432432432432434,0.0,0.14814814814814814,0
0.23529411764705888,0.4411764705882353,0.0,0.45569620253164556,0
0.7727272727272727,1.0,1.0,1.0,1
0.6190476190476191,1.0,1.0,1.0,1
0.3157894736842105,0.2222222222222222,0.0,0.2068965517241379,0
0.967741935483871,1.0,1.0,1.0,1
0.26315789473684215,0.24137931034482762,0.0,0.25,0
0.6923076923076923,1.0,1.0,1.0,1
0.8333333333333335,1.0,1.0,1.0,1
0.1875,0.32558139534883723,0.0,0.25,0
0.7777777777777779,1.0,1.0,1.0,1
0.9438202247191011,1.0,1.0,1.0,1
0.9,1.0,1.0,1.0,1
0.33333333333333337,0.30000000000000004,0.0,0.31746031746031744,0
0.29166666666666663,0.4077669902912622,0.0,1.0,0
0.29166666666666663,0.25806451612903225,0.0,0.20895522388059706,0
0.9583333333333335,1.0,1.0,1.0,1
0.6363636363636364,1.0,1.0,1.0,1
0.24489795918367352,0.32432432432432434,0.0,0.2941176470588235,0
0.4324324324324324,0.3373493975903614,0.0,0.3589743589743589,0
0.6666666666666667,1.0,1.0,1.0,1
0.27586206896551724,0.27586206896551724,0.0,1.0,0
0.4878048780487805,0.3846153846153846,0.0,0.3783783783783784,0
0.8387096774193549,1.0,1.0,1.0,1
0.3125,0.3666666666666667,0.0,0.25,0
0.3125,0.2909090909090909,0.0,0.3597122302158273,0
0.3157894736842105,0.04761904761904767,0.0,0.25,0
0.68,1.0,1.0,1.0,1
0.8888888888888888,1.0,1.0,1.0,1
0.3571428571428571,0.23880597014925375,0.0,0.20895522388059706,0
0.2666666666666667,0.3157894736842105,0.0,0.2545454545454545,0
0.8461538461538461,1.0,1.0,1.0,1
0.7894736842105263,1.0,1.0,1.0,1
0.8823529411764706,1.0,1.0,1.0,1
0.875,1.0,1.0,1.0,1
0.24390243902439024,0.379746835443038,0.0,0.24137931034482762,0
0.33333333333333337,0.27083333333333337,0.0,0.3783783783783784,0
0.7619047619047619,1.0,1.0,1.0,1
0.8823529411764706,1.0,1.0,1.0,1
0.6666666666666667,1.0,1.0,1.0,1
0.3666666666666667,0.29885057471264365,0.0,0.3597122302158273,0
0.3076923076923077,0.2945736434108527,0.0,0.3589743589743589,0
0.43478260869565216,0.2962962962962963,1.0,0.2545454545454545,0
0.37209302325581395,0.3098591549295775,0.0,0.38095238095238093,0
0.7894736842105263,1.0,1.0,1.0,1
0.9655172413793103,1.0,1.0,1.0,1
0.9433962264150944,1.0,1.0,1.0,1
0.75,1.0,1.0,1.0,1
0.30000000000000004,0.37606837606837606,0.0,0.3597122302158273,0
0.6875,1.0,1.0,1.0,1
0.368421052631579,0.28888888888888886,0.0,1.0,0
0.7619047619047619,1.0,1.0,1.0,1
0.7142857142857143,1.0,1.0,1.0,1
0.5098039215686274,0.39534883720930236,0.0,1.0,0
0.34042553191489366,0.1842105263157895,0.0,1.0,0
0.9375,1.0,1.0,1.0,1
0.8367346938775511,1.0,1.0,1.0,1
0.3529411764705882,0.3307086614173228,0.0,0.3597122302158273,0
0.3076923076923077,0.24137931034482762,0.0,0.3597122302158273,0
0.37209302325581395,0.27826086956521734,0.0,0.25,0
0.4,0.22857142857142854,0.0,0.25,0
0.26086956521739135,0.3232323232323232,0.0,1.0,0
0.38095238095238093,0.34210526315789463,0.0,1.0,0
0.9552238805970148,1.0,1.0,1.0,1
0.4242424242424242,0.3513513513513513,0.0,0.41333333333333333,0
0.75,1.0,1.0,1.0,1
0.5789473684210527,1.0,1.0,1.0,1
0.7619047619047619,1.0,1.0,1.0,1
0.2941176470588235,0.2033898305084746,0.0,0.25,0
0.8333333333333335,1.0,1.0,1.0,1
0.782608695652174,1.0,1.0,1.0,1
0.975609756097561,1.0,1.0,1.0,1
0.4444444444444444,0.2028985507246377,0.0,0.34782608695652173,0
0.07999999999999996,0.275,0.0,1.0,0
0.4390243902439024,0.3157894736842105,0.0,1.0,0
0.3870967741935484,0.34,0.0,1.0,0
0.9565217391304348,1.0,1.0,1.0,1
0.30000000000000004,0.25396825396825395,0.0,0.3278688524590164,0
0.30000000000000004,0.0,0.0,0.36923076923076925,0
0.8214285714285714,1.0,1.0,1.0,1
0.32258064516129037,0.3414634146341463,0.0,0.25,0
0.8857142857142857,1.0,1.0,1.0,1
0.8709677419354839,1.0,1.0,1.0,1
0.26086956521739135,0.27083333333333337,1.0,0.5154639175257731,0
0.9508196721311475,1.0,1.0,1.0,1
0.8823529411764706,1.0,1.0,1.0,1
0.8181818181818181,1.0,1.0,1.0,1
0.9545454545454546,1.0,1.0,1.0,1
0.2727272727272727,0.33898305084745756,0.0,0.41333333333333333,0
0.7777777777777779,1.0,1.0,1.0,1
0.8181818181818181,1.0,1.0,1.0,1
0.2564102564102564,0.2682926829268293,0.0,0.25,0
0.375,0.2857142857142857,1.0,0.1333333333333333,0
0.962962962962963,1.0,1.0,1.0,1
0.30434782608695654,0.3287671232876712,0.0,0.25,0
0.30000000000000004,0.3137254901960784,0.0,0.24242424242424243,0
0.3529411764705882,0.3058823529411765,0.0,0.41860465116279066,0
0.7916666666666665,1.0,1.0,1.0,1
0.8333333333333335,1.0,1.0,1.0,1
0.5294117647058824,1.0,1.0,1.0,1
0.8387096774193549,1.0,1.0,1.0,1
0.9411764705882352,1.0,1.0,1.0,1
0.2564102564102564,0.0,0.0,0.35820895522388063,0
0.9615384615384616,1.0,1.0,1.0,1
0.7727272727272727,0.0,1.0,1.0,1
0.9666666666666667,1.0,1.0,1.0,1
0.7419354838709676,1.0,1.0,1.0,1
0.4705882352941176,0.29333333333333333,0.0,0.4761904761904761,0
0.8,1.0,1.0,1.0,1
0.8,1.0,1.0,1.0,1
0.34782608695652173,0.3366336633663366,0.0,0.288135593220339,0
0.9696969696969697,1.0,1.0,1.0,1
0.4067796610169492,0.3423423423423423,0.0,1.0,0
0.8857142857142857,1.0,1.0,1.0,1
0.36363636363636365,0.4615384615384615,1.0,0.3597122302158273,0
0.3783783783783784,0.1333333333333333,0.0,1.0,0
0.7916666666666665,1.0,1.0,1.0,1
0.8484848484848484,1.0,1.0,1.0,1
0.8684210526315791,1.0,1.0,1.0,1
0.35,0.3106796116504854,0.0,1.0,0
0.3414634146341463,0.2018348623853211,0.0,1.0,0
0.3076923076923077,0.25263157894736843,0.0,0.3783783783783784,0
0.9523809523809522,1.0,1.0,1.0,1
0.9538461538461537,1.0,1.0,1.0,1
0.25,0.3571428571428571,0.0,0.24242424242424243,0
0.9714285714285714,1.0,1.0,1.0,1
0.2777777777777778,0.12121212121212122,0.0,1.0,0
0.27586206896551724,0.32608695652173914,0.0,0.3597122302158273,0
0.9538461538461537,1.0,1.0,1.0,1
0.2068965517241379,0.24137931034482762,0.0,0.31746031746031744,0
0.7647058823529411,1.0,1.0,1.0,1
0.9696969696969697,1.0,1.0,1.0,1
0.25806451612903225,0.3023255813953488,0.0,0.25,0
0.21276595744680848,0.32727272727272727,0.0,0.36363636363636365,0
0.9433962264150944,1.0,1.0,1.0,1
0.826086956521739,1.0,1.0,1.0,1
0.2702702702702703,0.2784810126582279,0.0,1.0,0
0.8620689655172413,1.0,1.0,1.0,1
0.368421052631579,0.3669724770642202,0.0,0.45569620253164556,0
0.7894736842105263,1.0,1.0,1.0,1
0.8431372549019608,1.0,1.0,1.0,1
0.303030303030303,0.35862068965517246,0.0,0.31746031746031744,0
0.34782608695652173,0.28125,0.0,0.4444444444444444,0
0.33333333333333337,0.3278688524590164,0.0,0.20895522388059706,0
0.41379310344827597,0.34615384615384615,0.0,0.36363636363636365,0
0.38888888888888884,0.33684210526315794,0.0,0.31746031746031744,0
0.68,1.0,1.0,1.0,1
0.36923076923076925,0.22429906542056077,0.0,0.45569620253164556,0
0.8095238095238095,1.0,1.0,1.0,1
0.2962962962962963,0.2666666666666667,0.0,0.25,0
0.29268292682926833,0.3471074380165289,0.0,0.36923076923076925,0
0.84,1.0,1.0,1.0,1
0.8571428571428572,1.0,1.0,1.0,1
0.30188679245283023,0.2786885245901639,0.0,0.2545454545454545,0
0.84,1.0,1.0,1.0,1
0.7419354838709676,1.0,1.0,1.0,1
0.4324324324324324,0.23529411764705888,0.0,0.25,0
0.43137254901960786,0.24137931034482762,0.0,0.25,0
0.68,1.0,1.0,1.0,1
0.2142857142857143,0.4271844660194175,0.0,0.25,0
0.21739130434782605,0.32098765432098764,0.0,0.3589743589743589,0
0.7647058823529411,1.0,1.0,1.0,1
0.9655172413793103,1.0,1.0,1.0,1
0.75,1.0,1.0,1.0,1
0.9743589743589743,1.0,1.0,1.0,1
0.36363636363636365,0.256,0.0,0.5154639175257731,0
0.9655172413793103,1.0,1.0,1.0,1
0.9655172413793103,1.0,1.0,1.0,1
0.7142857142857143,1.0,1.0,1.0,1
0.36363636363636365,0.0,0.0,0.3783783783783784,0
0.8,1.0,1.0,1.0,1
0.7142857142857143,0.0,1.0,1.0,1
0.9777777777777777,1.0,1.0,1.0,1
0.25,0.0,0.0,1.0,0
0.9473684210526316,1.0,1.0,1.0,1
0.23188405797101452,0.24561403508771928,0.0,1.0,0
0.826086956521739,1.0,1.0,1.0,1
0.9714285714285714,1.0,1.0,1.0,1
0.2909090909090909,0.17391304347826086,0.0,0.31746031746031744,0
0.2222222222222222,0.32499999999999996,0.0,1.0,0
0.736842105263158,1.0,1.0,1.0,1
0.33333333333333337,0.379746835443038,0.0,0.3597122302158273,0
0.3921568627450981,0.30000000000000004,0.0,0.3783783783783784,0
0.826086956521739,1.0,1.0,1.0,1
0.736842105263158,1.0,1.0,1.0,1
0.8571428571428572,1.0,1.0,1.0,1
0.3076923076923077,0.33333333333333337,0.0,0.14814814814814814,0
0.33333333333333337,0.3555555555555555,0.0,1.0,0
0.9523809523809522,1.0,1.0,1.0,1
0.8275862068965517,1.0,1.0,1.0,1
0.23809523809523814,0.3529411764705882,1.0,0.3597122302158273,0
0.8333333333333335,1.0,1.0,1.0,1
0.5,1.0,1.0,1.0,1
0.2857142857142857,0.2429906542056075,0.0,0.34285714285714286,0
0.9166666666666665,1.0,1.0,1.0,1
0.28,0.3728813559322034,0.0,0.2545454545454545,0
0.7575757575757575,1.0,1.0,1.0,1
0.35,0.4142011834319527,1.0,0.31746031746031744,0
0.30434782608695654,0.25531914893617025,0.0,0.2857142857142857,0
0.1428571428571429,0.25742574257425743,0.0,0.3597122302158273,0
0.28125,0.31775700934579443,0.0,0.23076923076923073,0
0.7419354838709676,1.0,1.0,1.0,1
0.326530612244898,0.25263157894736843,0.0,0.24137931034482762,0
0.96875,1.0,1.0,1.0,1
0.7037037037037037,1.0,1.0,1.0,1
0.9491525423728814,1.0,1.0,1.0,1
0.36363636363636365,0.2823529411764706,0.0,0.2545454545454545,0
0.7894736842105263,1.0,1.0,1.0,1
0.42105263157894735,0.33766233766233766,0.0,1.0,0
0.9583333333333335,1.0,1.0,1.0,1
0.9523809523809522,1.0,1.0,1.0,1
0.34042553191489366,0.21052631578947367,0.0,0.25,0
0.34615384615384615,0.3132530120481928,1.0,0.25,0
0.6190476190476191,1.0,1.0,1.0,1
0.2666666666666667,0.1351351351351351,0.0,0.24137931034482762,0
0.826086956521739,1.0,1.0,1.0,1
0.28,0.3380281690140845,0.0,0.3597122302158273,0
0.2162162162162162,0.30000000000000004,0.0,0.25,0
0.962962962962963,1.0,1.0,1.0,1
0.4,0.33599999999999997,0.0,1.0,0
0.8684210526315791,1.0,1.0,1.0,1
0.9655172413793103,1.0,1.0,1.0,1
0.8333333333333335,1.0,1.0,1.0,1
0.75,1.0,1.0,1.0,1
0.27586206896551724,0.38636363636363635,0.0,0.31746031746031744,0
0.2857142857142857,0.2564102564102564,1.0,0.25,0
0.24242424242424243,0.2702702702702703,0.0,0.4,0
0.9696969696969697,1.0,1.0,1.0,1
0.9454545454545454,1.0,1.0,1.0,1
0.5294117647058824,0.32835820895522383,0.0,0.3597122302158273,0
0.7647058823529411,1.0,1.0,1.0,1
0.2857142857142857,0.35789473684210527,0.0,0.14678899082568808,0
0.3783783783783784,0.21978021978021978,0.0,0.14678899082568808,0
0.2692307692307693,0.3220338983050848,0.0,0.3783783783783784,0
0.6521739130434783,1.0,1.0,1.0,1
0.7916666666666665,1.0,1.0,1.0,1
0.7058823529411764,1.0,1.0,1.0,1
0.9411764705882352,1.0,1.0,1.0,1
0.9565217391304348,1.0,1.0,1.0,1
0.8,1.0,1.0,1.0,1
0.43478260869565216,0.3308270676691729,0.0,0.33333333333333337,0
0.75,1.0,1.0,1.0,1
0.23255813953488372,0.23529411764705888,0.0,1.0,0
0.8,1.0,1.0,1.0,1
0.3157894736842105,0.36363636363636365,1.0,0.35820895522388063,0
0.8571428571428572,1.0,1.0,1.0,1
0.967741935483871,1.0,1.0,1.0,1
0.975609756097561,1.0,1.0,1.0,1
0.8214285714285714,1.0,1.0,1.0,1
0.8181818181818181,1.0,1.0,1.0,1
0.47272727272727283,0.3508771929824561,1.0,1.0,0
0.7894736842105263,1.0,1.0,1.0,1
0.8857142857142857,1.0,1.0,1.0,1
0.24137931034482762,0.3564356435643564,0.0,0.24137931034482762,0
0.9444444444444444,1.0,1.0,1.0,1
0.2941176470588235,0.375,0.0,0.14814814814814814,0
0.15384615384615385,0.2777777777777778,0.0,0.24137931034482762,0
0.68,1.0,1.0,1.0,1
0.9583333333333335,1.0,1.0,1.0,1
0.68,1.0,1.0,1.0,1
0.36734693877551017,0.265625,0.0,0.14678899082568808,0
0.35,0.4838709677419355,1.0,0.3125,0
0.9655172413793103,1.0,1.0,1.0,1
0.8,1.0,1.0,1.0,1
0.22857142857142854,0.4,0.0,0.3597122302158273,0
0.9743589743589743,1.0,1.0,1.0,1
0.8,1.0,1.0,1.0,1
0.7037037037037037,1.0,1.0,1.0,1
0.8214285714285714,1.0,1.0,1.0,1
0.7575757575757575,1.0,1.0,1.0,1
0.27586206896551724,0.3354037267080745,1.0,0.31746031746031744,0
0.8461538461538461,1.0,1.0,1.0,1
0.3414634146341463,0.2702702702702703,0.0,0.3597122302158273,0
0.21739130434782605,0.3801652892561983,1.0,0.3783783783783784,0
0.7142857142857143,1.0,1.0,1.0,1
0.23529411764705888,0.2191780821917808,0.0,0.14678899082568808,0
0.972972972972973,1.0,1.0,1.0,1
0.8490566037735848,1.0,1.0,1.0,1
0.32558139534883723,0.3373493975903614,0.0,0.2727272727272727,0
0.7916666666666665,1.0,1.0,1.0,1
0.3571428571428571,0.29729729729729726,0.0,0.2857142857142857,0
0.8095238095238095,1.0,1.0,1.0,1
0.26315789473684215,0.2666666666666667,0.0,0.25,0
0.8214285714285714,1.0,1.0,1.0,1
0.31999999999999995,0.3047619047619048,0.0,0.35820895522388063,0
0.8,1.0,1.0,1.0,1
0.3414634146341463,0.3296703296703297,1.0,0.14814814814814814,0
0.8518518518518519,1.0,1.0,1.0,1
0.3902439024390244,0.34343434343434337,0.0,0.42666666666666664,0
0.6,1.0,1.0,1.0,1
0.4736842105263158,0.28301886792452835,0.0,0.1333333333333333,0
0.9333333333333332,1.0,1.0,1.0,1
0.7333333333333334,1.0,1.0,1.0,1
0.8,1.0,1.0,1.0,1
0.6521739130434783,1.0,1.0,1.0,1
0.2702702702702703,0.33333333333333337,0.0,0.31746031746031744,0
0.2666666666666667,0.33684210526315794,0.0,1.0,0
0.2857142857142857,0.2692307692307693,0.0,0.48,0
0.6666666666666667,1.0,1.0,1.0,1
0.34285714285714286,0.2622950819672131,0.0,0.39473684210526316,0
0.7619047619047619,1.0,1.0,1.0,1
0.33333333333333337,0.390625,0.0,0.2545454545454545,0
0.9565217391304348,1.0,1.0,1.0,1
0.2777777777777778,0.2702702702702703,1.0,0.14678899082568808,0
0.9038461538461539,0.0,1.0,1.0,1
0.8709677419354839,1.0,1.0,1.0,1
0.4705882352941176,0.25,1.0,1.0,0
0.47272727272727283,0.23423423423423428,0.0,0.35820895522388063,0
0.8888888888888888,1.0,1.0,1.0,1
0.7894736842105263,1.0,1.0,1.0,1
0.9545454545454546,1.0,1.0,1.0,1
0.975609756097561,1.0,1.0,1.0,1
0.875,1.0,1.0,1.0,1
0.32558139534883723,0.37777777777777777,0.0,1.0,0
0.26086956521739135,0.29729729729729726,0.0,0.25,0
0.26315789473684215,0.25,0.0,1.0,0
0.7727272727272727,1.0,1.0,1.0,1
0.29508196721311475,0.36363636363636365,1.0,1.0,0
0.2702702702702703,0.3125,0.0,0.48,0
0.3783783783783784,0.3458646616541353,0.0,0.20895522388059706,0
0.962962962962963,1.0,1.0,1.0,1
0.26086956521739135,0.24590163934426237,0.0,1.0,0
0.8333333333333335,1.0,1.0,1.0,1
0.814814814814815,1.0,1.0,1.0,1
0.375,0.13888888888888884,0.0,0.25,0
0.33333333333333337,0.2790697674418605,0.0,0.3589743589743589,0
0.36,0.2592592592592593,0.0,0.3597122302158273,0
0.7619047619047619,1.0,1.0,1.0,1
0.4,0.35,0.0,0.25,0
0.34042553191489366,0.3055555555555556,1.0,0.25,0
0.8214285714285714,1.0,1.0,1.0,1
0.8888888888888888,1.0,1.0,1.0,1
0.7241379310344827,1.0,1.0,1.0,1
0.8181818181818181,1.0,1.0,1.0,1
0.8888888888888888,1.0,1.0,1.0,1
0.8461538461538461,1.0,1.0,1.0,1
0.326530612244898,0.28767123287671237,0.0,0.45569620253164556,0
0.6923076923076923,1.0,1.0,1.0,1
0.9565217391304348,1.0,1.0,1.0,1
0.826086956521739,1.0,1.0,1.0,1
0.4242424242424242,0.3827160493827161,0.0,0.36923076923076925,0
0.34615384615384615,0.31999999999999995,0.0,1.0,0
0.9655172413793103,1.0,1.0,1.0,1
0.4705882352941176,0.3655913978494624,0.0,0.4545454545454546,0
0.972972972972973,1.0,1.0,1.0,1
0.9666666666666667,1.0,1.0,1.0,1
0.7142857142857143,1.0,1.0,1.0,1
0.26086956521739135,0.3214285714285714,0.0,0.2857142857142857,0
0.36363636363636365,0.0,0.0,0.3597122302158273,0
0.8181818181818181,1.0,1.0,1.0,1
0.8461538461538461,1.0,1.0,1.0,1
0.5833333333333333,0.4370860927152318,1.0,0.2857142857142857,0
0.3703703703703704,0.3620689655172413,0.0,1.0,0
0.3571428571428571,0.326530612244898,0.0,0.41333333333333333,0
0.3829787234042554,0.34408602150537637,1.0,0.25,0
0.5,0.3098591549295775,1.0,1.0,0
0.9696969696969697,1.0,1.0,1.0,1
0.375,0.29230769230769227,0.0,0.2857142857142857,0
0.2564102564102564,0.3008849557522124,0.0,0.24137931034482762,0
0.7142857142857143,1.0,1.0,1.0,1
0.8333333333333335,1.0,1.0,1.0,1
0.84,1.0,1.0,1.0,1
0.32432432432432434,0.35064935064935066,0.0,0.45569620253164556,0
0.84375,1.0,1.0,1.0,1
0.36,0.28915662650602414,0.0,0.31746031746031744,0
0.9714285714285714,1.0,1.0,1.0,1
0.34782608695652173,0.22857142857142854,0.0,0.3597122302158273,0
0.8,1.0,1.0,1.0,1
0.2222222222222222,0.339622641509434,1.0,1.0,0
0.9473684210526316,1.0,1.0,1.0,1
0.25806451612903225,0.2967741935483871,0.0,0.2545454545454545,0
0.6190476190476191,1.0,1.0,1.0,1
0.95,1.0,1.0,1.0,1
0.8,1.0,1.0,1.0,1
0.33333333333333337,0.29032258064516125,0.0,0.25,0
0.24,0.3661971830985915,1.0,1.0,0
0.5882352941176471,0.3555555555555555,0.0,0.25,0
0.6666666666666667,1.0,1.0,1.0,1
0.9743589743589743,1.0,1.0,1.0,1
0.9714285714285714,1.0,1.0,1.0,1
0.6923076923076923,1.0,1.0,1.0,1
0.32258064516129037,0.2777777777777778,0.0,1.0,0
0.8518518518518519,1.0,1.0,1.0,1
0.36,0.3119266055045872,0.0,0.4,0
0.303030303030303,0.3382352941176471,0.0,0.48,0
0.2564102564102564,0.2666666666666667,0.0,0.25,0
0.34782608695652173,0.273972602739726,0.0,0.4444444444444444,0
0.8076923076923077,1.0,1.0,1.0,1
0.2068965517241379,0.2622950819672131,0.0,0.25,0
0.303030303030303,0.42105263157894735,0.0,0.14678899082568808,0
0.7727272727272727,1.0,1.0,1.0,1
0.967741935483871,1.0,1.0,1.0,1
0.8095238095238095,1.0,1.0,1.0,1
0.33333333333333337,0.2894736842105263,0.0,0.48,0
0.47272727272727283,0.36734693877551017,1.0,0.5154639175257731,0
0.8666666666666667,1.0,1.0,1.0,1
0.9696969696969697,1.0,1.0,1.0,1
0.2790697674418605,0.3548387096774194,0.0,1.0,0
0.972972972972973,1.0,1.0,1.0,1
0.967741935483871,1.0,1.0,1.0,1
0.29508196721311475,0.2272727272727273,0.0,0.45569620253164556,0
0.8333333333333335,1.0,1.0,1.0,1
0.95,1.0,1.0,1.0,1
0.417910447761194,0.3448275862068966,0.0,0.22857142857142854,0
0.5,0.20895522388059706,0.0,1.0,0
0.38095238095238093,0.2807017543859649,0.0,1.0,0
0.3125,0.2962962962962963,0.0,0.3597122302158273,0
0.38095238095238093,0.36734693877551017,0.0,0.31746031746031744,0
0.8571428571428572,1.0,1.0,1.0,1
0.30508474576271183,0.33333333333333337,0.0,0.2545454545454545,0
0.8461538461538461,1.0,1.0,1.0,1
0.75,0.0,1.0,1.0,1
0.8888888888888888,1.0,1.0,1.0,1
0.4375,0.4285714285714286,0.0,0.25,0
0.2857142857142857,0.37623762376237624,0.0,0.2857142857142857,0
0.2962962962962963,0.2592592592592593,0.0,1.0,0
0.34042553191489366,0.26262626262626265,0.0,0.2545454545454545,0
0.9615384615384616,1.0,1.0,1.0,1
0.3880597014925373,0.3826086956521739,0.0,0.3589743589743589,0
0.36363636363636365,0.28865979381443296,0.0,0.14814814814814814,0
0.8857142857142857,1.0,1.0,1.0,1
0.33333333333333337,0.4126984126984127,0.0,1.0,0
0.8333333333333335,1.0,1.0,1.0,1
0.826086956521739,1.0,1.0,1.0,1
0.32558139534883723,0.2588235294117647,0.0,0.3597122302158273,0
0.782608695652174,1.0,1.0,1.0,1
0.8,1.0,1.0,1.0,1
0.25,0.3496503496503497,0.0,0.14678899082568808,0
0.9696969696969697,1.0,1.0,1.0,1
0.41666666666666663,0.3116883116883117,0.0,0.2941176470588235,0
0.42105263157894735,0.2315789473684211,0.0,0.25,0
0.2941176470588235,0.29824561403508776,0.0,0.25,0
0.30000000000000004,0.23300970873786409,0.0,1.0,0
0.8275862068965517,1.0,1.0,1.0,1
0.3555555555555555,0.303030303030303,0.0,0.3597122302158273,0
0.9473684210526316,1.0,1.0,1.0,1
0.9714285714285714,1.0,1.0,1.0,1
0.3703703703703704,0.37362637362637363,0.0,0.36363636363636365,0
0.9444444444444444,1.0,1.0,1.0,1
0.4444444444444444,1.0,1.0,1.0,1
0.45714285714285713,0.3058823529411765,0.0,0.48,0
0.3157894736842105,0.36170212765957444,0.0,0.3214285714285714,0
0.75,1.0,1.0,1.0,1
0.7333333333333334,1.0,1.0,1.0,1
0.3214285714285714,0.0,0.0,0.25,0
0.2777777777777778,0.28776978417266186,1.0,0.48,0
0.9811320754716981,1.0,1.0,1.0,1
0.3111111111111111,0.2857142857142857,1.0,1.0,0
0.896551724137931,1.0,1.0,1.0,1
0.9696969696969697,1.0,1.0,1.0,1
0.9473684210526316,1.0,1.0,1.0,1
0.7777777777777779,1.0,1.0,1.0,1
0.23076923076923073,0.3207547169811321,0.0,1.0,0
0.2666666666666667,0.31666666666666665,0.0,0.45569620253164556,0
0.967741935483871,1.0,1.0,1.0,1
0.9583333333333335,1.0,1.0,1.0,1
0.8,1.0,1.0,1.0,1
0.7948717948717949,1.0,1.0,1.0,1
0.9565217391304348,1.0,1.0,1.0,1
0.9444444444444444,1.0,1.0,1.0,1
0.33333333333333337,0.3137254901960784,0.0,0.25,0
0.96,1.0,1.0,1.0,1
0.19999999999999996,0.3132530120481928,0.0,1.0,0
0.9411764705882352,1.0,1.0,1.0,1
0.24489795918367352,0.31496062992125984,0.0,0.35820895522388063,0
0.3846153846153846,0.2727272727272727,0.0,0.20895522388059706,0
0.44067796610169496,0.25316455696202533,0.0,0.5154639175257731,0
0.4545454545454546,0.25,0.0,0.14678899082568808,0
0.36363636363636365,0.3023255813953488,0.0,0.3597122302158273,0
0.8888888888888888,1.0,1.0,1.0,1
0.40909090909090906,0.33333333333333337,0.0,1.0,0
0.8461538461538461,1.0,1.0,1.0,1
0.7333333333333334,1.0,1.0,1.0,1
0.84,1.0,1.0,1.0,1
0.25531914893617025,0.43478260869565216,0.0,0.25,0
0.7419354838709676,1.0,1.0,1.0,1
0.27586206896551724,0.2947368421052632,0.0,1.0,0
0.2666666666666667,0.339622641509434,0.0,0.4666666666666666,0
0.32432432432432434,0.31055900621118016,0.0,1.0,0
0.303030303030303,0.26086956521739135,0.0,1.0,0
0.6923076923076923,1.0,1.0,1.0,1
0.31999999999999995,0.3414634146341463,0.0,0.25,0
0.95,1.0,1.0,1.0,1
0.7037037037037037,1.0,1.0,1.0,1
0.35,0.2962962962962963,0.0,0.48,0
0.42105263157894735,0.3058823529411765,1.0,1.0,0
0.7619047619047619,1.0,1.0,1.0,1
0.9473684210526316,1.0,1.0,1.0,1
0.2666666666666667,0.25,0.0,0.36363636363636365,0
0.3448275862068966,0.4,0.0,0.35820895522388063,0
0.8333333333333335,1.0,1.0,1.0,1
0.6923076923076923,1.0,1.0,1.0,1
0.75,1.0,1.0,1.0,1
0.7419354838709676,1.0,1.0,1.0,1
0.23076923076923073,0.3218390804597702,0.0,0.3597122302158273,0
0.9696969696969697,1.0,1.0,1.0,1
0.4285714285714286,0.37777777777777777,0.0,1.0,0
0.3589743589743589,0.3666666666666667,0.0,0.3125,0
0.75,1.0,1.0,1.0,1
0.303030303030303,0.33644859813084116,0.0,0.48,0
0.84,1.0,1.0,1.0,1
0.6666666666666667,1.0,1.0,1.0,1
0.962962962962963,1.0,1.0,1.0,1
0.7241379310344827,1.0,1.0,1.0,1
0.38596491228070173,0.30434782608695654,1.0,0.45569620253164556,0
0.8214285714285714,1.0,1.0,1.0,1
0.8620689655172413,1.0,1.0,1.0,1
0.23076923076923073,0.3305785123966942,0.0,1.0,0
0.35,0.37398373983739847,0.0,0.35820895522388063,0
0.7241379310344827,1.0,1.0,1.0,1
0.7777777777777779,1.0,1.0,1.0,1
0.32432432432432434,0.3571428571428571,0.0,1.0,0
0.96,1.0,1.0,1.0,1
0.9545454545454546,1.0,1.0,1.0,1
0.20408163265306123,0.25806451612903225,0.0,0.25,0
0.2962962962962963,0.4411764705882353,1.0,0.41333333333333333,0
0.19354838709677424,0.25531914893617025,0.0,0.25,0
0.8461538461538461,1.0,1.0,1.0,1
0.8571428571428572,1.0,1.0,1.0,1
0.375,0.33333333333333337,0.0,0.3783783783783784,0
0.2666666666666667,0.4375,0.0,0.3125,0
0.25,0.34666666666666673,0.0,0.2545454545454545,0
0.7419354838709676,1.0,1.0,1.0,1
0.32727272727272727,0.24489795918367352,0.0,0.14814814814814814,0
0.3125,0.34375,0.0,1.0,0
0.9433962264150944,1.0,1.0,1.0,1
0.826086956521739,1.0,1.0,1.0,1
0.43999999999999995,0.29885057471264365,1.0,0.4545454545454546,0
0.8529411764705883,1.0,1.0,1.0,1
0.24,0.21212121212121215,0.0,0.3597122302158273,0
0.826086956521739,1.0,1.0,1.0,1
0.8095238095238095,1.0,1.0,1.0,1
0.3728813559322034,0.4,0.0,0.30434782608695654,0
0.9024390243902439,1.0,1.0,1.0,1
0.16000000000000003,0.32692307692307687,0.0,0.5454545454545454,0
0.9655172413793103,1.0,1.0,1.0,1
0.84,1.0,1.0,1.0,1
0.8684210526315791,1.0,1.0,1.0,1
0.7894736842105263,1.0,1.0,1.0,1
0.814814814814815,1.0,1.0,1.0,1
0.2941176470588235,0.27941176470588236,0.0,1.0,0
0.2777777777777778,0.3305785123966942,0.0,0.25,0
0.3492063492063492,0.27586206896551724,0.0,0.42666666666666664,0
0.4,0.26415094339622647,0.0,1.0,0
0.9148936170212765,1.0,1.0,1.0,1
0.5625,0.2647058823529411,0.0,0.2545454545454545,0
0.9714285714285714,1.0,1.0,1.0,1
0.8518518518518519,1.0,1.0,1.0,1
0.29268292682926833,0.4269662921348315,0.0,0.4,0
0.3555555555555555,0.3146067415730337,0.0,0.3597122302158273,0
0.782608695652174,1.0,1.0,1.0,1
0.24242424242424243,0.3025210084033614,1.0,0.3597122302158273,0
0.3829787234042554,0.34426229508196726,0.0,1.0,0
0.25,0.2545454545454545,0.0,0.35820895522388063,0
0.7142857142857143,1.0,1.0,1.0,1
0.375,0.32835820895522383,0.0,0.25,0
0.33333333333333337,0.3508771929824561,0.0,0.5714285714285714,0
0.9523809523809522,1.0,1.0,1.0,1
0.41860465116279066,0.36090225563909767,0.0,0.31746031746031744,0
0.7222222222222221,1.0,1.0,1.0,1
0.3902439024390244,0.25,0.0,0.35820895522388063,0
0.8,1.0,1.0,1.0,1
0.96,1.0,1.0,1.0,1
0.5789473684210527,1.0,1.0,1.0,1
0.826086956521739,1.0,1.0,1.0,1
0.7727272727272727,1.0,1.0,1.0,1
0.7241379310344827,1.0,1.0,1.0,1
0.8095238095238095,1.0,1.0,1.0,1
0.8095238095238095,1.0,1.0,1.0,1
0.68,1.0,1.0,1.0,1
0.7241379310344827,1.0,1.0,1.0,1
0.68,1.0,1.0,1.0,1
0.3157894736842105,0.36363636363636365,0.0,0.2545454545454545,0
0.9375,1.0,1.0,1.0,1
0.9655172413793103,1.0,1.0,1.0,1
0.5789473684210527,1.0,1.0,1.0,1
0.17391304347826086,0.2615384615384615,0.0,0.25,0
0.4444444444444444,0.33333333333333337,0.0,0.4242424242424242,0
0.22857142857142854,0.23333333333333328,0.0,1.0,0
0.3157894736842105,0.0,0.0,0.14678899082568808,0
0.8181818181818181,1.0,1.0,1.0,1
0.2962962962962963,0.375,0.0,0.2545454545454545,0
0.96,1.0,1.0,1.0,1
0.2978723404255319,0.359375,1.0,0.3597122302158273,0
0.32727272727272727,0.46376811594202894,0.0,0.25,0
0.31818181818181823,0.22784810126582278,0.0,0.45569620253164556,0
0.8095238095238095,1.0,1.0,1.0,1
0.9696969696969697,1.0,1.0,1.0,1
0.814814814814815,1.0,1.0,1.0,1
0.8333333333333335,1.0,1.0,1.0,1
0.3529411764705882,0.27450980392156865,0.0,0.5454545454545454,0
0.36363636363636365,0.34782608695652173,0.0,0.35820895522388063,0
0.18181818181818177,0.417910447761194,0.0,0.41666666666666663,0
0.4,0.3278688524590164,0.0,0.25,0
0.9333333333333332,1.0,1.0,1.0,1
0.962962962962963,1.0,1.0,1.0,1
0.923076923076923,1.0,1.0,1.0,1
0.2702702702702703,0.29729729729729726,0.0,0.3597122302158273,0
0.9803921568627451,1.0,1.0,1.0,1
0.826086956521739,1.0,1.0,1.0,1
0.7619047619047619,1.0,1.0,1.0,1
0.9361702127659575,1.0,1.0,1.0,1
0.4242424242424242,0.4444444444444444,0.0,0.20895522388059706,0
0.782608695652174,1.0,1.0,1.0,1
0.12,0.20895522388059706,0.0,1.0,0
0.8518518518518519,1.0,1.0,1.0,1
0.96875,1.0,1.0,1.0,1
0.4,0.35460992907801414,0.0,0.2545454545454545,0
0.21818181818181814,0.2162162162162162,0.0,0.48,0
0.24242424242424243,0.2823529411764706,0.0,0.2545454545454545,0
0.303030303030303,0.3025210084033614,0.0,0.23333333333333328,0
0.35,0.27692307692307694,0.0,0.25,0
0.972972972972973,1.0,1.0,1.0,1
0.8974358974358975,1.0,1.0,1.0,1
0.9655172413793103,1.0,1.0,1.0,1
0.9714285714285714,1.0,1.0,1.0,1
0.7894736842105263,1.0,1.0,1.0,1
0.782608695652174,1.0,1.0,1.0,1
0.3529411764705882,0.30927835051546393,0.0,0.2545454545454545,0
0.30434782608695654,0.19753086419753085,0.0,1.0,0
0.96,1.0,1.0,1.0,1
0.75,1.0,1.0,1.0,1
0.6923076923076923,1.0,1.0,1.0,1
0.3571428571428571,0.27118644067796616,0.0,0.25,0
0.34285714285714286,0.17500000000000004,1.0,0.14814814814814814,0
0.2941176470588235,0.326530612244898,0.0,1.0,0
0.3589743589743589,0.22535211267605637,0.0,0.31746031746031744,0
0.7777777777777779,1.0,1.0,1.0,1
0.4782608695652174,0.12173913043478259,0.0,0.2857142857142857,0
0.8823529411764706,1.0,1.0,1.0,1
0.7142857142857143,1.0,1.0,1.0,1
0.9473684210526316,1.0,1.0,1.0,1
0.4444444444444444,0.25,0.0,0.42666666666666664,0
0.7142857142857143,1.0,1.0,1.0,1
0.6122448979591837,0.28,0.0,1.0,0
0.3666666666666667,0.3047619047619048,0.0,0.3125,0
0.9545454545454546,1.0,1.0,1.0,1
0.8518518518518519,1.0,1.0,1.0,1
0.2941176470588235,0.2702702702702703,0.0,0.5154639175257731,0
0.2857142857142857,0.34782608695652173,0.0,0.2545454545454545,0
0.17142857142857137,0.26415094339622647,0.0,0.3597122302158273,0
0.3157894736842105,0.13592233009708743,0.0,0.5154639175257731,0
0.32432432432432434,0.21739130434782605,0.0,0.3597122302158273,0
0.20512820512820518,0.40449438202247184,0.0,0.3783783783783784,0
0.2727272727272727,0.3157894736842105,0.0,0.23333333333333328,0
0.6521739130434783,0.0,1.0,1.0,1
0.29268292682926833,0.3013698630136986,1.0,0.3783783783783784,0
0.9387755102040817,1.0,1.0,1.0,1
0.2222222222222222,0.31746031746031744,0.0,0.25,0
0.48484848484848486,0.3529411764705882,0.0,0.45569620253164556,0
0.96,1.0,1.0,1.0,1
0.96,1.0,1.0,1.0,1
0.375,0.3829787234042554,0.0,0.5154639175257731,0
0.9411764705882352,1.0,1.0,1.0,1
0.5294117647058824,1.0,1.0,1.0,1
0.826086956521739,1.0,1.0,1.0,1
0.36363636363636365,0.296875,0.0,0.35820895522388063,0
0.7894736842105263,1.0,1.0,1.0,1
0.3829787234042554,0.25,1.0,1.0,0
0.96,1.0,1.0,1.0,1
0.8,1.0,1.0,1.0,1
0.3214285714285714,0.17948717948717952,0.0,0.36363636363636365,0
0.20512820512820518,0.2597402597402597,0.0,0.3597122302158273,0
0.30508474576271183,0.4117647058823529,0.0,0.31746031746031744,0
0.84,1.0,1.0,1.0,1
0.38888888888888884,0.3384615384615385,0.0,0.25,0
0.7714285714285716,1.0,1.0,1.0,1
0.9696969696969697,1.0,1.0,1.0,1
0.4324324324324324,0.15384615384615385,0.0,0.3125,0
0.7894736842105263,1.0,1.0,1.0,1
0.826086956521739,1.0,1.0,1.0,1
0.8529411764705883,1.0,1.0,1.0,1
0.32558139534883723,0.26086956521739135,0.0,1.0,0
0.7142857142857143,1.0,1.0,1.0,1
0.8571428571428572,1.0,1.0,1.0,1
0.326530612244898,0.2637362637362637,0.0,0.25,0
0.2702702702702703,0.32608695652173914,0.0,1.0,0
0.84,1.0,1.0,1.0,1
0.19354838709677424,0.3448275862068966,0.0,0.36363636363636365,0
0.3571428571428571,0.2692307692307693,1.0,0.3597122302158273,0
0.2727272727272727,0.3384615384615385,1.0,0.31746031746031744,0
0.3928571428571429,0.2823529411764706,0.0,0.3597122302158273,0
0.782608695652174,1.0,1.0,1.0,1
0.5652173913043479,0.33333333333333337,0.0,0.34285714285714286,0
0.84375,1.0,1.0,1.0,1
0.326530612244898,0.30434782608695654,0.0,1.0,0
0.4705882352941176,0.3728813559322034,1.0,1.0,0
0.29166666666666663,0.2678571428571429,0.0,0.43333333333333335,0
0.8095238095238095,1.0,1.0,1.0,1
0.826086956521739,1.0,1.0,1.0,1
0.40816326530612246,0.21739130434782605,0.0,0.3597122302158273,0
0.6,1.0,1.0,1.0,1
0.30000000000000004,0.36111111111111116,0.0,0.48,0
0.8333333333333335,1.0,1.0,1.0,1
0.9714285714285714,1.0,1.0,1.0,1
0.19512195121951215,0.31818181818181823,1.0,0.3597122302158273,0
0.9354838709677421,1.0,1.0,1.0,1
0.4,0.36,0.0,0.25,0
0.9444444444444444,1.0,1.0,1.0,1
0.32558139534883723,0.26086956521739135,0.0,0.25,0
0.96,1.0,1.0,1.0,1
0.303030303030303,0.3695652173913043,0.0,0.5154639175257731,0
0.826086956521739,1.0,1.0,1.0,1
0.9473684210526316,1.0,1.0,1.0,1
0.826086956521739,1.0,1.0,1.0,1
0.34782608695652173,0.25,1.0,1.0,0
0.962962962962963,1.0,1.0,1.0,1
0.2777777777777778,0.31858407079646023,1.0,0.35820895522388063,0
0.8333333333333335,1.0,1.0,1.0,1
0.42105263157894735,0.3661971830985915,0.0,0.48,0
0.4117647058823529,0.2247191011235955,0.0,0.30508474576271183,0
0.33333333333333337,0.2564102564102564,0.0,0.24242424242424243,0
0.2727272727272727,0.21818181818181814,0.0,0.31746031746031744,0
0.7894736842105263,1.0,1.0,1.0,1
0.814814814814815,1.0,1.0,1.0,1
0.7647058823529411,1.0,1.0,1.0,1
0.38095238095238093,0.23076923076923073,0.0,1.0,0
0.8620689655172413,1.0,1.0,1.0,1
0.9491525423728814,1.0,1.0,1.0,1
0.42105263157894735,0.43410852713178294,0.0,0.2545454545454545,0
0.326530612244898,0.3114754098360656,1.0,1.0,0
0.3157894736842105,0.3902439024390244,0.0,0.14678899082568808,0
0.75,1.0,1.0,1.0,1
0.926829268292683,1.0,1.0,1.0,1
0.814814814814815,1.0,1.0,1.0,1
0.26315789473684215,0.33333333333333337,0.0,0.3597122302158273,0
0.9615384615384616,1.0,1.0,1.0,1
0.4117647058823529,0.28888888888888886,1.0,0.14678899082568808,0
0.96875,1.0,1.0,1.0,1
0.36363636363636365,0.3302752293577982,0.0,0.31746031746031744,0
0.782608695652174,1.0,1.0,1.0,1
0.9433962264150944,1.0,1.0,1.0,1
0.9411764705882352,1.0,1.0,1.0,1
0.7619047619047619,1.0,1.0,1.0,1
0.31818181818181823,0.3711340206185567,0.0,0.35820895522388063,0
0.7916666666666665,1.0,1.0,1.0,1
0.8095238095238095,1.0,1.0,1.0,1
0.5789473684210527,1.0,1.0,1.0,1
0.34782608695652173,0.34408602150537637,0.0,0.25,0
0.339622641509434,0.18604651162790697,0.0,0.2545454545454545,0
0.8571428571428572,1.0,1.0,1.0,1
0.7727272727272727,1.0,1.0,1.0,1
0.27450980392156865,0.196078431372549,0.0,0.25,0
0.7619047619047619,1.0,1.0,1.0,1
0.4,0.2637362637362637,0.0,0.4242424242424242,0
0.7142857142857143,1.0,1.0,1.0,1
0.7777777777777779,1.0,1.0,1.0,1
0.7647058823529411,1.0,1.0,1.0,1
0.7241379310344827,1.0,1.0,1.0,1
0.7241379310344827,1.0,1.0,1.0,1
0.3589743589743589,0.2666666666666667,0.0,0.48,0
0.26086956521739135,0.2376237623762376,0.0,1.0,0
0.7058823529411764,1.0,1.0,1.0,1
0.8823529411764706,1.0,1.0,1.0,1
0.6363636363636364,1.0,1.0,1.0,1
0.25,0.2912621359223301,0.0,0.36923076923076925,0
0.48484848484848486,0.3703703703703704,0.0,0.2222222222222222,0
0.3829787234042554,0.25531914893617025,0.0,0.40909090909090906,0
0.4761904761904761,0.3023255813953488,0.0,0.25,0
0.2777777777777778,0.2465753424657534,0.0,0.48,0
0.45714285714285713,0.33333333333333337,0.0,0.3597122302158273,0
0.8709677419354839,1.0,1.0,1.0,1
0.9333333333333332,0.0,1.0,1.0,1
0.6190476190476191,1.0,1.0,1.0,1
0.3733333333333333,0.29508196721311475,0.0,0.2702702702702703,0
0.7777777777777779,1.0,1.0,1.0,1
0.8484848484848484,1.0,1.0,1.0,1
0.2666666666666667,0.3655913978494624,0.0,1.0,0
0.875,1.0,1.0,1.0,1
0.34285714285714286,0.3414634146341463,0.0,0.3597122302158273,0
0.7777777777777779,1.0,1.0,1.0,1
0.8529411764705883,1.0,1.0,1.0,1
0.41379310344827597,0.3296703296703297,0.0,0.14678899082568808,0
0.19354838709677424,0.25531914893617025,0.0,0.5714285714285714,0
0.3902439024390244,0.34408602150537637,0.0,0.38095238095238093,0
0.8214285714285714,1.0,1.0,1.0,1
0.29268292682926833,0.34090909090909094,0.0,1.0,0
0.7777777777777779,1.0,1.0,1.0,1
0.84,1.0,1.0,1.0,1
0.3076923076923077,0.32727272727272727,1.0,1.0,0
0.31999999999999995,0.2777777777777778,0.0,0.25,0
0.4,0.2857142857142857,0.0,1.0,0
0.2162162162162162,0.3548387096774194,0.0,1.0,0
0.4324324324324324,0.34782608695652173,0.0,1.0,0
0.7894736842105263,1.0,1.0,1.0,1
0.27586206896551724,0.33333333333333337,0.0,0.35820895522388063,0
0.2978723404255319,0.27586206896551724,0.0,0.36363636363636365,0
0.4651162790697675,0.3168316831683168,0.0,1.0,0
0.75,1.0,1.0,1.0,1
0.32432432432432434,0.33333333333333337,1.0,1.0,0
0.68,1.0,1.0,1.0,1
0.7916666666666665,1.0,1.0,1.0,1
0.3561643835616438,0.3544303797468354,0.0,0.3589743589743589,0
0.75,1.0,1.0,1.0,1
0.8333333333333335,1.0,1.0,1.0,1
0.2941176470588235,0.3529411764705882,0.0,0.25,0
0.8181818181818181,1.0,1.0,1.0,1
0.9473684210526316,1.0,1.0,1.0,1
0.2777777777777778,0.0,0.0,0.36923076923076925,0
0.7916666666666665,1.0,1.0,1.0,1
0.45283018867924535,0.3820224719101124,1.0,0.35820895522388063,0
0.8709677419354839,1.0,1.0,1.0,1
0.2666666666666667,0.40816326530612246,0.0,0.25,0
0.3902439024390244,0.3076923076923077,0.0,0.3597122302158273,0
0.2857142857142857,0.36363636363636365,0.0,1.0,0
0.7916666666666665,1.0,1.0,1.0,1
0.375,0.3309352517985612,0.0,0.41333333333333333,0
0.368421052631579,0.0,1.0,0.4761904761904761,0
0.3076923076923077,0.3564356435643564,0.0,0.24390243902439024,0
0.8333333333333335,1.0,1.0,1.0,1
0.34285714285714286,0.2692307692307693,0.0,1.0,0
0.9552238805970148,1.0,1.0,1.0,1
0.4615384615384615,0.42201834862385323,1.0,1.0,0
0.4,0.25316455696202533,0.0,1.0,0
0.23809523809523814,0.41538461538461535,0.0,0.25,0
0.38095238095238093,0.29702970297029707,0.0,0.31746031746031744,0
0.9130434782608696,1.0,1.0,1.0,1
0.3125,0.2295081967213115,0.0,0.14814814814814814,0
0.9655172413793103,1.0,1.0,1.0,1
0.9696969696969697,1.0,1.0,1.0,1
0.3589743589743589,0.36923076923076925,0.0,0.3597122302158273,0
0.42105263157894735,0.3106796116504854,0.0,1.0,0
0.8709677419354839,1.0,1.0,1.0,1
0.9444444444444444,1.0,1.0,1.0,1
0.31818181818181823,0.3561643835616438,0.0,0.14678899082568808,0
0.8076923076923077,1.0,1.0,1.0,1
0.2068965517241379,0.2857142857142857,0.0,0.3529411764705882,0
0.7894736842105263,1.0,1.0,1.0,1
0.962962962962963,1.0,1.0,1.0,1
0.782608695652174,1.0,1.0,1.0,1
0.2978723404255319,0.28301886792452835,0.0,1.0,0
0.9655172413793103,1.0,1.0,1.0,1
0.8518518518518519,1.0,1.0,1.0,1
0.8620689655172413,1.0,1.0,1.0,1
0.84,1.0,1.0,1.0,1
0.8666666666666667,1.0,1.0,1.0,1
0.9491525423728814,1.0,1.0,1.0,1
0.7333333333333334,1.0,1.0,1.0,1
0.35,0.32835820895522383,0.0,0.25,0
0.9454545454545454,1.0,1.0,1.0,1
0.8,1.0,1.0,1.0,1
0.96,1.0,1.0,1.0,1
0.75,1.0,1.0,1.0,1
0.34285714285714286,0.37623762376237624,0.0,0.14814814814814814,0
0.4242424242424242,0.3666666666666667,0.0,0.23333333333333328,0
0.6666666666666667,1.0,1.0,1.0,1
0.84375,1.0,1.0,1.0,1
0.23076923076923073,0.25,0.0,1.0,0
0.26086956521739135,0.37254901960784315,0.0,0.25,0
0.3157894736842105,0.2962962962962963,0.0,0.4,0
0.8484848484848484,1.0,1.0,1.0,1
0.2857142857142857,0.4144144144144144,0.0,0.31746031746031744,0
0.3414634146341463,0.38926174496644295,0.0,0.34285714285714286,0
0.39130434782608686,0.44705882352941173,1.0,1.0,0
0.7058823529411764,1.0,1.0,1.0,1
0.8888888888888888,1.0,1.0,1.0,1
0.2857142857142857,0.3471074380165289,0.0,0.3597122302158273,0
0.15384615384615385,0.27522935779816515,0.0,0.31746031746031744,0
0.9615384615384616,1.0,1.0,1.0,1
0.33333333333333337,0.3232323232323232,0.0,0.2545454545454545,0
0.6521739130434783,1.0,1.0,1.0,1
0.975609756097561,1.0,1.0,1.0,1
0.75,1.0,1.0,1.0,1
0.42105263157894735,0.27956989247311825,0.0,1.0,0
0.736842105263158,1.0,1.0,1.0,1
0.3414634146341463,0.10204081632653061,0.0,0.20895522388059706,0
0.7142857142857143,1.0,1.0,1.0,1
0.35,0.3172413793103448,1.0,0.25,0
0.9444444444444444,1.0,1.0,1.0,1
0.8518518518518519,1.0,1.0,1.0,1
0.8,1.0,1.0,1.0,1
0.8,1.0,1.0,1.0,1
0.375,0.276595744680851,0.0,1.0,0
0.3555555555555555,0.17391304347826086,0.0,0.25,0
0.9714285714285714,1.0,1.0,1.0,1
0.8620689655172413,1.0,1.0,1.0,1
0.7142857142857143,1.0,1.0,1.0,1
0.32835820895522383,0.2975206611570248,0.0,0.35820895522388063,0
0.34782608695652173,0.3025210084033614,1.0,0.24137931034482762,0
0.8,1.0,1.0,1.0,1
0.8095238095238095,1.0,1.0,1.0,1
0.34782608695652173,0.31999999999999995,0.0,0.3597122302158273,0
0.26086956521739135,0.2857142857142857,1.0,0.14814814814814814,0
0.27586206896551724,0.18823529411764706,0.0,0.3597122302158273,0
0.33333333333333337,0.25806451612903225,0.0,0.14678899082568808,0
0.3529411764705882,0.26530612244897955,0.0,0.48,0
0.37735849056603776,0.4117647058823529,0.0,0.2068965517241379,0
0.5555555555555556,1.0,1.0,1.0,1
0.8095238095238095,1.0,1.0,1.0,1
0.8333333333333335,1.0,1.0,1.0,1
0.9767441860465115,1.0,1.0,1.0,1
0.27586206896551724,0.34343434343434337,0.0,1.0,0
0.9444444444444444,1.0,1.0,1.0,1
0.2068965517241379,0.3783783783783784,0.0,0.25,0
0.3448275862068966,0.375,0.0,0.45569620253164556,0
0.2535211267605634,0.368421052631579,0.0,0.20895522388059706,0
0.368421052631579,0.23636363636363633,0.0,0.20895522388059706,0
0.40909090909090906,0.2990654205607477,0.0,0.25,0
0.8095238095238095,1.0,1.0,1.0,1
0.35,0.30952380952380953,0.0,0.25,0
0.5777777777777777,0.3826086956521739,0.0,0.2545454545454545,0
0.6923076923076923,1.0,1.0,1.0,1
0.92,1.0,1.0,1.0,1
0.8333333333333335,1.0,1.0,1.0,1
0.9714285714285714,1.0,1.0,1.0,1
0.14814814814814814,0.47328244274809156,0.0,0.48,0
0.44999999999999996,0.21276595744680848,0.0,0.14678899082568808,0
0.34782608695652173,0.2909090909090909,0.0,0.2068965517241379,0
0.8181818181818181,1.0,1.0,1.0,1
0.33333333333333337,0.35,0.0,0.4,0
0.34285714285714286,0.328125,0.0,0.20895522388059706,0
0.2727272727272727,0.20833333333333337,0.0,1.0,0
0.3529411764705882,0.30612244897959184,0.0,0.25,0
0.7777777777777779,1.0,1.0,1.0,1
0.9433962264150944,1.0,1.0,1.0,1
0.6521739130434783,1.0,1.0,1.0,1
0.303030303030303,0.33766233766233766,0.0,0.25,0
0.22857142857142854,0.25688073394495414,0.0,0.41333333333333333,0
0.34042553191489366,0.3666666666666667,0.0,0.2222222222222222,0
0.967741935483871,1.0,1.0,1.0,1
0.8461538461538461,1.0,1.0,1.0,1
0.2857142857142857,0.26315789473684215,0.0,0.31746031746031744,0
0.967741935483871,0.0,1.0,1.0,1
0.8333333333333335,1.0,1.0,1.0,1
0.36,0.3551401869158879,0.0,0.14678899082568808,0
0.2857142857142857,0.4324324324324324,0.0,0.3125,0
0.962962962962963,1.0,1.0,1.0,1
0.4117647058823529,0.5434782608695652,1.0,0.35820895522388063,0
0.23076923076923073,0.37623762376237624,0.0,0.25,0
0.84375,1.0,1.0,1.0,1
0.24,0.2857142857142857,0.0,0.25,0
0.8620689655172413,1.0,1.0,1.0,1
0.39344262295081966,0.34343434343434337,1.0,0.2857142857142857,0
0.33333333333333337,0.32558139534883723,0.0,1.0,0
0.9090909090909091,1.0,1.0,1.0,1
0.84,1.0,1.0,1.0,1
0.875,1.0,1.0,1.0,1
0.782608695652174,1.0,1.0,1.0,1
0.6521739130434783,1.0,1.0,1.0,1
0.4,0.2432432432432432,0.0,0.34285714285714286,0
0.2857142857142857,0.2650602409638554,0.0,0.3597122302158273,0
0.962962962962963,1.0,1.0,1.0,1
0.9696969696969697,1.0,1.0,1.0,1
0.33333333333333337,0.3008849557522124,0.0,0.35820895522388063,0
0.7333333333333334,1.0,1.0,1.0,1
0.2564102564102564,0.24,0.0,0.41333333333333333,0
0.40816326530612246,0.25688073394495414,0.0,0.34285714285714286,0
0.3870967741935484,0.3471074380165289,0.0,0.2222222222222222,0
0.3157894736842105,0.34693877551020413,0.0,0.2545454545454545,0
0.2068965517241379,0.375,0.0,0.2727272727272727,0
0.4516129032258065,0.3222222222222222,0.0,1.0,0
0.34285714285714286,0.28846153846153844,0.0,1.0,0
0.6521739130434783,1.0,1.0,1.0,1
0.33333333333333337,0.23188405797101452,1.0,1.0,0
0.8076923076923077,1.0,1.0,1.0,1
0.3529411764705882,0.26415094339622647,0.0,0.23333333333333328,0
0.38888888888888884,0.36111111111111116,0.0,0.3597122302158273,0
0.3783783783783784,0.3125,0.0,0.14814814814814814,0
0.967741935483871,1.0,1.0,1.0,1
0.33333333333333337,0.2222222222222222,0.0,0.14678899082568808,0
0.7142857142857143,1.0,1.0,1.0,1
0.7333333333333334,1.0,1.0,1.0,1
0.7777777777777779,1.0,1.0,1.0,1
0.2777777777777778,0.17391304347826086,0.0,0.5154639175257731,0
0.8181818181818181,1.0,1.0,1.0,1
0.9714285714285714,1.0,1.0,1.0,1
0.25806451612903225,0.4,0.0,0.3597122302158273,0
0.3157894736842105,0.2702702702702703,0.0,1.0,0
0.9767441860465115,1.0,1.0,1.0,1
0.3529411764705882,0.3220338983050848,0.0,0.3793103448275862,0
0.7037037037037037,1.0,1.0,1.0,1
0.30434782608695654,0.24489795918367352,0.0,0.3783783783783784,0
0.826086956521739,1.0,1.0,1.0,1
0.896551724137931,1.0,1.0,1.0,1
0.33333333333333337,0.35820895522388063,0.0,0.36923076923076925,0
0.7777777777777779,1.0,1.0,1.0,1
0.2692307692307693,0.30107526881720426,0.0,0.2857142857142857,0
0.9538461538461537,1.0,1.0,1.0,1
0.9411764705882352,1.0,1.0,1.0,1
0.5555555555555556,1.0,1.0,1.0,1
0.375,0.39603960396039606,0.0,0.14678899082568808,0
0.814814814814815,1.0,1.0,1.0,1
0.3846153846153846,0.3709677419354838,1.0,0.45569620253164556,0
0.25,0.3025210084033614,0.0,1.0,0
0.2727272727272727,0.4,0.0,0.31746031746031744,0
0.8095238095238095,1.0,1.0,1.0,1
0.8181818181818181,1.0,1.0,1.0,1
0.31818181818181823,0.43200000000000005,1.0,0.43333333333333335,0
0.3125,0.3647798742138365,0.0,0.25,0
0.8787878787878788,1.0,1.0,1.0,1
0.21052631578947367,0.20779220779220775,0.0,0.3783783783783784,0
0.2702702702702703,0.22784810126582278,0.0,0.3597122302158273,0
0.8181818181818181,1.0,1.0,1.0,1
0.31818181818181823,0.32352941176470584,0.0,0.14678899082568808,0
0.13793103448275867,0.31034482758620685,0.0,0.2545454545454545,0
0.7333333333333334,1.0,1.0,1.0,1
0.3448275862068966,0.31034482758620685,0.0,0.45569620253164556,0
0.37209302325581395,0.2931034482758621,0.0,0.48,0
0.878048780487805,1.0,1.0,1.0,1
0.967741935483871,1.0,1.0,1.0,1
0.8214285714285714,1.0,1.0,1.0,1
0.8333333333333335,1.0,1.0,1.0,1
0.32558139534883723,0.2549019607843137,0.0,0.45569620253164556,0
0.2790697674418605,0.37583892617449666,0.0,0.2545454545454545,0
0.6363636363636364,1.0,1.0,1.0,1
0.3111111111111111,0.30434782608695654,0.0,1.0,0
0.3076923076923077,0.36363636363636365,0.0,0.35820895522388063,0
0.75,1.0,1.0,1.0,1
0.24390243902439024,0.2678571428571429,0.0,0.14814814814814814,0
0.25,0.3305785123966942,0.0,0.41666666666666663,0
0.35,0.3007518796992481,0.0,0.25,0
0.8461538461538461,1.0,1.0,1.0,1
0.2941176470588235,0.28037383177570097,0.0,0.22857142857142854,0
0.8666666666666667,1.0,1.0,1.0,1
0.962962962962963,1.0,1.0,1.0,1
0.8936170212765957,1.0,1.0,1.0,1
0.3414634146341463,0.2763157894736842,0.0,1.0,0
0.36363636363636365,0.3846153846153846,1.0,1.0,0
0.3380281690140845,0.2647058823529411,0.0,1.0,0
0.25806451612903225,0.3013698630136986,0.0,0.3597122302158273,0
0.6363636363636364,1.0,1.0,1.0,1
0.9565217391304348,1.0,1.0,1.0,1
0.3125,0.41379310344827597,0.0,0.14814814814814814,0
0.6190476190476191,1.0,1.0,1.0,1
0.4285714285714286,0.25396825396825395,0.0,0.23333333333333328,0
0.8095238095238095,1.0,1.0,1.0,1
0.303030303030303,0.2954545454545454,0.0,0.3125,0
0.4242424242424242,0.35,1.0,1.0,0
0.33333333333333337,0.25396825396825395,0.0,0.25,0
0.29166666666666663,0.24390243902439024,0.0,0.25,0
0.3076923076923077,0.33766233766233766,0.0,0.25,0
0.9655172413793103,1.0,1.0,1.0,1
0.8,1.0,1.0,1.0,1
0.8709677419354839,1.0,1.0,1.0,1
0.7333333333333334,1.0,1.0,1.0,1
0.45833333333333337,0.32558139534883723,1.0,1.0,0
0.8666666666666667,1.0,1.0,1.0,1
0.5128205128205128,0.33333333333333337,0.0,0.35820895522388063,0
0.36363636363636365,0.28828828828828834,0.0,0.25,0
0.3902439024390244,0.34782608695652173,0.0,0.25,0
0.3728813559322034,0.23636363636363633,0.0,1.0,0
0.75,1.0,1.0,1.0,1
0.33333333333333337,0.3287671232876712,0.0,0.22857142857142854,0
0.303030303030303,0.2962962962962963,0.0,0.3597122302158273,0
0.3846153846153846,0.2857142857142857,0.0,0.14678899082568808,0
0.9615384615384616,1.0,1.0,1.0,1
0.6521739130434783,1.0,1.0,1.0,1
0.3529411764705882,0.34285714285714286,0.0,0.48,0
0.303030303030303,0.3157894736842105,0.0,0.48,0
0.972972972972973,1.0,1.0,1.0,1
0.3902439024390244,0.27586206896551724,0.0,0.25,0
0.8095238095238095,1.0,1.0,1.0,1
0.9767441860465115,1.0,1.0,1.0,1
0.9387755102040817,1.0,1.0,1.0,1
0.8333333333333335,1.0,1.0,1.0,1
0.2564102564102564,0.25,0.0,0.2545454545454545,0
0.3555555555555555,0.36,0.0,0.45569620253164556,0
0.7777777777777779,1.0,1.0,1.0,1
0.2790697674418605,0.2831858407079646,0.0,0.42666666666666664,0
0.9655172413793103,1.0,1.0,1.0,1
0.3529411764705882,0.2471910112359551,0.0,0.35820895522388063,0
0.814814814814815,1.0,1.0,1.0,1
0.84,1.0,1.0,1.0,1
0.9333333333333332,0.0,1.0,1.0,1
0.2777777777777778,0.2857142857142857,0.0,0.3597122302158273,0
0.8,1.0,1.0,1.0,1
0.4444444444444444,0.39655172413793105,0.0,0.48,0
0.826086956521739,1.0,1.0,1.0,1
0.7142857142857143,1.0,1.0,1.0,1
0.2702702702702703,0.19512195121951215,0.0,0.25,0
0.2790697674418605,0.26890756302521013,0.0,0.43333333333333335,0
0.25806451612903225,0.3448275862068966,0.0,0.25,0
0.3902439024390244,0.37410071942446044,0.0,0.2857142857142857,0
0.7777777777777779,1.0,1.0,1.0,1
0.6190476190476191,1.0,1.0,1.0,1
0.7777777777777779,1.0,1.0,1.0,1
0.8709677419354839,1.0,1.0,1.0,1
0.31999999999999995,0.32061068702290074,0.0,0.25,0
0.9714285714285714,1.0,1.0,1.0,1
0.29268292682926833,0.25688073394495414,0.0,0.4,0
0.6521739130434783,1.0,1.0,1.0,1
0.36,0.31481481481481477,0.0,0.3597122302158273,0
0.2857142857142857,0.3188405797101449,0.0,1.0,0
0.782608695652174,1.0,1.0,1.0,1
0.9714285714285714,1.0,1.0,1.0,1
0.3125,0.3111111111111111,0.0,0.36923076923076925,0
0.33333333333333337,0.2666666666666667,0.0,0.45569620253164556,0
0.2857142857142857,0.32499999999999996,0.0,0.38095238095238093,0
0.8,1.0,1.0,1.0,1
0.30434782608695654,0.2142857142857143,0.0,1.0,0
0.75,1.0,1.0,1.0,1
0.962962962962963,1.0,1.0,1.0,1
0.4736842105263158,0.31666666666666665,0.0,1.0,0
0.2941176470588235,0.3142857142857143,0.0,0.25,0
0.23076923076923073,0.3857142857142857,0.0,0.14678899082568808,0
0.3548387096774194,0.24,0.0,0.3597122302158273,0
0.4761904761904761,0.42553191489361697,0.0,0.35820895522388063,0
0.36363636363636365,0.3597122302158273,1.0,0.25,0
0.9615384615384616,1.0,1.0,1.0,1
0.962962962962963,1.0,1.0,1.0,1
0.8518518518518519,1.0,1.0,1.0,1
0.814814814814815,1.0,1.0,1.0,1
0.8913043478260869,1.0,1.0,1.0,1
0.6363636363636364,1.0,1.0,1.0,1
0.967741935483871,1.0,1.0,1.0,1
0.2222222222222222,0.3157894736842105,0.0,0.4,0
0.84,1.0,1.0,1.0,1
0.19047619047619047,0.0,0.0,1.0,0
0.20895522388059706,0.3571428571428571,0.0,0.25,0
0.975609756097561,1.0,1.0,1.0,1
0.7647058823529411,1.0,1.0,1.0,1
0.782608695652174,1.0,1.0,1.0,1
0.26315789473684215,0.2295081967213115,0.0,0.3597122302158273,0
0.8571428571428572,1.0,1.0,1.0,1
0.2962962962962963,0.3768115942028986,0.0,0.25,0
0.27118644067796616,0.27450980392156865,0.0,1.0,0
0.75,1.0,1.0,1.0,1
0.7222222222222221,1.0,1.0,1.0,1
0.9714285714285714,1.0,1.0,1.0,1
0.2272727272727273,0.3076923076923077,0.0,1.0,0
0.32558139534883723,0.2777777777777778,0.0,1.0,0
0.9285714285714286,1.0,1.0,1.0,1
0.125,0.3132530120481928,0.0,0.43333333333333335,0
0.5,1.0,1.0,1.0,1
0.3076923076923077,0.30000000000000004,0.0,0.48,0
0.8709677419354839,1.0,1.0,1.0,1
0.5,0.25,0.0,0.25,0
0.962962962962963,1.0,1.0,1.0,1
0.30188679245283023,0.3565891472868217,0.0,0.3589743589743589,0
0.5,1.0,1.0,1.0,1
0.3703703703703704,0.2962962962962963,0.0,0.25,0
0.8214285714285714,1.0,1.0,1.0,1
0.36065573770491793,0.4242424242424242,0.0,1.0,0
0.8076923076923077,1.0,1.0,1.0,1
0.8461538461538461,1.0,1.0,1.0,1
0.7894736842105263,1.0,1.0,1.0,1
0.4,0.36190476190476195,1.0,0.25,0
0.38095238095238093,0.33766233766233766,0.0,1.0,0
0.7058823529411764,1.0,1.0,1.0,1
0.75,1.0,1.0,1.0,1
0.2142857142857143,0.0,0.0,0.45569620253164556,0
0.9473684210526316,1.0,1.0,1.0,1
0.75,1.0,1.0,1.0,1
0.962962962962963,1.0,1.0,1.0,1
0.4285714285714286,0.4814814814814815,0.0,1.0,0
0.7916666666666665,1.0,1.0,1.0,1
0.8387096774193549,1.0,1.0,1.0,1
0.9565217391304348,1.0,1.0,1.0,1
0.967741935483871,1.0,1.0,1.0,1
0.6086956521739131,0.36111111111111116,1.0,0.35820895522388063,0
0.962962962962963,1.0,1.0,1.0,1
0.8484848484848484,1.0,1.0,1.0,1
0.8518518518518519,1.0,1.0,1.0,1
0.7037037037037037,1.0,1.0,1.0,1
0.8,1.0,1.0,1.0,1
0.9375,1.0,1.0,1.0,1
0.3829787234042554,0.3826086956521739,0.0,0.25,0
0.12903225806451613,0.2666666666666667,0.0,0.4,0
0.29268292682926833,0.2807017543859649,0.0,0.20895522388059706,0
0.962962962962963,1.0,1.0,1.0,1
0.7333333333333334,1.0,1.0,1.0,1
0.39473684210526316,0.36363636363636365,0.0,0.3783783783783784,0
0.9444444444444444,1.0,1.0,1.0,1
0.2857142857142857,0.3448275862068966,0.0,0.25,0
0.3448275862068966,0.35036496350364965,1.0,0.5154639175257731,0
0.95,1.0,1.0,1.0,1
0.68,1.0,1.0,1.0,1
0.23529411764705888,0.34666666666666673,0.0,0.2545454545454545,0
0.33333333333333337,0.3142857142857143,0.0,0.48,0
0.9,1.0,1.0,1.0,1
0.34615384615384615,0.2857142857142857,0.0,0.3597122302158273,0
0.4,0.2727272727272727,0.0,0.20895522388059706,0
0.4,0.37209302325581395,1.0,0.3783783783783784,0
0.40909090909090906,0.39603960396039606,0.0,0.25,0
0.33333333333333337,0.28205128205128205,0.0,0.41333333333333333,0
0.4444444444444444,0.34883720930232553,0.0,0.4,0
0.39130434782608686,0.31034482758620685,1.0,0.3597122302158273,0
0.96,1.0,1.0,1.0,1
0.4761904761904761,0.37606837606837606,0.0,0.33333333333333337,0
0.33333333333333337,0.34285714285714286,0.0,0.3783783783783784,0
0.2962962962962963,0.34,0.0,1.0,0
0.7647058823529411,1.0,1.0,1.0,1
0.7619047619047619,1.0,1.0,1.0,1
0.75,1.0,1.0,1.0,1
0.3076923076923077,0.2432432432432432,0.0,0.3597122302158273,0
0.782608695652174,1.0,1.0,1.0,1
0.9285714285714286,1.0,1.0,1.0,1
0.782608695652174,1.0,1.0,1.0,1
0.2222222222222222,0.25806451612903225,0.0,0.3597122302158273,0
0.8823529411764706,1.0,1.0,1.0,1
0.3902439024390244,0.3220338983050848,0.0,0.35820895522388063,0
0.33333333333333337,0.2247191011235955,0.0,0.5154639175257731,0
0.29268292682926833,0.25,0.0,0.3589743589743589,0
0.303030303030303,0.33333333333333337,0.0,0.2545454545454545,0
0.96,1.0,1.0,1.0,1
0.2142857142857143,0.37241379310344824,1.0,0.2068965517241379,0
0.2857142857142857,0.288135593220339,0.0,0.25,0
0.33333333333333337,0.3896103896103897,0.0,0.25,0
0.36363636363636365,0.1333333333333333,0.0,0.48,0
0.27586206896551724,0.2524271844660194,0.0,0.3597122302158273,0
0.34285714285714286,0.12121212121212122,0.0,1.0,0
0.9743589743589743,1.0,1.0,1.0,1
0.9333333333333332,1.0,1.0,1.0,1
0.33333333333333337,0.3666666666666667,0.0,0.23333333333333328,0
0.8620689655172413,1.0,1.0,1.0,1
0.967741935483871,1.0,1.0,1.0,1
0.2777777777777778,0.30000000000000004,0.0,0.23333333333333328,0
0.8709677419354839,1.0,1.0,1.0,1
0.9491525423728814,1.0,1.0,1.0,1
0.84,1.0,1.0,1.0,1
0.18604651162790697,0.30379746835443033,0.0,0.25,0
0.962962962962963,1.0,1.0,1.0,1
0.8918918918918919,1.0,1.0,1.0,1
0.3076923076923077,0.3157894736842105,0.0,0.14678899082568808,0
0.736842105263158,1.0,1.0,1.0,1
0.9743589743589743,1.0,1.0,1.0,1
0.7894736842105263,1.0,1.0,1.0,1
0.303030303030303,0.25,0.0,0.25,0
0.9375,1.0,1.0,1.0,1
0.29166666666666663,0.32432432432432434,0.0,0.31746031746031744,0
0.9024390243902439,1.0,1.0,1.0,1
0.33333333333333337,0.39743589743589747,0.0,0.33333333333333337,0
0.43478260869565216,0.37209302325581395,0.0,0.2857142857142857,0
0.7894736842105263,1.0,1.0,1.0,1
0.9696969696969697,1.0,1.0,1.0,1
0.9433962264150944,1.0,1.0,1.0,1
0.7142857142857143,0.0,1.0,1.0,1
0.7575757575757575,1.0,1.0,1.0,1
0.8,1.0,1.0,1.0,1
0.75,1.0,1.0,1.0,1
0.2622950819672131,0.32478632478632474,0.0,0.25,0
0.3793103448275862,0.34782608695652173,0.0,0.43333333333333335,0
0.9444444444444444,1.0,1.0,1.0,1
0.9333333333333332,1.0,1.0,1.0,1
0.9545454545454546,1.0,1.0,1.0,1
0.826086956521739,1.0,1.0,1.0,1
0.8181818181818181,1.0,1.0,1.0,1
0.20512820512820518,0.30927835051546393,0.0,0.2545454545454545,0
0.9523809523809522,1.0,1.0,1.0,1
0.84375,1.0,1.0,1.0,1
0.7777777777777779,1.0,1.0,1.0,1
0.25,0.3362831858407079,0.0,0.2545454545454545,0
0.38888888888888884,0.23622047244094488,0.0,0.48,0
0.37209302325581395,0.2727272727272727,1.0,1.0,0
0.6,1.0,1.0,1.0,1
0.826086956521739,1.0,1.0,1.0,1
0.9142857142857143,1.0,1.0,1.0,1
0.2702702702702703,0.3703703703703704,0.0,0.5154639175257731,0
0.4,0.27368421052631575,0.0,0.5154639175257731,0
0.32432432432432434,0.2941176470588235,0.0,0.4,0
0.4516129032258065,0.2028985507246377,0.0,0.2222222222222222,0
0.32432432432432434,0.33333333333333337,1.0,0.25,0
0.4590163934426229,0.0,0.0,0.4761904761904761,0
0.826086956521739,1.0,1.0,1.0,1
0.8620689655172413,1.0,1.0,1.0,1
0.25,0.34883720930232553,0.0,0.42666666666666664,0
0.1875,0.3529411764705882,0.0,0.25,0
0.7777777777777779,1.0,1.0,1.0,1
0.7575757575757575,1.0,1.0,1.0,1
0.8648648648648648,1.0,1.0,1.0,1
0.33333333333333337,0.3555555555555555,0.0,0.3125,0
0.9696969696969697,1.0,1.0,1.0,1
0.6666666666666667,1.0,1.0,1.0,1
0.6666666666666667,1.0,1.0,1.0,1
0.8,1.0,1.0,1.0,1
0.95,1.0,1.0,1.0,1
0.9583333333333335,1.0,1.0,1.0,1
0.36363636363636365,0.2962962962962963,1.0,0.4444444444444444,0
0.8947368421052632,1.0,1.0,1.0,1
0.8518518518518519,1.0,1.0,1.0,1
0.25,0.2647058823529411,0.0,0.3597122302158273,0
0.43333333333333335,0.21176470588235297,0.0,1.0,0
0.75,1.0,1.0,1.0,1
0.2777777777777778,0.30000000000000004,0.0,1.0,0
0.2727272727272727,0.19753086419753085,0.0,0.4444444444444444,0
0.33333333333333337,0.32432432432432434,0.0,0.45569620253164556,0
0.7777777777777779,1.0,1.0,1.0,1
0.6923076923076923,1.0,1.0,1.0,1
0.4375,0.3076923076923077,0.0,1.0,0
0.8461538461538461,1.0,1.0,1.0,1
0.4117647058823529,0.2692307692307693,0.0,0.3597122302158273,0
0.7647058823529411,1.0,1.0,1.0,1
0.3111111111111111,0.36734693877551017,0.0,0.25,0
0.27586206896551724,0.33898305084745756,0.0,0.3597122302158273,0
0.8571428571428572,1.0,1.0,1.0,1
0.2807017543859649,0.35036496350364965,0.0,0.25,0
0.7777777777777779,1.0,1.0,1.0,1
0.9148936170212765,1.0,1.0,1.0,1
0.368421052631579,0.35820895522388063,0.0,0.35820895522388063,0
0.41025641025641024,0.35,0.0,0.25,0
0.41025641025641024,0.31404958677685946,0.0,1.0,0
0.96,1.0,1.0,1.0,1
0.4375,0.2678571428571429,0.0,0.25,0
0.24390243902439024,0.33333333333333337,0.0,1.0,0
0.23255813953488372,0.27419354838709675,0.0,0.3597122302158273,0
0.303030303030303,0.3711340206185567,1.0,0.3597122302158273,0
0.25,0.3877551020408163,1.0,1.0,0
0.16666666666666663,0.2941176470588235,0.0,0.48,0
0.23529411764705888,0.21739130434782605,0.0,1.0,0
0.9666666666666667,1.0,1.0,1.0,1
0.32258064516129037,0.4,0.0,0.25,0
0.875,1.0,1.0,1.0,1
0.2978723404255319,0.20588235294117652,0.0,0.2545454545454545,0
0.9523809523809522,1.0,1.0,1.0,1
0.8787878787878788,1.0,1.0,1.0,1
0.2978723404255319,0.3418803418803419,0.0,0.5454545454545454,0
0.3157894736842105,0.30379746835443033,0.0,0.41379310344827597,0
0.6923076923076923,1.0,1.0,1.0,1
0.975609756097561,1.0,1.0,1.0,1
0.7619047619047619,1.0,1.0,1.0,1
0.40909090909090906,0.3423423423423423,0.0,0.3783783783783784,0
0.30434782608695654,0.3423423423423423,0.0,0.3941605839416058,0
0.8,1.0,1.0,1.0,1
0.2962962962962963,0.1839080459770115,0.0,0.25,0
0.8684210526315791,1.0,1.0,1.0,1
0.8571428571428572,1.0,1.0,1.0,1
0.7727272727272727,1.0,1.0,1.0,1
0.3214285714285714,0.35416666666666663,0.0,0.4444444444444444,0
0.29166666666666663,0.3308270676691729,0.0,0.2545454545454545,0
0.9508196721311475,1.0,1.0,1.0,1
0.4390243902439024,0.34408602150537637,0.0,0.3597122302158273,0
0.8571428571428572,1.0,1.0,1.0,1
0.3157894736842105,0.24691358024691357,0.0,0.3597122302158273,0
0.3666666666666667,0.3157894736842105,0.0,0.2545454545454545,0
0.30434782608695654,0.2894736842105263,0.0,0.3597122302158273,0
0.3448275862068966,0.2857142857142857,0.0,0.3589743589743589,0
0.4,0.3793103448275862,1.0,0.2545454545454545,0
0.30000000000000004,0.32098765432098764,1.0,0.3783783783783784,0
0.3529411764705882,0.33599999999999997,0.0,1.0,0
0.3829787234042554,0.3820224719101124,0.0,0.25,0
0.9583333333333335,1.0,1.0,1.0,1
0.95,1.0,1.0,1.0,1
0.2727272727272727,0.3893805309734514,0.0,0.3793103448275862,0
0.9696969696969697,1.0,1.0,1.0,1
0.7647058823529411,1.0,1.0,1.0,1
0.32258064516129037,0.3308270676691729,0.0,0.45569620253164556,0
0.2564102564102564,0.21739130434782605,0.0,0.3597122302158273,0
0.4,0.33333333333333337,0.0,1.0,0
0.782608695652174,1.0,1.0,1.0,1
0.3125,0.38888888888888884,0.0,0.25,0
0.967741935483871,1.0,1.0,1.0,1
0.25806451612903225,0.3023255813953488,0.0,0.4,0
0.967741935483871,1.0,1.0,1.0,1
0.7894736842105263,1.0,1.0,1.0,1
0.8571428571428572,1.0,1.0,1.0,1
0.29166666666666663,0.33599999999999997,0.0,0.35820895522388063,0
0.826086956521739,1.0,1.0,1.0,1
0.8571428571428572,1.0,1.0,1.0,1
0.7419354838709676,1.0,1.0,1.0,1
0.2790697674418605,0.368421052631579,0.0,0.4761904761904761,0
0.8787878787878788,1.0,1.0,1.0,1
0.9714285714285714,1.0,1.0,1.0,1
0.9696969696969697,1.0,1.0,1.0,1
0.6363636363636364,1.0,1.0,1.0,1
0.9583333333333335,1.0,1.0,1.0,1
0.7948717948717949,1.0,1.0,1.0,1
0.5454545454545454,0.36923076923076925,0.0,1.0,0
0.8181818181818181,1.0,1.0,1.0,1
0.3125,0.34426229508196726,0.0,0.24242424242424243,0
0.967741935483871,1.0,1.0,1.0,1
0.5555555555555556,1.0,1.0,1.0,1
0.23255813953488372,0.33766233766233766,0.0,1.0,0
0.36363636363636365,0.2857142857142857,0.0,0.25,0
0.8,1.0,1.0,1.0,1
0.7727272727272727,1.0,1.0,1.0,1
0.2790697674418605,0.2954545454545454,0.0,0.3597122302158273,0
0.8095238095238095,1.0,1.0,1.0,1
0.9333333333333332,1.0,1.0,1.0,1
0.967741935483871,1.0,1.0,1.0,1
0.2564102564102564,0.2947368421052632,0.0,1.0,0
0.368421052631579,0.2857142857142857,1.0,1.0,0
0.41860465116279066,0.3551401869158879,0.0,0.3783783783783784,0
0.375,0.2909090909090909,0.0,1.0,0
0.30188679245283023,0.32380952380952377,0.0,0.4,0
0.2545454545454545,0.3076923076923077,0.0,0.31746031746031744,0
0.7948717948717949,1.0,1.0,1.0,1
0.8275862068965517,1.0,1.0,1.0,1
0.9411764705882352,1.0,1.0,1.0,1
0.31746031746031744,0.3423423423423423,0.0,0.31746031746031744,0
0.4285714285714286,0.52,1.0,1.0,0
0.3846153846153846,0.3137254901960784,0.0,0.2545454545454545,0
0.33333333333333337,0.36,0.0,0.25,0
0.8,1.0,1.0,1.0,1
0.38888888888888884,0.30952380952380953,0.0,0.41379310344827597,0
0.26315789473684215,0.3542857142857143,0.0,0.35820895522388063,0
0.8666666666666667,1.0,1.0,1.0,1
0.26086956521739135,0.29508196721311475,0.0,0.45569620253164556,0
0.3278688524590164,0.29565217391304344,0.0,0.25,0
0.8787878787878788,1.0,1.0,1.0,1
0.25806451612903225,0.34615384615384615,0.0,0.3597122302158273,0
0.2777777777777778,0.19565217391304343,0.0,1.0,0
0.32258064516129037,0.3114754098360656,0.0,0.5154639175257731,0
0.8648648648648648,1.0,1.0,1.0,1
0.32432432432432434,0.2786885245901639,1.0,1.0,0
0.25,0.0,0.0,0.2264150943396226,0
0.2857142857142857,0.23529411764705888,0.0,1.0,0
0.8461538461538461,1.0,1.0,1.0,1
0.782608695652174,1.0,1.0,1.0,1
0.2978723404255319,0.3207547169811321,0.0,1.0,0
0.8181818181818181,1.0,1.0,1.0,1
0.9743589743589743,1.0,1.0,1.0,1
0.22857142857142854,0.28037383177570097,0.0,0.48,0
0.9565217391304348,1.0,1.0,1.0,1
0.9565217391304348,1.0,1.0,1.0,1
0.2777777777777778,0.38655462184873945,0.0,0.4545454545454546,0
0.2666666666666667,0.32380952380952377,0.0,0.42105263157894735,0
0.9333333333333332,1.0,1.0,1.0,1
0.96,1.0,1.0,1.0,1
0.3157894736842105,0.3211678832116789,1.0,0.25,0
0.3703703703703704,0.26415094339622647,0.0,1.0,0
0.41666666666666663,0.26315789473684215,0.0,0.48,0
0.2790697674418605,0.2784810126582279,0.0,1.0,0
0.8,1.0,1.0,1.0,1
0.27586206896551724,0.31007751937984496,0.0,0.41333333333333333,0
0.2790697674418605,0.3669724770642202,0.0,0.33333333333333337,0
0.9655172413793103,1.0,1.0,1.0,1
0.2272727272727273,0.36496350364963503,0.0,0.45569620253164556,0
0.32558139534883723,0.21875,0.0,0.2857142857142857,0
0.22857142857142854,0.24691358024691357,0.0,0.35820895522388063,0
0.2222222222222222,0.2823529411764706,0.0,0.31746031746031744,0
0.11764705882352944,0.30534351145038163,0.0,0.45569620253164556,0
0.2941176470588235,0.32258064516129037,0.0,0.14678899082568808,0
0.8461538461538461,1.0,1.0,1.0,1
0.9491525423728814,1.0,1.0,1.0,1
0.7241379310344827,1.0,1.0,1.0,1
0.967741935483871,1.0,1.0,1.0,1
0.9655172413793103,1.0,1.0,1.0,1
0.2857142857142857,0.30508474576271183,1.0,0.14678899082568808,0
0.9433962264150944,1.0,1.0,1.0,1
0.4285714285714286,0.34426229508196726,0.0,0.25,0
0.4,0.3089430894308943,0.0,0.25,0
0.326530612244898,0.31818181818181823,0.0,0.31746031746031744,0
0.13636363636363635,0.21359223300970875,0.0,0.14814814814814814,0
0.2857142857142857,0.3496503496503497,1.0,1.0,0
0.8571428571428572,1.0,1.0,1.0,1
0.7575757575757575,1.0,1.0,1.0,1
0.9795918367346939,1.0,1.0,1.0,1
0.34042553191489366,0.22988505747126442,0.0,0.25,0
0.3111111111111111,0.3559322033898306,0.0,0.3597122302158273,0
0.6521739130434783,1.0,1.0,1.0,1
0.32352941176470584,0.2597402597402597,0.0,0.2545454545454545,0
0.8571428571428572,1.0,1.0,1.0,1
0.8,1.0,1.0,1.0,1
0.96,1.0,1.0,1.0,1
0.42105263157894735,0.2912621359223301,0.0,0.3597122302158273,0
0.2545454545454545,0.2637362637362637,0.0,0.5154639175257731,0
0.9024390243902439,1.0,1.0,1.0,1
0.7619047619047619,1.0,1.0,1.0,1
0.8787878787878788,1.0,1.0,1.0,1
0.826086956521739,1.0,1.0,1.0,1
0.8,1.0,1.0,1.0,1
0.68,1.0,1.0,1.0,1
0.75,1.0,1.0,1.0,1
0.9090909090909091,1.0,1.0,1.0,1
0.864406779661017,1.0,1.0,1.0,1
0.9090909090909091,1.0,1.0,1.0,1
0.33333333333333337,0.4,0.0,0.2545454545454545,0
0.41379310344827597,0.3623188405797102,0.0,0.3597122302158273,0
0.8333333333333335,1.0,1.0,1.0,1
0.8709677419354839,1.0,1.0,1.0,1
0.2666666666666667,0.28205128205128205,0.0,1.0,0
0.28125,0.2622950819672131,0.0,0.24137931034482762,0
0.9655172413793103,1.0,1.0,1.0,1
0.6363636363636364,1.0,1.0,1.0,1
0.2162162162162162,0.3157894736842105,0.0,1.0,0
0.2962962962962963,0.36170212765957444,0.0,1.0,0
0.8620689655172413,1.0,1.0,1.0,1
0.7619047619047619,1.0,1.0,1.0,1
0.3529411764705882,0.35185185185185186,0.0,0.25,0
0.25,0.25806451612903225,0.0,0.25,0
0.34615384615384615,0.29885057471264365,0.0,1.0,0
0.9333333333333332,1.0,1.0,1.0,1
0.3555555555555555,0.2727272727272727,0.0,0.48,0
0.9473684210526316,1.0,1.0,1.0,1
0.8518518518518519,1.0,1.0,1.0,1
0.3548387096774194,0.26315789473684215,0.0,0.2545454545454545,0
0.42105263157894735,0.3218390804597702,0.0,0.3783783783783784,0
0.9565217391304348,1.0,1.0,1.0,1
0.9577464788732395,1.0,1.0,1.0,1
0.84,1.0,1.0,1.0,1
0.8461538461538461,1.0,1.0,1.0,1
0.7777777777777779,1.0,1.0,1.0,1
0.23529411764705888,0.2807017543859649,0.0,1.0,0
0.24561403508771928,0.3855421686746988,0.0,0.14678899082568808,0
0.8461538461538461,1.0,1.0,1.0,1
0.8620689655172413,1.0,1.0,1.0,1
0.7894736842105263,1.0,1.0,1.0,1
0.2727272727272727,0.2857142857142857,0.0,0.3597122302158273,0
0.3076923076923077,0.3846153846153846,0.0,0.35820895522388063,0
0.8461538461538461,1.0,1.0,1.0,1
0.8947368421052632,1.0,1.0,1.0,1
0.8333333333333335,1.0,1.0,1.0,1
0.9375,1.0,1.0,1.0,1
0.18604651162790697,0.2857142857142857,0.0,0.25,0
0.196078431372549,0.37623762376237624,0.0,0.25,0
0.967741935483871,1.0,1.0,1.0,1
0.6857142857142857,0.31999999999999995,0.0,0.2545454545454545,0
0.3125,0.24778761061946908,0.0,0.25,0
0.3157894736842105,0.3384615384615385,0.0,0.2545454545454545,0
0.9565217391304348,1.0,1.0,1.0,1
0.45070422535211263,0.4390243902439024,0.0,1.0,0
0.7333333333333334,1.0,1.0,1.0,1
0.2592592592592593,0.23853211009174313,0.0,1.0,0
0.68,1.0,1.0,1.0,1
0.3448275862068966,0.2650602409638554,0.0,0.36923076923076925,0
0.3529411764705882,0.32558139534883723,1.0,0.14678899082568808,0
0.3157894736842105,0.27083333333333337,0.0,0.25,0
0.7948717948717949,1.0,1.0,1.0,1
0.826086956521739,1.0,1.0,1.0,1
0.41379310344827597,0.419047619047619,0.0,0.2222222222222222,0
0.826086956521739,1.0,1.0,1.0,1
0.33333333333333337,0.2857142857142857,0.0,1.0,0
0.3157894736842105,0.1428571428571429,0.0,0.3597122302158273,0
0.36363636363636365,0.27586206896551724,1.0,0.3597122302158273,0
0.3414634146341463,0.36363636363636365,1.0,0.5154639175257731,0
0.3555555555555555,0.27826086956521734,0.0,1.0,0
0.3076923076923077,0.417910447761194,0.0,0.25,0
0.24137931034482762,0.23809523809523814,0.0,0.41333333333333333,0
0.4444444444444444,0.2465753424657534,0.0,0.1333333333333333,0
0.38095238095238093,0.3661971830985915,0.0,0.25,0
0.43478260869565216,0.2947368421052632,0.0,0.25,0
0.8974358974358975,1.0,1.0,1.0,1
0.9069767441860467,1.0,1.0,1.0,1
0.7142857142857143,1.0,1.0,1.0,1
0.3125,0.3287671232876712,0.0,0.3597122302158273,0
0.9589041095890412,1.0,1.0,1.0,1
0.962962962962963,1.0,1.0,1.0,1
0.7419354838709676,1.0,1.0,1.0,1
0.9411764705882352,1.0,1.0,1.0,1
0.31818181818181823,0.27956989247311825,0.0,0.48,0
0.3125,0.3529411764705882,0.0,0.33333333333333337,0
0.6428571428571428,1.0,1.0,1.0,1
0.8181818181818181,1.0,1.0,1.0,1
0.31818181818181823,0.34666666666666673,0.0,1.0,0
0.4516129032258065,0.291970802919708,0.0,0.14814814814814814,0
0.3448275862068966,0.38636363636363635,0.0,0.25,0
0.44999999999999996,0.33043478260869563,0.0,0.25,0
0.8857142857142857,1.0,1.0,1.0,1
0.736842105263158,1.0,1.0,1.0,1
0.6190476190476191,1.0,1.0,1.0,1
0.962962962962963,1.0,1.0,1.0,1
0.7419354838709676,1.0,1.0,1.0,1
0.826086956521739,1.0,1.0,1.0,1
0.4117647058823529,0.22499999999999998,0.0,0.23333333333333328,0
0.28,0.33766233766233766,1.0,0.45569620253164556,0
0.38888888888888884,0.3697478991596639,1.0,0.4545454545454546,0
0.29166666666666663,0.23913043478260865,0.0,1.0,0
0.27586206896551724,0.32558139534883723,0.0,0.25,0
0.7142857142857143,1.0,1.0,1.0,1
0.3783783783783784,0.30188679245283023,0.0,1.0,0
0.9444444444444444,1.0,1.0,1.0,1
0.9767441860465115,1.0,1.0,1.0,1
0.3414634146341463,0.4285714285714286,1.0,0.14814814814814814,0
0.375,0.3035714285714286,0.0,0.2545454545454545,0
0.975609756097561,1.0,1.0,1.0,1
0.9696969696969697,1.0,1.0,1.0,1
0.9565217391304348,1.0,1.0,1.0,1
0.17021276595744683,0.32692307692307687,1.0,1.0,0
0.9583333333333335,1.0,1.0,1.0,1
0.8666666666666667,1.0,1.0,1.0,1
0.33333333333333337,0.3529411764705882,0.0,0.25,0
0.33333333333333337,0.31775700934579443,0.0,0.48,0
0.3529411764705882,0.3142857142857143,0.0,0.3597122302158273,0
0.7419354838709676,1.0,1.0,1.0,1
0.9767441860465115,1.0,1.0,1.0,1
0.2162162162162162,0.3650793650793651,0.0,0.25,0
0.28,0.34666666666666673,0.0,0.3597122302158273,0
0.7241379310344827,1.0,1.0,1.0,1
0.7894736842105263,1.0,1.0,1.0,1
0.25,0.3007518796992481,0.0,0.35820895522388063,0
0.25806451612903225,0.339622641509434,0.0,0.14678899082568808,0
0.31818181818181823,0.39743589743589747,1.0,1.0,0
0.24242424242424243,0.5178571428571428,0.0,0.42666666666666664,0
0.25806451612903225,0.3896103896103897,0.0,1.0,0
0.26086956521739135,0.1785714285714286,0.0,0.3783783783783784,0
0.96,1.0,1.0,1.0,1
0.9696969696969697,1.0,1.0,1.0,1
0.782608695652174,1.0,1.0,1.0,1
0.3076923076923077,0.27450980392156865,0.0,0.25,0
0.84375,1.0,1.0,1.0,1
0.24242424242424243,0.37735849056603776,0.0,1.0,0
0.962962962962963,1.0,1.0,1.0,1
0.8863636363636364,1.0,1.0,1.0,1
0.7948717948717949,0.0,1.0,1.0,1
0.9508196721311475,1.0,1.0,1.0,1
0.9411764705882352,1.0,1.0,1.0,1
0.4117647058823529,0.30000000000000004,0.0,0.25,0
0.9655172413793103,1.0,1.0,1.0,1
0.84375,1.0,1.0,1.0,1
0.2857142857142857,0.29885057471264365,0.0,1.0,0
0.33333333333333337,0.22608695652173913,0.0,1.0,0
0.7714285714285716,1.0,1.0,1.0,1
0.975609756097561,1.0,1.0,1.0,1
0.38596491228070173,0.3287671232876712,1.0,0.48,0
0.9714285714285714,1.0,1.0,1.0,1
0.25,0.2941176470588235,1.0,0.2068965517241379,0
0.75,1.0,1.0,1.0,1
0.962962962962963,1.0,1.0,1.0,1
0.68,1.0,1.0,1.0,1
0.7777777777777779,1.0,1.0,1.0,1
0.8181818181818181,1.0,1.0,1.0,1
0.33333333333333337,0.24137931034482762,0.0,0.25,0
0.2666666666666667,0.3157894736842105,0.0,0.25,0
0.3076923076923077,0.26315789473684215,0.0,0.4,0
0.2272727272727273,0.2222222222222222,0.0,0.2545454545454545,0
0.875,1.0,1.0,1.0,1
0.826086956521739,1.0,1.0,1.0,1
0.5833333333333333,1.0,1.0,1.0,1
0.5294117647058824,1.0,1.0,1.0,1
0.826086956521739,1.0,1.0,1.0,1
0.8095238095238095,1.0,1.0,1.0,1
0.368421052631579,0.29166666666666663,0.0,0.23333333333333328,0
0.8095238095238095,1.0,1.0,1.0,1
0.9523809523809522,1.0,1.0,1.0,1
0.9615384615384616,1.0,1.0,1.0,1
0.3921568627450981,0.3544303797468354,0.0,0.25,0
0.9411764705882352,1.0,1.0,1.0,1
0.4117647058823529,0.25396825396825395,0.0,0.2857142857142857,0
0.7619047619047619,1.0,1.0,1.0,1
0.30000000000000004,0.3418803418803419,1.0,0.3783783783783784,0
0.967741935483871,1.0,1.0,1.0,1
0.2647058823529411,0.33333333333333337,1.0,0.2545454545454545,0
0.8823529411764706,1.0,1.0,1.0,1
0.34042553191489366,0.3076923076923077,0.0,0.3783783783783784,0
0.19999999999999996,0.3076923076923077,0.0,0.3597122302158273,0
0.8823529411764706,1.0,1.0,1.0,1
0.38888888888888884,0.17721518987341767,0.0,1.0,0
0.9696969696969697,1.0,1.0,1.0,1
0.8787878787878788,1.0,1.0,1.0,1
0.4719101123595506,0.19801980198019797,0.0,0.35820895522388063,0
0.875,1.0,1.0,1.0,1
0.7575757575757575,1.0,1.0,1.0,1
0.20833333333333337,0.29268292682926833,0.0,0.14814814814814814,0
0.7142857142857143,1.0,1.0,1.0,1
0.2702702702702703,0.2666666666666667,0.0,0.36363636363636365,0
0.8620689655172413,1.0,1.0,1.0,1
0.8333333333333335,1.0,1.0,1.0,1
0.7037037037037037,1.0,1.0,1.0,1
0.95,1.0,1.0,1.0,1
0.33333333333333337,0.36363636363636365,0.0,0.25,0
0.339622641509434,0.17204301075268813,0.0,0.2545454545454545,0
0.9433962264150944,1.0,1.0,1.0,1
0.7058823529411764,1.0,1.0,1.0,1
0.4705882352941176,0.25531914893617025,0.0,1.0,0
0.4761904761904761,0.20895522388059706,0.0,0.25,0
0.8333333333333335,1.0,1.0,1.0,1
0.3589743589743589,0.3214285714285714,0.0,0.36363636363636365,0
0.9655172413793103,1.0,1.0,1.0,1
0.9615384615384616,1.0,1.0,1.0,1
0.8095238095238095,1.0,1.0,1.0,1
0.303030303030303,0.4821428571428571,0.0,0.4,0
0.967741935483871,1.0,1.0,1.0,1
0.24242424242424243,0.27522935779816515,0.0,0.25,0
0.32558139534883723,0.28985507246376807,0.0,0.3597122302158273,0
0.4,0.26890756302521013,0.0,1.0,0
0.30000000000000004,0.3058823529411765,0.0,0.34285714285714286,0
0.3157894736842105,0.34042553191489366,1.0,1.0,0
0.8709677419354839,1.0,1.0,1.0,1
0.8947368421052632,1.0,1.0,1.0,1
0.8,1.0,1.0,1.0,1
0.7727272727272727,1.0,1.0,1.0,1
0.7142857142857143,1.0,1.0,1.0,1
0.4375,0.32258064516129037,1.0,0.14678899082568808,0
0.4390243902439024,0.1728395061728395,0.0,0.33333333333333337,0
0.736842105263158,1.0,1.0,1.0,1
0.9523809523809522,1.0,1.0,1.0,1
0.2666666666666667,0.30379746835443033,0.0,0.14678899082568808,0
0.9523809523809522,1.0,1.0,1.0,1
0.3529411764705882,0.29885057471264365,0.0,0.35820895522388063,0
0.29166666666666663,0.23913043478260865,0.0,0.20895522388059706,0
0.41860465116279066,0.29166666666666663,1.0,0.33333333333333337,0
0.8484848484848484,1.0,1.0,1.0,1
0.7037037037037037,1.0,1.0,1.0,1
0.3589743589743589,0.34437086092715236,0.0,0.5154639175257731,0
0.7714285714285716,1.0,1.0,1.0,1
0.5925925925925926,0.3023255813953488,0.0,1.0,0
0.8620689655172413,1.0,1.0,1.0,1
0.68,1.0,1.0,1.0,1
0.25,0.36144578313253023,0.0,0.36363636363636365,0
0.2857142857142857,0.3818181818181819,0.0,0.3597122302158273,0
0.31999999999999995,0.3305785123966942,0.0,0.3597122302158273,0
0.34375,0.20512820512820518,1.0,0.25,0
0.3529411764705882,0.4144144144144144,0.0,0.35820895522388063,0
0.7894736842105263,1.0,1.0,1.0,1
0.3703703703703704,0.2790697674418605,0.0,0.24137931034482762,0
0.68,1.0,1.0,1.0,1
0.8461538461538461,1.0,1.0,1.0,1
0.33333333333333337,0.3846153846153846,0.0,0.3076923076923077,0
0.8571428571428572,1.0,1.0,1.0,1
0.7647058823529411,1.0,1.0,1.0,1
0.2962962962962963,0.2702702702702703,0.0,0.14678899082568808,0
0.32727272727272727,0.29139072847682124,0.0,0.3214285714285714,0
0.30000000000000004,0.33333333333333337,0.0,0.45569620253164556,0
0.36363636363636365,0.2912621359223301,0.0,0.25,0
0.9508196721311475,1.0,1.0,1.0,1
0.3111111111111111,0.3142857142857143,0.0,0.2857142857142857,0
0.8709677419354839,1.0,1.0,1.0,1
0.23529411764705888,0.29268292682926833,0.0,0.2222222222222222,0
0.9090909090909091,1.0,1.0,1.0,1
0.962962962962963,1.0,1.0,1.0,1
0.75,1.0,1.0,1.0,1
0.96,1.0,1.0,1.0,1
0.8095238095238095,1.0,1.0,1.0,1
0.826086956521739,1.0,1.0,1.0,1
0.9714285714285714,1.0,1.0,1.0,1
0.9312977099236641,1.0,1.0,1.0,1
0.5294117647058824,1.0,1.0,1.0,1
0.736842105263158,1.0,1.0,1.0,1
0.39473684210526316,0.3846153846153846,0.0,1.0,0
0.9615384615384616,1.0,1.0,1.0,1
0.375,0.34285714285714286,0.0,0.20895522388059706,0
0.95,1.0,1.0,1.0,1
0.7727272727272727,1.0,1.0,1.0,1
0.75,1.0,1.0,1.0,1
0.8181818181818181,1.0,1.0,1.0,1
0.9090909090909091,1.0,1.0,1.0,1
0.962962962962963,1.0,1.0,1.0,1
0.2727272727272727,0.27586206896551724,0.0,0.288135593220339,0
0.32258064516129037,0.3529411764705882,0.0,0.14678899082568808,0
0.8857142857142857,0.0,1.0,1.0,1
0.814814814814815,1.0,1.0,1.0,1
0.7037037037037037,1.0,1.0,1.0,1
0.3098591549295775,0.3157894736842105,0.0,0.41333333333333333,0
0.9189189189189189,1.0,1.0,1.0,1
0.9714285714285714,1.0,1.0,1.0,1
0.7727272727272727,1.0,1.0,1.0,1
0.6521739130434783,1.0,1.0,1.0,1
0.7222222222222221,1.0,1.0,1.0,1
0.7333333333333334,1.0,1.0,1.0,1
0.20512820512820518,0.26086956521739135,0.0,0.4,0
0.303030303030303,0.27826086956521734,0.0,0.45569620253164556,0
0.8333333333333335,1.0,1.0,1.0,1
0.2564102564102564,0.3917525773195877,1.0,0.25,0
0.303030303030303,0.31999999999999995,0.0,0.14678899082568808,0
0.875,1.0,1.0,1.0,1
0.2692307692307693,0.28985507246376807,0.0,0.25,0
0.8095238095238095,1.0,1.0,1.0,1
0.29268292682926833,0.24489795918367352,0.0,0.41666666666666663,0
0.9714285714285714,1.0,1.0,1.0,1
0.8333333333333335,1.0,1.0,1.0,1
0.8620689655172413,1.0,1.0,1.0,1
0.7333333333333334,1.0,1.0,1.0,1
0.32258064516129037,0.3220338983050848,0.0,0.3214285714285714,0
0.9473684210526316,1.0,1.0,1.0,1
0.8888888888888888,1.0,1.0,1.0,1
0.33333333333333337,0.31818181818181823,0.0,1.0,0
0.32558139534883723,0.22784810126582278,0.0,0.2545454545454545,0
0.24242424242424243,0.2564102564102564,0.0,0.14678899082568808,0
0.3448275862068966,0.26190476190476186,0.0,0.4761904761904761,0
0.1875,0.0,0.0,0.4761904761904761,0
0.9,1.0,1.0,1.0,1
0.2857142857142857,0.26206896551724135,0.0,0.23333333333333328,0
0.7647058823529411,1.0,1.0,1.0,1
0.2857142857142857,0.3132530120481928,0.0,0.3597122302158273,0
0.2564102564102564,0.37362637362637363,0.0,0.2222222222222222,0
0.9787234042553191,1.0,1.0,1.0,1
0.24242424242424243,0.2558139534883721,0.0,0.3597122302158273,0
0.8076923076923077,1.0,1.0,1.0,1
0.2545454545454545,0.2545454545454545,0.0,0.25,0
0.9642857142857143,1.0,1.0,1.0,1
0.8709677419354839,1.0,1.0,1.0,1
0.9696969696969697,1.0,1.0,1.0,1
0.7777777777777779,1.0,1.0,1.0,1
0.8484848484848484,1.0,1.0,1.0,1
0.33333333333333337,0.42028985507246375,1.0,0.36363636363636365,0
0.96,1.0,1.0,1.0,1
0.8333333333333335,1.0,1.0,1.0,1
0.826086956521739,1.0,1.0,1.0,1
0.2222222222222222,0.36363636363636365,0.0,1.0,0
0.7894736842105263,1.0,1.0,1.0,1
0.44776119402985076,0.3410852713178295,1.0,1.0,0
0.7714285714285716,1.0,1.0,1.0,1
0.84,1.0,1.0,1.0,1
0.3157894736842105,0.34090909090909094,0.0,0.5154639175257731,0
0.25,0.25263157894736843,0.0,0.14814814814814814,0
0.6,1.0,1.0,1.0,1
0.8387096774193549,1.0,1.0,1.0,1
0.7419354838709676,1.0,1.0,1.0,1
0.3448275862068966,0.29059829059829057,0.0,0.2545454545454545,0
0.27450980392156865,0.3076923076923077,1.0,1.0,0
0.6923076923076923,1.0,1.0,1.0,1
0.962962962962963,1.0,1.0,1.0,1
0.8095238095238095,1.0,1.0,1.0,1
0.36363636363636365,0.352112676056338,0.0,0.45569620253164556,0
0.8076923076923077,1.0,1.0,1.0,1
0.26086956521739135,0.2033898305084746,0.0,0.25,0
0.8518518518518519,1.0,1.0,1.0,1
0.36363636363636365,0.24390243902439024,0.0,0.35820895522388063,0
0.3589743589743589,0.389937106918239,0.0,1.0,0
0.2564102564102564,0.24,0.0,1.0,0
0.8095238095238095,1.0,1.0,1.0,1
0.31034482758620685,0.23728813559322037,0.0,0.2545454545454545,0
0.24,0.34426229508196726,0.0,0.35820895522388063,0
0.40909090909090906,0.3703703703703704,0.0,0.45569620253164556,0
0.7727272727272727,1.0,1.0,1.0,1
0.32558139534883723,0.19672131147540983,0.0,0.1333333333333333,0
0.3783783783783784,0.28888888888888886,0.0,0.35820895522388063,0
0.826086956521739,1.0,1.0,1.0,1
0.38596491228070173,0.3820224719101124,0.0,0.42666666666666664,0
0.6923076923076923,1.0,1.0,1.0,1
0.3214285714285714,0.4301075268817204,0.0,0.23076923076923073,0
0.8620689655172413,1.0,1.0,1.0,1
0.6190476190476191,1.0,1.0,1.0,1
0.7222222222222221,1.0,1.0,1.0,1
0.3529411764705882,0.4271844660194175,0.0,0.2068965517241379,0
0.7142857142857143,1.0,1.0,1.0,1
0.9523809523809522,1.0,1.0,1.0,1
0.2564102564102564,0.35862068965517246,0.0,1.0,0
0.6521739130434783,1.0,1.0,1.0,1
0.65,0.29702970297029707,0.0,0.35820895522388063,0
0.29166666666666663,0.24691358024691357,0.0,1.0,0
0.21276595744680848,0.28037383177570097,0.0,1.0,0
0.7058823529411764,1.0,1.0,1.0,1
0.9743589743589743,1.0,1.0,1.0,1
0.7777777777777779,1.0,1.0,1.0,1
0.23076923076923073,0.25742574257425743,1.0,0.14678899082568808,0
0.3076923076923077,0.31818181818181823,0.0,0.4,0
0.8,1.0,1.0,1.0,1
0.4444444444444444,0.38167938931297707,0.0,0.25,0
0.4,0.32432432432432434,0.0,0.2222222222222222,0
0.68,1.0,1.0,1.0,1
0.4,0.27083333333333337,0.0,0.4,0
0.9047619047619048,1.0,1.0,1.0,1
0.29166666666666663,0.27692307692307694,0.0,0.25,0
0.2962962962962963,0.3392857142857143,0.0,0.2545454545454545,0
0.8333333333333335,1.0,1.0,1.0,1
0.8333333333333335,1.0,1.0,1.0,1
0.7894736842105263,1.0,1.0,1.0,1
0.35,0.28865979381443296,0.0,0.25,0
0.95,1.0,1.0,1.0,1
0.3125,0.34545454545454546,0.0,0.14678899082568808,0
0.9361702127659575,1.0,1.0,1.0,1
0.33333333333333337,0.32380952380952377,0.0,0.4545454545454546,0
0.30188679245283023,0.34862385321100914,0.0,0.45569620253164556,0
0.41860465116279066,0.3733333333333333,0.0,0.5154639175257731,0
0.33333333333333337,0.1875,0.0,0.3597122302158273,0
0.34042553191489366,0.38834951456310685,0.0,1.0,0
0.26315789473684215,0.20408163265306123,0.0,1.0,0
0.967741935483871,1.0,1.0,1.0,1
0.3703703703703704,0.3076923076923077,0.0,0.5154639175257731,0
0.3125,0.3589743589743589,0.0,0.34285714285714286,0
0.6190476190476191,1.0,1.0,1.0,1
0.35,0.2978723404255319,0.0,0.24137931034482762,0
0.8,1.0,1.0,1.0,1
0.7241379310344827,1.0,1.0,1.0,1
0.7647058823529411,1.0,1.0,1.0,1
0.3529411764705882,0.3302752293577982,0.0,0.3597122302158273,0
0.9473684210526316,1.0,1.0,1.0,1
0.3548387096774194,0.6190476190476191,1.0,0.20895522388059706,0
0.7916666666666665,1.0,1.0,1.0,1
0.7333333333333334,1.0,1.0,1.0,1
0.7777777777777779,1.0,1.0,1.0,1
0.8461538461538461,1.0,1.0,1.0,1
0.9655172413793103,1.0,1.0,1.0,1
0.814814814814815,1.0,1.0,1.0,1
0.8,1.0,1.0,1.0,1
0.6521739130434783,1.0,1.0,1.0,1
0.4516129032258065,0.36363636363636365,0.0,0.2727272727272727,0
0.24,0.29565217391304344,0.0,0.4,0
0.3870967741935484,0.05882352941176472,1.0,0.25,0
0.35,0.4369747899159664,0.0,0.45569620253164556,0
0.4651162790697675,0.29885057471264365,0.0,0.41333333333333333,0
0.38095238095238093,0.3407407407407408,0.0,0.42666666666666664,0
0.22857142857142854,0.29268292682926833,0.0,0.38095238095238093,0
0.9534883720930233,1.0,1.0,1.0,1
0.34615384615384615,0.3458646616541353,0.0,0.14814814814814814,0
0.9523809523809522,1.0,1.0,1.0,1
0.3846153846153846,1.0,1.0,1.0,1
0.29268292682926833,0.32258064516129037,0.0,1.0,0
0.25806451612903225,0.4390243902439024,0.0,0.25,0
0.29508196721311475,0.48,0.0,0.5154639175257731,0
0.813953488372093,1.0,1.0,1.0,1
0.4736842105263158,0.1842105263157895,0.0,1.0,0
0.9642857142857143,1.0,1.0,1.0,1
0.35,0.3008849557522124,0.0,0.4761904761904761,0
0.8,1.0,1.0,1.0,1
0.923076923076923,1.0,1.0,1.0,1
0.32558139534883723,0.26086956521739135,0.0,1.0,0
0.9642857142857143,1.0,1.0,1.0,1
0.826086956521739,1.0,1.0,1.0,1
0.26086956521739135,0.3559322033898306,0.0,0.5154639175257731,0
0.7894736842105263,1.0,1.0,1.0,1
0.8181818181818181,1.0,1.0,1.0,1
0.3508771929824561,0.32432432432432434,0.0,0.3941605839416058,0
0.8,1.0,1.0,1.0,1
0.2857142857142857,0.29268292682926833,0.0,1.0,0
0.9655172413793103,1.0,1.0,1.0,1
0.9655172413793103,1.0,1.0,1.0,1
0.2978723404255319,0.49275362318840576,1.0,1.0,0
0.3571428571428571,0.2921348314606742,0.0,0.3597122302158273,0
0.3548387096774194,0.30927835051546393,0.0,0.2264150943396226,0
0.7333333333333334,1.0,1.0,1.0,1
0.967741935483871,1.0,1.0,1.0,1
0.8,1.0,1.0,1.0,1
0.8,1.0,1.0,1.0,1
0.9743589743589743,1.0,1.0,1.0,1
0.8709677419354839,1.0,1.0,1.0,1
0.30000000000000004,0.30645161290322576,0.0,0.38095238095238093,0
0.6,1.0,1.0,1.0,1
0.4473684210526315,0.3111111111111111,0.0,0.45569620253164556,0
0.32432432432432434,0.15555555555555556,1.0,1.0,0
0.9508196721311475,1.0,1.0,1.0,1
0.7894736842105263,1.0,1.0,1.0,1
0.9545454545454546,1.0,1.0,1.0,1
0.34615384615384615,0.33333333333333337,0.0,0.3597122302158273,0
0.32432432432432434,0.3620689655172413,1.0,0.14678899082568808,0
0.29032258064516125,0.32727272727272727,0.0,0.14678899082568808,0
0.9647058823529412,1.0,1.0,1.0,1
0.8611111111111112,1.0,1.0,1.0,1
0.6153846153846154,1.0,1.0,1.0,1
0.8,1.0,1.0,1.0,1
0.2790697674418605,0.34210526315789463,0.0,0.25,0
0.9696969696969697,1.0,1.0,1.0,1
0.37209302325581395,0.22535211267605637,0.0,0.3597122302158273,0
0.37209302325581395,0.33587786259541985,0.0,0.25,0
0.3137254901960784,0.3448275862068966,0.0,0.31746031746031744,0
0.3508771929824561,0.2857142857142857,0.0,0.2222222222222222,0
0.2857142857142857,0.2954545454545454,0.0,1.0,0
0.3125,0.26315789473684215,0.0,0.3597122302158273,0
0.32727272727272727,0.3818181818181819,0.0,0.30508474576271183,0
0.33333333333333337,0.2727272727272727,0.0,0.2857142857142857,0
0.8529411764705883,1.0,1.0,1.0,1
0.15384615384615385,0.38888888888888884,1.0,0.25,0
0.6521739130434783,1.0,1.0,1.0,1
0.36363636363636365,0.34285714285714286,0.0,0.24242424242424243,0
0.975609756097561,1.0,1.0,1.0,1
0.9577464788732395,1.0,1.0,1.0,1
0.25,0.41666666666666663,0.0,0.2941176470588235,0
0.26315789473684215,0.29032258064516125,0.0,0.24137931034482762,0
0.4489795918367348,0.3589743589743589,1.0,0.23076923076923073,0
0.9523809523809522,1.0,1.0,1.0,1
0.8333333333333335,1.0,1.0,1.0,1
0.34375,0.3623188405797102,1.0,0.25,0
0.9655172413793103,1.0,1.0,1.0,1
0.8,1.0,1.0,1.0,1
0.84,1.0,1.0,1.0,1
0.2777777777777778,0.21333333333333335,0.0,0.25,0
0.7714285714285716,1.0,1.0,1.0,1
0.3508771929824561,0.3529411764705882,0.0,0.3597122302158273,0
0.826086956521739,1.0,1.0,1.0,1
0.9285714285714286,1.0,1.0,1.0,1
0.5,0.19753086419753085,1.0,0.23333333333333328,0
0.3783783783783784,0.25316455696202533,0.0,0.3717948717948718,0
0.29729729729729726,0.25,0.0,0.35820895522388063,0
0.368421052631579,0.3697478991596639,1.0,0.2222222222222222,0
0.38095238095238093,0.31034482758620685,0.0,1.0,0
0.3076923076923077,0.4536082474226804,0.0,0.4,0
0.7894736842105263,1.0,1.0,1.0,1
0.3076923076923077,0.3119266055045872,0.0,0.25,0
0.9166666666666665,1.0,1.0,1.0,1
0.375,0.31818181818181823,0.0,0.25,0
0.2857142857142857,0.3207547169811321,0.0,1.0,0
0.9636363636363636,1.0,1.0,1.0,1
0.8,1.0,1.0,1.0,1
0.8857142857142857,1.0,1.0,1.0,1
0.7333333333333334,1.0,1.0,1.0,1
0.42553191489361697,0.24137931034482762,0.0,0.14678899082568808,0
0.4,0.3168316831683168,0.0,0.3597122302158273,0
0.6363636363636364,1.0,1.0,1.0,1
0.9620253164556962,1.0,1.0,1.0,1
0.368421052631579,0.16901408450704225,0.0,1.0,0
0.34782608695652173,0.21153846153846156,0.0,1.0,0
0.8387096774193549,1.0,1.0,1.0,1
0.3783783783783784,0.41379310344827597,1.0,0.38095238095238093,0
0.8666666666666667,1.0,1.0,1.0,1
0.5116279069767442,0.4193548387096774,0.0,0.35820895522388063,0
0.96,1.0,1.0,1.0,1
0.41379310344827597,0.35185185185185186,0.0,0.25,0
0.9655172413793103,1.0,1.0,1.0,1
0.27118644067796616,0.3157894736842105,0.0,0.25,0
0.4285714285714286,0.2834645669291339,0.0,0.25,0
0.2978723404255319,0.3669724770642202,1.0,0.4545454545454546,0
0.40909090909090906,0.2921348314606742,0.0,0.48,0
0.3589743589743589,0.20833333333333337,0.0,1.0,0
0.21052631578947367,0.3116883116883117,0.0,0.4444444444444444,0
0.8888888888888888,1.0,1.0,1.0,1
0.8387096774193549,1.0,1.0,1.0,1
0.8571428571428572,1.0,1.0,1.0,1
0.75,1.0,1.0,1.0,1
0.6521739130434783,1.0,1.0,1.0,1
0.41860465116279066,0.27586206896551724,0.0,0.45569620253164556,0
0.32558139534883723,0.35955056179775285,1.0,0.42105263157894735,0
0.9473684210526316,1.0,1.0,1.0,1
0.8181818181818181,1.0,1.0,1.0,1
0.4390243902439024,0.33684210526315794,0.0,1.0,0
0.2777777777777778,0.3650793650793651,0.0,0.22857142857142854,0
0.7894736842105263,1.0,1.0,1.0,1
0.7037037037037037,1.0,1.0,1.0,1
0.3076923076923077,0.32352941176470584,0.0,0.38095238095238093,0
0.2941176470588235,0.36734693877551017,0.0,0.5454545454545454,0
0.2857142857142857,0.3232323232323232,0.0,0.48,0
0.9655172413793103,1.0,1.0,1.0,1
0.26315789473684215,0.3555555555555555,0.0,0.35820895522388063,0
0.45833333333333337,0.38,0.0,0.25,0
0.368421052631579,0.34545454545454546,0.0,1.0,0
0.15384615384615385,0.21333333333333335,0.0,1.0,0
0.3703703703703704,0.276595744680851,0.0,0.2545454545454545,0
0.2962962962962963,0.34042553191489366,0.0,1.0,0
0.8888888888888888,1.0,1.0,1.0,1
0.4444444444444444,0.25,0.0,1.0,0
0.6875,1.0,1.0,1.0,1
0.2702702702702703,0.3529411764705882,0.0,0.3597122302158273,0
0.36363636363636365,0.2666666666666667,0.0,0.3597122302158273,0
0.972972972972973,1.0,1.0,1.0,1
0.967741935483871,1.0,1.0,1.0,1
0.31999999999999995,0.3076923076923077,0.0,0.2545454545454545,0
0.8181818181818181,1.0,1.0,1.0,1
0.9655172413793103,1.0,1.0,1.0,1
0.8666666666666667,1.0,1.0,1.0,1
0.2142857142857143,0.25210084033613445,0.0,0.3597122302158273,0
0.875,1.0,1.0,1.0,1
0.8095238095238095,1.0,1.0,1.0,1
0.8648648648648648,1.0,1.0,1.0,1
0.2162162162162162,0.24242424242424243,0.0,0.14814814814814814,0
0.8571428571428572,1.0,1.0,1.0,1
0.96875,1.0,1.0,1.0,1
0.3529411764705882,0.22499999999999998,0.0,0.25,0
0.2962962962962963,0.303030303030303,0.0,1.0,0
0.8529411764705883,1.0,1.0,1.0,1
0.9411764705882352,1.0,1.0,1.0,1
0.30188679245283023,0.22033898305084743,0.0,0.43333333333333335,0
0.5,0.3513513513513513,0.0,0.4761904761904761,0
0.26086956521739135,0.3146067415730337,0.0,0.25,0
0.7777777777777779,1.0,1.0,1.0,1
0.6875,1.0,1.0,1.0,1
0.7419354838709676,1.0,1.0,1.0,1
0.41025641025641024,0.2429906542056075,0.0,0.3597122302158273,0
0.8571428571428572,1.0,1.0,1.0,1
0.962962962962963,1.0,1.0,1.0,1
0.3529411764705882,0.26865671641791045,0.0,1.0,0
0.7916666666666665,1.0,1.0,1.0,1
0.962962962962963,1.0,1.0,1.0,1
0.8181818181818181,1.0,1.0,1.0,1
0.47272727272727283,0.3098591549295775,0.0,0.5154639175257731,0
0.9189189189189189,1.0,1.0,1.0,1
0.9473684210526316,1.0,1.0,1.0,1
0.9473684210526316,1.0,1.0,1.0,1
0.8823529411764706,1.0,1.0,1.0,1
0.3076923076923077,0.3764705882352941,0.0,0.36363636363636365,0
0.9523809523809522,1.0,1.0,1.0,1
0.962962962962963,1.0,1.0,1.0,1
0.31999999999999995,0.38095238095238093,1.0,0.48,0
0.3783783783783784,0.4065040650406504,0.0,0.2857142857142857,0
0.8484848484848484,1.0,1.0,1.0,1
0.967741935483871,1.0,1.0,1.0,1
0.782608695652174,1.0,1.0,1.0,1
0.19999999999999996,0.2666666666666667,0.0,0.2545454545454545,0
0.34285714285714286,0.28915662650602414,0.0,0.45569620253164556,0
0.8709677419354839,1.0,1.0,1.0,1
0.37209302325581395,0.2727272727272727,0.0,0.2545454545454545,0
0.32432432432432434,0.2696629213483146,0.0,0.35820895522388063,0
0.75,1.0,1.0,1.0,1
0.29268292682926833,0.37209302325581395,0.0,0.25,0
0.36111111111111116,0.3565891472868217,0.0,0.25,0
0.8787878787878788,1.0,1.0,1.0,1
0.27586206896551724,0.4098360655737705,1.0,0.45569620253164556,0
0.95,1.0,1.0,1.0,1
0.9090909090909091,1.0,1.0,1.0,1
0.2222222222222222,0.2028985507246377,0.0,0.30508474576271183,0
0.75,1.0,1.0,1.0,1
0.48484848484848486,0.37878787878787873,0.0,0.3597122302158273,0
0.23529411764705888,0.30927835051546393,0.0,0.3597122302158273,0
0.68,1.0,1.0,1.0,1
0.29166666666666663,0.33333333333333337,0.0,0.33333333333333337,0
0.28,0.1568627450980392,0.0,0.45569620253164556,0
0.9714285714285714,1.0,1.0,1.0,1
0.3414634146341463,0.25316455696202533,0.0,0.31746031746031744,0
0.34042553191489366,0.31818181818181823,1.0,0.20895522388059706,0
0.27586206896551724,0.303030303030303,0.0,0.2545454545454545,0
0.68,1.0,1.0,1.0,1
0.6363636363636364,1.0,1.0,1.0,1
0.8620689655172413,1.0,1.0,1.0,1
0.8214285714285714,1.0,1.0,1.0,1
0.95,1.0,1.0,1.0,1
0.8095238095238095,1.0,1.0,1.0,1
0.96,1.0,1.0,1.0,1
0.3157894736842105,0.21505376344086025,0.0,0.34782608695652173,0
0.3589743589743589,0.26315789473684215,1.0,0.25,0
0.3111111111111111,0.31707317073170727,1.0,0.4761904761904761,0
0.33333333333333337,0.35820895522388063,0.0,0.14678899082568808,0
0.19354838709677424,0.31999999999999995,0.0,0.25,0
0.9811320754716981,1.0,1.0,1.0,1
0.7894736842105263,1.0,1.0,1.0,1
0.9523809523809522,1.0,1.0,1.0,1
0.4705882352941176,0.19130434782608696,0.0,0.45569620253164556,0
0.24137931034482762,0.303030303030303,0.0,0.36923076923076925,0
0.4666666666666666,0.419753086419753,1.0,0.25,0
0.375,0.18181818181818177,0.0,0.2545454545454545,0
0.8387096774193549,1.0,1.0,1.0,1
0.33333333333333337,0.32352941176470584,0.0,0.25,0
0.33333333333333337,0.1609195402298851,0.0,0.36363636363636365,0
0.27586206896551724,0.2666666666666667,0.0,0.5154639175257731,0
0.7333333333333334,1.0,1.0,1.0,1
0.826086956521739,1.0,1.0,1.0,1
0.32258064516129037,0.4032258064516129,0.0,0.20895522388059706,0
0.9655172413793103,1.0,1.0,1.0,1
0.38095238095238093,0.38,0.0,1.0,0
0.8095238095238095,1.0,1.0,1.0,1
0.3076923076923077,0.20779220779220775,1.0,0.25,0
0.7333333333333334,1.0,1.0,1.0,1
0.7777777777777779,1.0,1.0,1.0,1
0.9696969696969697,1.0,1.0,1.0,1
0.28,0.3076923076923077,0.0,0.20895522388059706,0
0.2162162162162162,0.23076923076923073,0.0,0.42105263157894735,0
0.9655172413793103,1.0,1.0,1.0,1
0.7714285714285716,1.0,1.0,1.0,1
0.3076923076923077,0.38383838383838387,1.0,0.3492063492063492,0
0.84,1.0,1.0,1.0,1
0.2777777777777778,0.27692307692307694,0.0,0.31746031746031744,0
0.814814814814815,1.0,1.0,1.0,1
0.38095238095238093,0.2807017543859649,0.0,1.0,0
0.8913043478260869,1.0,1.0,1.0,1
0.9361702127659575,1.0,1.0,1.0,1
0.6666666666666667,1.0,1.0,1.0,1
0.25,0.2857142857142857,0.0,0.25,0
0.5789473684210527,1.0,1.0,1.0,1
0.3529411764705882,0.2696629213483146,0.0,0.14678899082568808,0
0.2727272727272727,0.36065573770491793,0.0,0.14678899082568808,0
0.368421052631579,0.4285714285714286,0.0,0.20895522388059706,0
0.22857142857142854,0.39344262295081966,0.0,0.14678899082568808,0
0.3529411764705882,0.449438202247191,0.0,0.35820895522388063,0
0.36363636363636365,0.30927835051546393,0.0,0.14678899082568808,0
0.28,0.17948717948717952,1.0,0.2545454545454545,0
0.8918918918918919,1.0,1.0,1.0,1
0.33333333333333337,0.38655462184873945,0.0,0.4,0
0.8918918918918919,1.0,1.0,1.0,1
0.7777777777777779,1.0,1.0,1.0,1
0.875,1.0,1.0,1.0,1
0.17391304347826086,0.22784810126582278,0.0,0.25,0
0.24242424242424243,0.30612244897959184,0.0,0.5154639175257731,0
0.6875,1.0,1.0,1.0,1
0.3571428571428571,0.4489795918367348,0.0,0.25,0
0.2222222222222222,0.19512195121951215,0.0,0.23333333333333328,0
0.8095238095238095,1.0,1.0,1.0,1
0.7333333333333334,1.0,1.0,1.0,1
0.967741935483871,1.0,1.0,1.0,1
0.5106382978723405,0.26168224299065423,1.0,1.0,0
0.38095238095238093,0.2831858407079646,0.0,0.3597122302158273,0
0.8518518518518519,1.0,1.0,1.0,1
0.2857142857142857,0.34899328859060413,0.0,0.25,0
0.4117647058823529,0.3666666666666667,1.0,0.5154639175257731,0
0.7647058823529411,1.0,1.0,1.0,1
0.339622641509434,0.29357798165137616,0.0,1.0,0
0.36363636363636365,0.2692307692307693,0.0,0.25,0
0.7916666666666665,1.0,1.0,1.0,1
0.972972972972973,1.0,1.0,1.0,1
0.8,1.0,1.0,1.0,1
0.34285714285714286,0.3132530120481928,0.0,0.36363636363636365,0
0.29166666666666663,0.35820895522388063,0.0,0.36363636363636365,0
0.972972972972973,1.0,1.0,1.0,1
0.3589743589743589,0.3555555555555555,0.0,1.0,0
0.8095238095238095,1.0,1.0,1.0,1
0.7727272727272727,1.0,1.0,1.0,1
0.9565217391304348,1.0,1.0,1.0,1
0.8181818181818181,1.0,1.0,1.0,1
0.23076923076923073,0.31746031746031744,0.0,0.25,0
0.9508196721311475,1.0,1.0,1.0,1
0.9655172413793103,1.0,1.0,1.0,1
0.2068965517241379,0.2647058823529411,0.0,0.3597122302158273,0
0.875,1.0,1.0,1.0,1
0.6521739130434783,1.0,1.0,1.0,1
0.2564102564102564,0.1724137931034483,0.0,0.25,0
0.21739130434782605,0.29032258064516125,0.0,0.2545454545454545,0
0.736842105263158,1.0,1.0,1.0,1
0.3157894736842105,0.26530612244897955,0.0,0.31746031746031744,0
0.2857142857142857,0.38095238095238093,0.0,0.4,0
0.7777777777777779,1.0,1.0,1.0,1
0.1875,0.3695652173913043,1.0,0.23333333333333328,0
0.38095238095238093,0.38,0.0,0.3783783783783784,0
0.23529411764705888,0.42622950819672134,0.0,0.25,0
0.30000000000000004,0.29333333333333333,0.0,0.48,0
0.7619047619047619,1.0,1.0,1.0,1
0.7333333333333334,1.0,1.0,1.0,1
0.9714285714285714,1.0,1.0,1.0,1
0.9615384615384616,1.0,1.0,1.0,1
0.23529411764705888,0.2941176470588235,0.0,0.3597122302158273,0
0.7647058823529411,1.0,1.0,1.0,1
0.7777777777777779,1.0,1.0,1.0,1
0.967032967032967,1.0,1.0,1.0,1
0.35,0.30107526881720426,0.0,0.30508474576271183,0
0.9473684210526316,1.0,1.0,1.0,1
0.41025641025641024,0.19718309859154926,1.0,0.25,0
0.84,1.0,1.0,1.0,1
0.962962962962963,1.0,1.0,1.0,1
0.3703703703703704,0.2921348314606742,0.0,0.25,0
0.26086956521739135,0.3232323232323232,0.0,0.4666666666666666,0
0.23076923076923073,0.3571428571428571,0.0,0.3597122302158273,0
0.8518518518518519,1.0,1.0,1.0,1
0.8666666666666667,1.0,1.0,1.0,1
0.7037037037037037,1.0,1.0,1.0,1
0.9655172413793103,1.0,1.0,1.0,1
0.368421052631579,0.3880597014925373,0.0,0.14678899082568808,0
0.9583333333333335,1.0,1.0,1.0,1
0.7647058823529411,1.0,1.0,1.0,1
0.68,1.0,1.0,1.0,1
0.826086956521739,1.0,1.0,1.0,1
0.26086956521739135,0.20833333333333337,0.0,0.2545454545454545,0
0.33333333333333337,0.3023255813953488,0.0,0.14678899082568808,0
0.32432432432432434,0.3471074380165289,0.0,0.14678899082568808,0
0.972972972972973,1.0,1.0,1.0,1
0.9565217391304348,1.0,1.0,1.0,1
0.8387096774193549,1.0,1.0,1.0,1
0.5405405405405406,0.3366336633663366,0.0,0.2545454545454545,0
0.3111111111111111,0.202247191011236,0.0,0.3597122302158273,0
0.9655172413793103,1.0,1.0,1.0,1
0.3529411764705882,0.12121212121212122,0.0,0.35820895522388063,0
0.8709677419354839,1.0,1.0,1.0,1
0.3529411764705882,0.33333333333333337,0.0,0.20895522388059706,0
0.7333333333333334,1.0,1.0,1.0,1
0.29268292682926833,0.3309352517985612,0.0,0.4761904761904761,0
0.3589743589743589,0.23404255319148937,0.0,0.38095238095238093,0
0.68,1.0,1.0,1.0,1
0.9655172413793103,1.0,1.0,1.0,1
0.48484848484848486,0.31404958677685946,0.0,0.25,0
0.9696969696969697,1.0,1.0,1.0,1
0.9545454545454546,1.0,1.0,1.0,1
0.6363636363636364,1.0,1.0,1.0,1
0.8,1.0,1.0,1.0,1
0.7837837837837838,1.0,1.0,1.0,1
0.975609756097561,1.0,1.0,1.0,1
0.37209302325581395,0.2666666666666667,0.0,0.24137931034482762,0
0.9655172413793103,1.0,1.0,1.0,1
0.8620689655172413,1.0,1.0,1.0,1
0.2592592592592593,0.2990654205607477,0.0,0.45569620253164556,0
0.8518518518518519,1.0,1.0,1.0,1
0.8666666666666667,1.0,1.0,1.0,1
0.975609756097561,1.0,1.0,1.0,1
0.2777777777777778,0.26190476190476186,0.0,0.45569620253164556,0
0.967741935483871,1.0,1.0,1.0,1
0.4285714285714286,0.2588235294117647,0.0,0.14678899082568808,0
0.3870967741935484,0.34693877551020413,0.0,1.0,0
0.7777777777777779,1.0,1.0,1.0,1
0.43478260869565216,0.28915662650602414,0.0,1.0,0
0.3783783783783784,0.21739130434782605,0.0,0.48,0
0.33333333333333337,0.39130434782608686,0.0,0.2222222222222222,0
0.2727272727272727,0.31707317073170727,0.0,0.3597122302158273,0
0.4657534246575342,0.33684210526315794,0.0,1.0,0
0.34782608695652173,0.30400000000000005,0.0,1.0,0
0.7333333333333334,1.0,1.0,1.0,1
0.9666666666666667,1.0,1.0,1.0,1
0.36363636363636365,0.3880597014925373,0.0,0.3783783783783784,0
0.24242424242424243,0.27586206896551724,1.0,0.2222222222222222,0
0.375,0.2962962962962963,0.0,0.3125,0
0.2857142857142857,0.30188679245283023,0.0,0.3597122302158273,0
0.8076923076923077,1.0,1.0,1.0,1
0.9743589743589743,1.0,1.0,1.0,1
0.30000000000000004,0.1428571428571429,0.0,0.48,0
0.3529411764705882,0.30000000000000004,0.0,0.25,0
0.31818181818181823,0.4606060606060606,0.0,1.0,0
0.45833333333333337,0.29333333333333333,1.0,0.2222222222222222,0
0.8181818181818181,1.0,1.0,1.0,1
0.3783783783783784,0.2716049382716049,0.0,0.25,0
0.8518518518518519,1.0,1.0,1.0,1
0.35,0.17647058823529416,0.0,0.22857142857142854,0
0.8529411764705883,1.0,1.0,1.0,1
0.3414634146341463,0.3125,0.0,0.14678899082568808,0
0.41860465116279066,0.2912621359223301,0.0,1.0,0
0.2857142857142857,0.29850746268656714,0.0,0.25,0
0.9090909090909091,1.0,1.0,1.0,1
0.8181818181818181,1.0,1.0,1.0,1
0.6,1.0,1.0,1.0,1
0.75,1.0,1.0,1.0,1
0.95,1.0,1.0,1.0,1
0.782608695652174,1.0,1.0,1.0,1
0.368421052631579,0.2666666666666667,0.0,0.35820895522388063,0
0.8,1.0,1.0,1.0,1
0.8,1.0,1.0,1.0,1
0.25,0.3287671232876712,0.0,0.3597122302158273,0
0.3076923076923077,0.2836879432624113,0.0,0.2545454545454545,0
0.29268292682926833,0.4565217391304348,0.0,0.3783783783783784,0
0.8095238095238095,1.0,1.0,1.0,1
0.31034482758620685,0.29268292682926833,0.0,0.5154639175257731,0
0.8214285714285714,1.0,1.0,1.0,1
0.4,0.21052631578947367,0.0,0.36363636363636365,0
0.303030303030303,0.328125,0.0,0.36363636363636365,0
0.8974358974358975,1.0,1.0,1.0,1
0.30000000000000004,0.36,0.0,0.2545454545454545,0
0.34285714285714286,0.2954545454545454,0.0,0.48,0
0.8571428571428572,1.0,1.0,1.0,1
0.8529411764705883,1.0,1.0,1.0,1
0.8809523809523809,1.0,1.0,1.0,1
0.32432432432432434,0.2857142857142857,0.0,1.0,0
0.26086956521739135,0.3653846153846154,0.0,0.3597122302158273,0
0.08333333333333337,0.2909090909090909,0.0,0.25,0
0.3111111111111111,0.33333333333333337,1.0,1.0,0
0.30000000000000004,0.33333333333333337,0.0,0.31746031746031744,0
0.9615384615384616,1.0,1.0,1.0,1
0.8571428571428572,1.0,1.0,1.0,1
0.4,0.2816901408450704,1.0,0.2068965517241379,0
0.8461538461538461,1.0,1.0,1.0,1
0.4,0.3589743589743589,0.0,0.25,0
0.9767441860465115,1.0,1.0,1.0,1
0.8611111111111112,1.0,1.0,1.0,1
0.9565217391304348,1.0,1.0,1.0,1
0.9454545454545454,1.0,1.0,1.0,1
0.967741935483871,1.0,1.0,1.0,1
0.33333333333333337,0.3418803418803419,0.0,1.0,0
0.33333333333333337,0.2909090909090909,0.0,0.3125,0
0.3076923076923077,0.31666666666666665,0.0,0.3597122302158273,0
0.8,1.0,1.0,1.0,1
0.8571428571428572,1.0,1.0,1.0,1
0.2666666666666667,0.2921348314606742,0.0,0.35820895522388063,0
0.8823529411764706,1.0,1.0,1.0,1
0.8333333333333335,1.0,1.0,1.0,1
0.8620689655172413,1.0,1.0,1.0,1
0.2777777777777778,0.0,0.0,0.4761904761904761,0
0.25,0.2784810126582279,1.0,0.20895522388059706,0
0.9302325581395349,1.0,1.0,1.0,1
0.6923076923076923,1.0,1.0,1.0,1
0.2692307692307693,0.3655913978494624,1.0,0.2222222222222222,0
0.26086956521739135,0.33043478260869563,0.0,0.14678899082568808,0
0.75,1.0,1.0,1.0,1
0.2857142857142857,0.3220338983050848,0.0,0.45569620253164556,0
0.9696969696969697,1.0,1.0,1.0,1
0.37735849056603776,0.4487179487179487,1.0,0.2545454545454545,0
0.9130434782608696,1.0,1.0,1.0,1
0.6190476190476191,1.0,1.0,1.0,1
0.25,0.2432432432432432,1.0,0.3597122302158273,0
0.8333333333333335,1.0,1.0,1.0,1
0.303030303030303,0.23529411764705888,0.0,0.35820895522388063,0
0.8,1.0,1.0,1.0,1
0.3076923076923077,0.24242424242424243,1.0,1.0,0
0.7777777777777779,1.0,1.0,1.0,1
0.3555555555555555,0.26890756302521013,0.0,0.3597122302158273,0
0.8333333333333335,1.0,1.0,1.0,1
0.39130434782608686,0.32835820895522383,0.0,0.14814814814814814,0
0.4444444444444444,0.1875,0.0,0.48,0
0.25531914893617025,0.31707317073170727,1.0,0.25,0
0.6923076923076923,1.0,1.0,1.0,1
0.9310344827586207,1.0,1.0,1.0,1
0.9583333333333335,1.0,1.0,1.0,1
0.3492063492063492,0.0,0.0,0.2222222222222222,0
0.962962962962963,1.0,1.0,1.0,1
0.3214285714285714,0.3157894736842105,0.0,0.2545454545454545,0
0.4,0.4247787610619469,0.0,0.38095238095238093,0
0.9,1.0,1.0,1.0,1
0.6190476190476191,1.0,1.0,1.0,1
0.4,0.32258064516129037,0.0,0.3214285714285714,0
0.3571428571428571,0.2407407407407407,0.0,0.4545454545454546,0
0.23529411764705888,0.2222222222222222,0.0,0.23333333333333328,0
0.6341463414634146,0.34615384615384615,0.0,0.35820895522388063,0
0.29268292682926833,0.27450980392156865,0.0,0.25,0
0.8095238095238095,1.0,1.0,1.0,1
0.826086956521739,1.0,1.0,1.0,1
0.8918918918918919,1.0,1.0,1.0,1
0.36363636363636365,0.37735849056603776,0.0,0.14678899082568808,0
0.8518518518518519,1.0,1.0,1.0,1
0.303030303030303,0.29850746268656714,0.0,0.48,0
0.4324324324324324,0.21875,0.0,0.38095238095238093,0
0.29268292682926833,0.2264150943396226,0.0,0.42307692307692313,0
0.7222222222222221,1.0,1.0,1.0,1
0.18604651162790697,0.36363636363636365,0.0,1.0,0
0.32558139534883723,0.21176470588235297,0.0,0.24137931034482762,0
0.8571428571428572,1.0,1.0,1.0,1
0.23809523809523814,0.33333333333333337,1.0,0.25,0
0.75,1.0,1.0,1.0,1
0.7619047619047619,1.0,1.0,1.0,1
0.95,1.0,1.0,1.0,1
0.8387096774193549,1.0,1.0,1.0,1
0.3448275862068966,0.32380952380952377,0.0,0.2857142857142857,0
0.814814814814815,1.0,1.0,1.0,1
0.6363636363636364,1.0,1.0,1.0,1
0.975609756097561,1.0,1.0,1.0,1
0.7419354838709676,1.0,1.0,1.0,1
0.68,1.0,1.0,1.0,1
0.6923076923076923,1.0,1.0,1.0,1
0.9565217391304348,1.0,1.0,1.0,1
0.32432432432432434,0.37956204379562036,0.0,0.25,0
0.35,0.35051546391752575,0.0,0.3597122302158273,0
0.39344262295081966,0.3548387096774194,0.0,0.25,0
0.41025641025641024,0.339622641509434,0.0,0.3597122302158273,0
0.29508196721311475,0.3571428571428571,0.0,0.25,0
0.3589743589743589,0.4299065420560748,1.0,0.22857142857142854,0
0.7142857142857143,1.0,1.0,1.0,1
0.41860465116279066,0.28,0.0,0.14678899082568808,0
0.8181818181818181,1.0,1.0,1.0,1
0.8,1.0,1.0,1.0,1
0.8333333333333335,1.0,1.0,1.0,1
0.875,1.0,1.0,1.0,1
0.37735849056603776,0.18867924528301885,0.0,0.3783783783783784,0
0.38095238095238093,0.3106796116504854,0.0,0.25,0
0.9411764705882352,1.0,1.0,1.0,1
0.8095238095238095,1.0,1.0,1.0,1
0.368421052631579,0.35820895522388063,0.0,0.36923076923076925,0
0.5652173913043479,0.3392857142857143,0.0,0.14814814814814814,0
0.9090909090909091,1.0,1.0,1.0,1
0.7142857142857143,1.0,1.0,1.0,1
0.9523809523809522,1.0,1.0,1.0,1
0.2857142857142857,0.25316455696202533,1.0,0.23076923076923073,0
0.3703703703703704,0.19672131147540983,0.0,0.3783783783783784,0
0.2702702702702703,0.4,0.0,0.25,0
0.2962962962962963,0.41379310344827597,0.0,0.25,0
0.48275862068965514,0.25396825396825395,0.0,1.0,0
0.7647058823529411,1.0,1.0,1.0,1
0.36,0.38095238095238093,0.0,0.3597122302158273,0
0.7894736842105263,1.0,1.0,1.0,1
0.368421052631579,0.3287671232876712,0.0,0.3783783783783784,0
0.6923076923076923,1.0,1.0,1.0,1
0.339622641509434,0.1917808219178082,0.0,0.36923076923076925,0
0.5555555555555556,1.0,1.0,1.0,1
0.7894736842105263,1.0,1.0,1.0,1
0.33333333333333337,0.2857142857142857,0.0,0.3597122302158273,0
0.3076923076923077,0.3516483516483516,0.0,0.3214285714285714,0
0.3529411764705882,0.25742574257425743,0.0,0.3597122302158273,0
0.8947368421052632,1.0,1.0,1.0,1
0.8333333333333335,1.0,1.0,1.0,1
0.16666666666666663,0.25,0.0,0.25,0
0.7142857142857143,1.0,1.0,1.0,1
0.31818181818181823,0.35,0.0,0.23333333333333328,0
0.2592592592592593,0.36363636363636365,0.0,0.3597122302158273,0
0.25531914893617025,0.21176470588235297,0.0,0.3597122302158273,0
0.32558139534883723,0.3111111111111111,0.0,0.2941176470588235,0
0.2777777777777778,0.3168316831683168,0.0,1.0,0
0.29268292682926833,0.4216867469879519,0.0,1.0,0
0.24242424242424243,0.2857142857142857,0.0,0.14678899082568808,0
0.6666666666666667,1.0,1.0,1.0,1
0.9615384615384616,1.0,1.0,1.0,1
0.41025641025641024,0.2894736842105263,0.0,0.3783783783783784,0
0.7058823529411764,1.0,1.0,1.0,1
0.33333333333333337,0.28888888888888886,0.0,0.3597122302158273,0
0.7777777777777779,1.0,1.0,1.0,1
0.8076923076923077,1.0,1.0,1.0,1
0.43999999999999995,0.3846153846153846,0.0,1.0,0
0.2162162162162162,0.36734693877551017,0.0,0.25,0
0.3902439024390244,0.0,1.0,0.3278688524590164,0
0.29166666666666663,0.32258064516129037,0.0,0.42666666666666664,0
0.9189189189189189,1.0,1.0,1.0,1
0.29166666666666663,0.417910447761194,0.0,0.2222222222222222,0
0.9696969696969697,1.0,1.0,1.0,1
0.7037037037037037,1.0,1.0,1.0,1
0.9375,1.0,1.0,1.0,1
0.4,0.3555555555555555,0.0,0.14678899082568808,0
0.9473684210526316,1.0,1.0,1.0,1
0.303030303030303,0.23076923076923073,0.0,0.42666666666666664,0
0.4666666666666666,0.2564102564102564,0.0,0.45569620253164556,0
0.1875,0.36170212765957444,0.0,0.25,0
0.2857142857142857,0.40449438202247184,0.0,1.0,0
0.9666666666666667,1.0,1.0,1.0,1
0.33333333333333337,0.24742268041237114,0.0,0.2857142857142857,0
0.8387096774193549,1.0,1.0,1.0,1
0.8918918918918919,1.0,1.0,1.0,1
0.2068965517241379,0.29268292682926833,0.0,1.0,0
0.29268292682926833,0.36734693877551017,0.0,0.36923076923076925,0
0.36363636363636365,0.273972602739726,0.0,0.4761904761904761,0
0.2222222222222222,0.32692307692307687,0.0,1.0,0
0.875,1.0,1.0,1.0,1
0.8333333333333335,1.0,1.0,1.0,1
0.8181818181818181,1.0,1.0,1.0,1
0.625,0.23255813953488372,0.0,0.25,0
0.962962962962963,1.0,1.0,1.0,1
0.9565217391304348,1.0,1.0,1.0,1
0.5555555555555556,1.0,1.0,1.0,1
0.9795918367346939,1.0,1.0,1.0,1
0.368421052631579,0.273972602739726,0.0,0.1333333333333333,0
0.24390243902439024,0.40816326530612246,0.0,1.0,0
0.8275862068965517,1.0,1.0,1.0,1
0.16000000000000003,0.4285714285714286,0.0,0.3597122302158273,0
0.9444444444444444,1.0,1.0,1.0,1
0.8095238095238095,1.0,1.0,1.0,1
0.2222222222222222,0.3035714285714286,0.0,0.3928571428571429,0
0.27586206896551724,0.32352941176470584,1.0,1.0,0
0.25806451612903225,0.38095238095238093,0.0,0.2857142857142857,0
0.38095238095238093,0.24,0.0,0.38095238095238093,0
0.35,0.2777777777777778,0.0,0.25,0
0.34285714285714286,0.40909090909090906,0.0,1.0,0
0.75,1.0,1.0,1.0,1
0.6923076923076923,1.0,1.0,1.0,1
0.75,1.0,1.0,1.0,1
0.3137254901960784,0.31481481481481477,0.0,0.5154639175257731,0
0.3448275862068966,0.3384615384615385,0.0,0.25,0
0.8571428571428572,1.0,1.0,1.0,1
0.33333333333333337,0.35185185185185186,0.0,0.4444444444444444,0
0.7142857142857143,1.0,1.0,1.0,1
0.34285714285714286,0.34285714285714286,0.0,0.36363636363636365,0
0.962962962962963,1.0,1.0,1.0,1
0.75,1.0,1.0,1.0,1
0.967741935483871,1.0,1.0,1.0,1
0.8333333333333335,1.0,1.0,1.0,1
0.6666666666666667,1.0,1.0,1.0,1
0.32258064516129037,0.3801652892561983,0.0,1.0,0
0.2857142857142857,0.30107526881720426,0.0,0.35820895522388063,0
0.3783783783783784,0.352,0.0,0.34285714285714286,0
0.7647058823529411,1.0,1.0,1.0,1
0.9714285714285714,1.0,1.0,1.0,1
0.8461538461538461,1.0,1.0,1.0,1
0.96,1.0,1.0,1.0,1
0.27586206896551724,0.24390243902439024,0.0,0.36363636363636365,0
0.75,1.0,1.0,1.0,1
0.8,1.0,1.0,1.0,1
0.9565217391304348,1.0,1.0,1.0,1
0.9450549450549449,1.0,1.0,1.0,1
0.8571428571428572,1.0,1.0,1.0,1
0.2962962962962963,0.31999999999999995,1.0,0.14814814814814814,0
0.967741935483871,1.0,1.0,1.0,1
0.33333333333333337,0.40625,0.0,0.3125,0
0.9375,1.0,1.0,1.0,1
0.7647058823529411,1.0,1.0,1.0,1
0.8787878787878788,1.0,1.0,1.0,1
0.7575757575757575,1.0,1.0,1.0,1
0.9655172413793103,1.0,1.0,1.0,1
0.4285714285714286,0.43478260869565216,1.0,0.35820895522388063,0
0.736842105263158,1.0,1.0,1.0,1
0.6363636363636364,1.0,1.0,1.0,1
0.2790697674418605,0.3076923076923077,0.0,0.4444444444444444,0
0.9514563106796117,1.0,1.0,1.0,1
0.16666666666666663,0.32758620689655177,0.0,0.2857142857142857,0
0.7142857142857143,1.0,1.0,1.0,1
0.35,0.13953488372093026,0.0,0.42666666666666664,0
0.7333333333333334,1.0,1.0,1.0,1
0.951219512195122,1.0,1.0,1.0,1
0.8518518518518519,1.0,1.0,1.0,1
0.30000000000000004,0.2790697674418605,0.0,1.0,0
0.3414634146341463,0.29268292682926833,0.0,0.2545454545454545,0
0.6,0.0,1.0,1.0,1
0.8,1.0,1.0,1.0,1
0.75,1.0,1.0,1.0,1
0.8181818181818181,1.0,1.0,1.0,1
0.3783783783783784,0.0,0.0,0.4761904761904761,0
0.6923076923076923,1.0,1.0,1.0,1
0.7894736842105263,1.0,1.0,1.0,1
0.9523809523809522,1.0,1.0,1.0,1
0.9333333333333332,1.0,1.0,1.0,1
0.8823529411764706,1.0,1.0,1.0,1
0.3125,0.27586206896551724,0.0,1.0,0
0.2702702702702703,0.24096385542168675,0.0,0.20895522388059706,0
0.36734693877551017,0.33333333333333337,0.0,0.3597122302158273,0
0.32727272727272727,0.4057971014492754,0.0,0.25,0
0.7916666666666665,1.0,1.0,1.0,1
0.9777777777777777,1.0,1.0,1.0,1
0.21276595744680848,0.3278688524590164,0.0,0.20895522388059706,0
0.7647058823529411,1.0,1.0,1.0,1
0.2978723404255319,0.31304347826086953,0.0,0.36363636363636365,0
0.33333333333333337,0.2857142857142857,0.0,0.2545454545454545,0
0.7894736842105263,1.0,1.0,1.0,1
0.9714285714285714,1.0,1.0,1.0,1
0.3414634146341463,0.20895522388059706,0.0,0.31746031746031744,0
0.2941176470588235,0.2727272727272727,0.0,1.0,0
0.3902439024390244,0.2857142857142857,0.0,0.23333333333333328,0
0.4444444444444444,0.2947368421052632,0.0,1.0,0
0.4444444444444444,0.326530612244898,0.0,0.2545454545454545,0
0.1875,0.23529411764705888,0.0,0.5154639175257731,0
0.75,1.0,1.0,1.0,1
0.368421052631579,0.28846153846153844,0.0,0.24242424242424243,0
0.8823529411764706,1.0,1.0,1.0,1
0.9444444444444444,1.0,1.0,1.0,1
0.967741935483871,1.0,1.0,1.0,1
0.36734693877551017,0.3508771929824561,0.0,1.0,0
0.24390243902439024,0.16000000000000003,0.0,0.2857142857142857,0
0.24242424242424243,0.3294117647058824,0.0,0.3597122302158273,0
0.8095238095238095,1.0,1.0,1.0,1
0.7575757575757575,1.0,1.0,1.0,1
0.2702702702702703,0.36904761904761907,0.0,0.36363636363636365,0
0.84,1.0,1.0,1.0,1
0.3157894736842105,0.3597122302158273,0.0,1.0,0
0.36,0.3291139240506329,0.0,0.34285714285714286,0
0.31999999999999995,0.30612244897959184,0.0,0.45569620253164556,0
0.8333333333333335,1.0,1.0,1.0,1
0.3555555555555555,0.2142857142857143,0.0,0.25,0
0.7727272727272727,1.0,1.0,1.0,1
0.9107142857142857,1.0,1.0,1.0,1
0.6190476190476191,1.0,1.0,1.0,1
0.4516129032258065,0.23255813953488372,0.0,0.38095238095238093,0
0.2666666666666667,0.30952380952380953,0.0,0.35820895522388063,0
0.3414634146341463,0.32061068702290074,0.0,0.2545454545454545,0
0.9696969696969697,1.0,1.0,1.0,1
0.3111111111111111,0.2471910112359551,0.0,0.2545454545454545,0
0.32258064516129037,0.32478632478632474,0.0,0.36363636363636365,0
0.24,0.2549019607843137,0.0,0.14678899082568808,0
0.49056603773584906,0.33333333333333337,0.0,0.48,0
0.3529411764705882,0.32499999999999996,0.0,0.288135593220339,0
0.303030303030303,0.3287671232876712,0.0,0.24137931034482762,0
0.7142857142857143,1.0,1.0,1.0,1
0.8214285714285714,1.0,1.0,1.0,1
0.782608695652174,1.0,1.0,1.0,1
0.2857142857142857,0.30508474576271183,0.0,0.42666666666666664,0
0.35820895522388063,0.32258064516129037,0.0,0.2545454545454545,0
0.84,1.0,1.0,1.0,1
0.9545454545454546,1.0,1.0,1.0,1
0.2727272727272727,0.22499999999999998,0.0,0.3597122302158273,0
0.7333333333333334,1.0,1.0,1.0,1
0.3214285714285714,0.34782608695652173,1.0,1.0,0
0.8666666666666667,1.0,1.0,1.0,1
0.3880597014925373,0.3555555555555555,0.0,1.0,0
0.34042553191489366,0.33112582781456956,0.0,0.25,0
0.96,1.0,1.0,1.0,1
0.33333333333333337,0.3703703703703704,1.0,0.25,0
0.2142857142857143,0.3846153846153846,0.0,0.23076923076923073,0
0.22857142857142854,0.3471074380165289,0.0,0.22857142857142854,0
0.2777777777777778,0.39490445859872614,0.0,0.45569620253164556,0
0.37142857142857144,0.1573033707865169,0.0,0.23333333333333328,0
0.8095238095238095,1.0,1.0,1.0,1
0.4117647058823529,0.27368421052631575,0.0,0.25,0
0.9285714285714286,1.0,1.0,1.0,1
0.926829268292683,1.0,1.0,1.0,1
0.8095238095238095,1.0,1.0,1.0,1
0.8095238095238095,1.0,1.0,1.0,1
0.29268292682926833,0.39344262295081966,0.0,0.25,0
0.31818181818181823,0.39455782312925164,0.0,0.45569620253164556,0
0.32432432432432434,0.30434782608695654,0.0,0.25,0
0.7727272727272727,0.0,1.0,1.0,1
0.303030303030303,0.4580152671755725,0.0,0.23076923076923073,0
0.3529411764705882,0.3853211009174312,0.0,0.35820895522388063,0
0.8095238095238095,1.0,1.0,1.0,1
0.3157894736842105,0.368421052631579,0.0,0.29729729729729726,0
0.9565217391304348,1.0,1.0,1.0,1
0.967741935483871,1.0,1.0,1.0,1
0.7916666666666665,1.0,1.0,1.0,1
0.826086956521739,1.0,1.0,1.0,1
0.36734693877551017,0.2764227642276422,0.0,0.25,0
0.5128205128205128,0.2615384615384615,0.0,1.0,0
0.2702702702702703,0.3565891472868217,1.0,0.31746031746031744,0
0.23809523809523814,0.3921568627450981,0.0,0.2222222222222222,0
0.29268292682926833,0.2622950819672131,1.0,0.22857142857142854,0
0.3076923076923077,0.2680412371134021,1.0,0.14678899082568808,0
0.326530612244898,0.4040404040404041,0.0,0.48,0
0.375,0.4067796610169492,0.0,0.288135593220339,0
0.7777777777777779,1.0,1.0,1.0,1
0.9365079365079364,1.0,1.0,1.0,1
0.2909090909090909,0.27692307692307694,1.0,0.24137931034482762,0
0.6363636363636364,1.0,1.0,1.0,1
0.9142857142857143,1.0,1.0,1.0,1
0.8333333333333335,1.0,1.0,1.0,1
0.4444444444444444,0.35051546391752575,0.0,0.3783783783783784,0
0.4117647058823529,0.2941176470588235,1.0,0.34285714285714286,0
0.6923076923076923,1.0,1.0,1.0,1
0.9714285714285714,1.0,1.0,1.0,1
0.5185185185185186,0.3555555555555555,0.0,0.3597122302158273,0
0.8095238095238095,1.0,1.0,1.0,1
0.2777777777777778,0.2666666666666667,0.0,0.25,0
0.967741935483871,1.0,1.0,1.0,1
0.7619047619047619,1.0,1.0,1.0,1
0.7894736842105263,1.0,1.0,1.0,1
0.9545454545454546,1.0,1.0,1.0,1
0.2941176470588235,0.25,0.0,0.33333333333333337,0
0.25806451612903225,0.29729729729729726,0.0,0.35820895522388063,0
0.962962962962963,1.0,1.0,1.0,1
0.30000000000000004,0.29333333333333333,0.0,0.36363636363636365,0
0.38095238095238093,0.34285714285714286,0.0,0.3597122302158273,0
0.2807017543859649,0.25742574257425743,0.0,1.0,0
0.7241379310344827,1.0,1.0,1.0,1
0.9655172413793103,1.0,1.0,1.0,1
0.9696969696969697,1.0,1.0,1.0,1
0.962962962962963,1.0,1.0,1.0,1
0.38596491228070173,0.3941605839416058,1.0,0.2264150943396226,0
0.24242424242424243,0.3114754098360656,0.0,0.2545454545454545,0
0.8,1.0,1.0,1.0,1
0.34042553191489366,0.30508474576271183,0.0,1.0,0
0.7222222222222221,1.0,1.0,1.0,1
0.40816326530612246,0.32558139534883723,0.0,0.14678899082568808,0
0.736842105263158,1.0,1.0,1.0,1
0.8461538461538461,1.0,1.0,1.0,1
0.34285714285714286,0.2045454545454546,0.0,0.2545454545454545,0
0.75,1.0,1.0,1.0,1
0.368421052631579,0.367816091954023,0.0,0.23076923076923073,0
0.33766233766233766,0.29357798165137616,0.0,1.0,0
0.2222222222222222,0.1875,0.0,0.35820895522388063,0
0.96,1.0,1.0,1.0,1
0.826086956521739,1.0,1.0,1.0,1
0.35,0.2666666666666667,0.0,0.45569620253164556,0
0.5555555555555556,1.0,1.0,1.0,1
0.7916666666666665,1.0,1.0,1.0,1
0.68,1.0,1.0,1.0,1
0.3414634146341463,0.34328358208955223,0.0,1.0,0
0.8181818181818181,1.0,1.0,1.0,1
0.7727272727272727,1.0,1.0,1.0,1
0.8,1.0,1.0,1.0,1
0.96,1.0,1.0,1.0,1
0.9111111111111111,1.0,1.0,1.0,1
0.25531914893617025,0.2857142857142857,0.0,0.5154639175257731,0
0.2857142857142857,0.34615384615384615,0.0,1.0,0
0.7777777777777779,1.0,1.0,1.0,1
0.7894736842105263,1.0,1.0,1.0,1
0.34782608695652173,0.30508474576271183,1.0,0.3783783783783784,0
0.972972972972973,1.0,1.0,1.0,1
0.96,1.0,1.0,1.0,1
0.967741935483871,1.0,1.0,1.0,1
0.2162162162162162,0.30508474576271183,0.0,0.1333333333333333,0
0.7727272727272727,1.0,1.0,1.0,1
0.7575757575757575,1.0,1.0,1.0,1
0.2666666666666667,0.2417582417582418,0.0,1.0,0
0.7037037037037037,1.0,1.0,1.0,1
0.27586206896551724,0.3529411764705882,0.0,0.34285714285714286,0
0.29166666666666663,0.24096385542168675,0.0,0.23333333333333328,0
0.7714285714285716,1.0,1.0,1.0,1
0.3555555555555555,0.3464566929133859,0.0,0.25,0
0.9545454545454546,1.0,1.0,1.0,1
0.40909090909090906,0.19565217391304343,0.0,1.0,0
0.375,0.2178217821782178,0.0,1.0,0
0.9589041095890412,1.0,1.0,1.0,1
0.68,1.0,1.0,1.0,1
0.5128205128205128,0.2857142857142857,0.0,0.5,0
0.19354838709677424,0.30379746835443033,0.0,0.14678899082568808,0
0.826086956521739,1.0,1.0,1.0,1
0.375,0.0,0.0,0.3278688524590164,0
0.38095238095238093,0.3106796116504854,0.0,0.45569620253164556,0
0.2666666666666667,0.26016260162601623,0.0,0.31746031746031744,0
0.8387096774193549,1.0,1.0,1.0,1
0.9655172413793103,1.0,1.0,1.0,1
0.33333333333333337,0.3296703296703297,0.0,0.3783783783783784,0
0.38888888888888884,0.24561403508771928,0.0,0.31746031746031744,0
0.34042553191489366,0.19999999999999996,0.0,0.25,0
0.962962962962963,1.0,1.0,1.0,1
0.4,0.3055555555555556,0.0,1.0,0
0.8571428571428572,1.0,1.0,1.0,1
0.25,0.273972602739726,0.0,0.31746031746031744,0
0.9655172413793103,1.0,1.0,1.0,1
0.30000000000000004,0.3653846153846154,0.0,0.4545454545454546,0
0.4117647058823529,0.2680412371134021,0.0,0.3783783783783784,0
0.34615384615384615,0.25,0.0,0.3597122302158273,0
0.9545454545454546,1.0,1.0,1.0,1
0.8333333333333335,1.0,1.0,1.0,1
0.32258064516129037,0.2272727272727273,0.0,0.2222222222222222,0
0.972972972972973,1.0,1.0,1.0,1
0.878048780487805,1.0,1.0,1.0,1
0.36,0.31932773109243695,0.0,0.38235294117647056,0
0.8709677419354839,1.0,1.0,1.0,1
0.84,1.0,1.0,1.0,1
0.8095238095238095,1.0,1.0,1.0,1
0.8666666666666667,1.0,1.0,1.0,1
0.9473684210526316,1.0,1.0,1.0,1
0.8518518518518519,1.0,1.0,1.0,1
0.4,0.32098765432098764,1.0,0.3214285714285714,0
0.36363636363636365,0.42553191489361697,0.0,1.0,0
0.9333333333333332,1.0,1.0,1.0,1
0.37209302325581395,0.19999999999999996,0.0,1.0,0
0.41860465116279066,0.24137931034482762,0.0,0.25,0
0.8518518518518519,1.0,1.0,1.0,1
0.7777777777777779,1.0,1.0,1.0,1
0.22857142857142854,0.20833333333333337,0.0,0.25,0
0.8857142857142857,1.0,1.0,1.0,1
0.25,0.0,0.0,1.0,0
0.9545454545454546,1.0,1.0,1.0,1
0.3278688524590164,0.35,0.0,0.5454545454545454,0
0.962962962962963,1.0,1.0,1.0,1
0.9411764705882352,1.0,1.0,1.0,1
0.962962962962963,1.0,1.0,1.0,1
0.23529411764705888,0.19444444444444442,0.0,0.2545454545454545,0
0.2142857142857143,0.30434782608695654,0.0,0.20895522388059706,0
0.31999999999999995,0.30434782608695654,0.0,0.5154639175257731,0
0.975609756097561,1.0,1.0,1.0,1
0.36363636363636365,0.2376237623762376,0.0,1.0,0
0.967741935483871,1.0,1.0,1.0,1
0.3529411764705882,0.29059829059829057,0.0,0.3214285714285714,0
0.2790697674418605,0.46601941747572817,1.0,0.45569620253164556,0
0.9411764705882352,1.0,1.0,1.0,1
0.8076923076923077,1.0,1.0,1.0,1
0.37209302325581395,0.17647058823529416,0.0,0.2545454545454545,0
0.7714285714285716,1.0,1.0,1.0,1
0.7575757575757575,1.0,1.0,1.0,1
0.26415094339622647,0.0,0.0,0.4761904761904761,0
0.9565217391304348,1.0,1.0,1.0,1
0.7894736842105263,1.0,1.0,1.0,1
0.16666666666666663,0.24691358024691357,0.0,0.4444444444444444,0
0.7727272727272727,1.0,1.0,1.0,1
0.2272727272727273,0.36641221374045807,0.0,0.25,0
0.84,1.0,1.0,1.0,1
0.7727272727272727,1.0,1.0,1.0,1
0.5161290322580645,0.2857142857142857,0.0,0.41333333333333333,0
0.32727272727272727,0.31343283582089554,0.0,0.3597122302158273,0
0.34285714285714286,0.32432432432432434,1.0,1.0,0
0.967741935483871,1.0,1.0,1.0,1
0.3880597014925373,0.24242424242424243,0.0,0.35820895522388063,0
0.3137254901960784,0.25742574257425743,0.0,0.48,0
0.9714285714285714,1.0,1.0,1.0,1
0.25,0.26086956521739135,0.0,0.45569620253164556,0
0.3846153846153846,0.2571428571428571,0.0,0.5154639175257731,0
0.20512820512820518,0.26,0.0,1.0,0
0.2962962962962963,0.3098591549295775,0.0,0.4761904761904761,0
0.7647058823529411,1.0,1.0,1.0,1
0.2564102564102564,0.3035714285714286,0.0,0.2857142857142857,0
0.9565217391304348,1.0,1.0,1.0,1
0.9538461538461537,1.0,1.0,1.0,1
0.9523809523809522,1.0,1.0,1.0,1
0.35,0.32727272727272727,0.0,0.35820895522388063,0
0.9433962264150944,1.0,1.0,1.0,1
0.2666666666666667,0.3448275862068966,0.0,0.25,0
0.29166666666666663,0.27450980392156865,0.0,0.25,0
0.25,0.31746031746031744,0.0,0.34285714285714286,0
0.9655172413793103,0.0,1.0,1.0,1
0.68,1.0,1.0,1.0,1
0.42105263157894735,0.31666666666666665,0.0,0.23076923076923073,0
0.303030303030303,0.31999999999999995,0.0,0.2545454545454545,0
0.7037037037037037,1.0,1.0,1.0,1
0.4324324324324324,0.3355704697986577,0.0,1.0,0
0.96,1.0,1.0,1.0,1
0.6666666666666667,1.0,1.0,1.0,1
0.38888888888888884,0.24390243902439024,0.0,0.14814814814814814,0
0.3111111111111111,0.379746835443038,0.0,0.2545454545454545,0
0.4878048780487805,0.2831858407079646,0.0,0.38095238095238093,0
0.2857142857142857,0.3908045977011494,1.0,0.5154639175257731,0
0.6,1.0,1.0,1.0,1
0.5789473684210527,1.0,1.0,1.0,1
0.44999999999999996,0.2666666666666667,0.0,0.2545454545454545,0
0.2857142857142857,0.3157894736842105,0.0,0.23333333333333328,0
0.736842105263158,1.0,1.0,1.0,1
0.32727272727272727,0.2857142857142857,0.0,0.30434782608695654,0
0.9583333333333335,1.0,1.0,1.0,1
0.8787878787878788,1.0,1.0,1.0,1
0.6190476190476191,1.0,1.0,1.0,1
0.3076923076923077,0.35185185185185186,0.0,0.2857142857142857,0
0.4285714285714286,0.36170212765957444,0.0,0.35820895522388063,0
0.9433962264150944,1.0,1.0,1.0,1
0.923076923076923,1.0,1.0,1.0,1
0.8076923076923077,1.0,1.0,1.0,1
0.41860465116279066,0.28205128205128205,0.0,1.0,0
0.33333333333333337,0.33333333333333337,0.0,0.25,0
0.9714285714285714,1.0,1.0,1.0,1
0.375,0.31999999999999995,0.0,0.25,0
0.962962962962963,1.0,1.0,1.0,1
0.9473684210526316,1.0,1.0,1.0,1
0.34615384615384615,0.3846153846153846,0.0,0.2222222222222222,0
0.3448275862068966,0.31818181818181823,0.0,0.4444444444444444,0
0.9545454545454546,1.0,1.0,1.0,1
0.27586206896551724,0.29166666666666663,0.0,0.2545454545454545,0
0.826086956521739,1.0,1.0,1.0,1
0.9148936170212765,1.0,1.0,1.0,1
0.7333333333333334,1.0,1.0,1.0,1
0.8095238095238095,1.0,1.0,1.0,1
0.7714285714285716,1.0,1.0,1.0,1
0.967741935483871,1.0,1.0,1.0,1
0.41860465116279066,0.38095238095238093,0.0,0.25,0
0.2727272727272727,0.42307692307692313,1.0,0.48,0
0.25,0.37142857142857144,0.0,0.3597122302158273,0
0.9696969696969697,1.0,1.0,1.0,1
0.34285714285714286,0.22857142857142854,0.0,1.0,0
0.8461538461538461,1.0,1.0,1.0,1
0.2142857142857143,0.2666666666666667,0.0,1.0,0
0.5789473684210527,1.0,1.0,1.0,1
0.6923076923076923,1.0,1.0,1.0,1
0.375,0.3666666666666667,0.0,1.0,0
0.8620689655172413,1.0,1.0,1.0,1
0.31818181818181823,0.1523809523809524,0.0,0.25,0
0.3157894736842105,0.37168141592920356,0.0,0.41666666666666663,0
0.33333333333333337,0.3555555555555555,0.0,0.25,0
0.3529411764705882,0.2222222222222222,0.0,0.25,0
0.826086956521739,1.0,1.0,1.0,1
0.9454545454545454,1.0,1.0,1.0,1
0.9583333333333335,1.0,1.0,1.0,1
0.2692307692307693,0.196078431372549,0.0,1.0,0
0.303030303030303,0.35,0.0,0.14678899082568808,0
0.9545454545454546,0.0,1.0,1.0,1
0.6363636363636364,1.0,1.0,1.0,1
0.9047619047619048,1.0,1.0,1.0,1
0.2857142857142857,0.3157894736842105,0.0,1.0,0
0.68,1.0,1.0,1.0,1
0.8095238095238095,1.0,1.0,1.0,1
0.3076923076923077,0.3962264150943396,0.0,0.25,0
0.2222222222222222,0.3370786516853933,0.0,1.0,0
0.2962962962962963,0.13888888888888884,0.0,0.2545454545454545,0
0.9387755102040817,1.0,1.0,1.0,1
0.962962962962963,1.0,1.0,1.0,1
0.3555555555555555,0.3157894736842105,1.0,0.42666666666666664,0
0.8333333333333335,1.0,1.0,1.0,1
0.25531914893617025,0.2828282828282829,0.0,1.0,0
0.2222222222222222,0.3768115942028986,0.0,0.33333333333333337,0
0.3846153846153846,0.26890756302521013,0.0,0.41666666666666663,0
0.3076923076923077,0.34615384615384615,0.0,0.5454545454545454,0
0.3902439024390244,0.1747572815533981,0.0,0.3597122302158273,0
0.96,1.0,1.0,1.0,1
0.5555555555555556,0.4615384615384615,0.0,1.0,0
0.25,0.1515151515151515,0.0,0.5154639175257731,0
0.8,1.0,1.0,1.0,1
0.9090909090909091,1.0,1.0,1.0,1
0.2727272727272727,0.36,0.0,0.3597122302158273,0
0.24390243902439024,0.3529411764705882,1.0,0.3597122302158273,0
0.2978723404255319,0.23076923076923073,0.0,1.0,0
0.3793103448275862,0.0,0.0,1.0,0
0.962962962962963,1.0,1.0,1.0,1
0.2857142857142857,0.3689320388349514,0.0,0.20895522388059706,0
0.2564102564102564,0.3125,0.0,0.14678899082568808,0
0.2857142857142857,0.2068965517241379,0.0,0.5154639175257731,0
0.967741935483871,1.0,1.0,1.0,1
0.7916666666666665,1.0,1.0,1.0,1
0.2727272727272727,0.36734693877551017,0.0,1.0,0
0.8461538461538461,1.0,1.0,1.0,1
0.84,1.0,1.0,1.0,1
0.8823529411764706,1.0,1.0,1.0,1
0.2777777777777778,0.29166666666666663,0.0,0.3597122302158273,0
0.7837837837837838,1.0,1.0,1.0,1
0.8571428571428572,1.0,1.0,1.0,1
0.7142857142857143,1.0,1.0,1.0,1
0.25,0.33587786259541985,0.0,1.0,0
0.7619047619047619,1.0,1.0,1.0,1
0.7241379310344827,1.0,1.0,1.0,1
0.26315789473684215,0.2222222222222222,0.0,1.0,0
0.4242424242424242,0.4144144144144144,0.0,0.31746031746031744,0
0.8,1.0,1.0,1.0,1
0.3829787234042554,0.3669724770642202,0.0,0.3597122302158273,0
0.736842105263158,1.0,1.0,1.0,1
0.75,1.0,1.0,1.0,1
0.2564102564102564,0.3125,0.0,0.2545454545454545,0
0.35,0.28260869565217395,0.0,1.0,0
0.2777777777777778,0.42500000000000004,1.0,1.0,0
0.8333333333333335,1.0,1.0,1.0,1
0.9473684210526316,1.0,1.0,1.0,1
0.31999999999999995,0.2857142857142857,0.0,0.35820895522388063,0
0.32432432432432434,0.3565891472868217,0.0,1.0,0
0.29268292682926833,0.3417721518987342,0.0,0.36363636363636365,0
0.9545454545454546,1.0,1.0,1.0,1
0.8666666666666667,1.0,1.0,1.0,1
0.17391304347826086,0.3278688524590164,0.0,0.25,0
0.826086956521739,1.0,1.0,1.0,1
0.8333333333333335,1.0,1.0,1.0,1
0.6190476190476191,1.0,1.0,1.0,1
0.2941176470588235,0.23529411764705888,0.0,0.48,0
0.2941176470588235,0.26190476190476186,1.0,0.36363636363636365,0
0.4324324324324324,0.25742574257425743,0.0,0.23333333333333328,0
0.26315789473684215,0.3571428571428571,1.0,1.0,0
0.33333333333333337,0.3516483516483516,0.0,1.0,0
0.368421052631579,0.34615384615384615,0.0,0.40909090909090906,0
0.8333333333333335,1.0,1.0,1.0,1
0.3448275862068966,0.32894736842105265,0.0,1.0,0
0.31818181818181823,0.43478260869565216,1.0,0.3597122302158273,0
0.38888888888888884,0.33333333333333337,0.0,0.25,0
0.9655172413793103,1.0,1.0,1.0,1
0.7419354838709676,1.0,1.0,1.0,1
0.326530612244898,0.29166666666666663,0.0,0.3214285714285714,0
0.8518518518518519,1.0,1.0,1.0,1
0.34042553191489366,0.2162162162162162,0.0,0.24242424242424243,0
0.29268292682926833,0.3278688524590164,1.0,0.4444444444444444,0
0.736842105263158,1.0,1.0,1.0,1
0.2857142857142857,0.23300970873786409,0.0,0.3214285714285714,0
0.3829787234042554,0.28985507246376807,0.0,1.0,0
0.7777777777777779,1.0,1.0,1.0,1
0.33333333333333337,0.0,0.0,1.0,0
0.6923076923076923,1.0,1.0,1.0,1
0.7647058823529411,1.0,1.0,1.0,1
0.6923076923076923,1.0,1.0,1.0,1
0.3870967741935484,0.3287671232876712,0.0,0.3783783783783784,0
0.8181818181818181,1.0,1.0,1.0,1
0.9508196721311475,1.0,1.0,1.0,1
0.37735849056603776,0.2028985507246377,0.0,0.22857142857142854,0
0.967741935483871,1.0,1.0,1.0,1
0.32432432432432434,0.3076923076923077,0.0,1.0,0
0.25806451612903225,0.36111111111111116,0.0,0.48,0
0.7647058823529411,1.0,1.0,1.0,1
0.8,1.0,1.0,1.0,1
0.34042553191489366,0.3116883116883117,0.0,0.3703703703703704,0
0.33333333333333337,0.2954545454545454,0.0,1.0,0
0.826086956521739,1.0,1.0,1.0,1
0.8518518518518519,1.0,1.0,1.0,1
0.31818181818181823,0.4130434782608695,0.0,0.25,0
0.6363636363636364,1.0,1.0,1.0,1
0.7222222222222221,1.0,1.0,1.0,1
0.41025641025641024,0.4722222222222222,0.0,0.41333333333333333,0
0.28,0.29357798165137616,0.0,0.3529411764705882,0
0.2162162162162162,0.21818181818181814,0.0,0.25,0
0.22857142857142854,0.39603960396039606,0.0,0.25,0
0.1428571428571429,0.27350427350427353,0.0,1.0,0
0.6190476190476191,1.0,1.0,1.0,1
0.9411764705882352,1.0,1.0,1.0,1
0.2666666666666667,0.4285714285714286,1.0,0.30508474576271183,0
0.368421052631579,0.27522935779816515,0.0,0.2545454545454545,0
0.2857142857142857,0.34862385321100914,0.0,0.35820895522388063,0
0.8666666666666667,1.0,1.0,1.0,1
0.9696969696969697,1.0,1.0,1.0,1
0.30434782608695654,0.32558139534883723,0.0,0.14678899082568808,0
0.3703703703703704,0.25,0.0,0.25,0
0.9387755102040817,1.0,1.0,1.0,1
0.33333333333333337,0.3529411764705882,0.0,0.14678899082568808,0
0.8518518518518519,1.0,1.0,1.0,1
0.303030303030303,0.3296703296703297,0.0,1.0,0
0.2727272727272727,0.24390243902439024,0.0,0.14814814814814814,0
0.3076923076923077,0.29333333333333333,0.0,1.0,0
0.4242424242424242,0.2045454545454546,0.0,1.0,0
0.3783783783783784,0.2727272727272727,0.0,0.2545454545454545,0
0.29268292682926833,0.29824561403508776,0.0,1.0,0
0.9285714285714286,1.0,1.0,1.0,1
0.2777777777777778,0.41237113402061853,0.0,0.4761904761904761,0
0.9361702127659575,1.0,1.0,1.0,1
0.6153846153846154,1.0,1.0,1.0,1
0.75,1.0,1.0,1.0,1
0.3589743589743589,0.326530612244898,0.0,0.2545454545454545,0
0.96,1.0,1.0,1.0,1
0.8518518518518519,1.0,1.0,1.0,1
0.7894736842105263,1.0,1.0,1.0,1
0.7419354838709676,1.0,1.0,1.0,1
0.8095238095238095,1.0,1.0,1.0,1
0.4,0.2790697674418605,0.0,0.25,0
0.2777777777777778,0.3661971830985915,0.0,0.25,0
0.95,1.0,1.0,1.0,1
0.2068965517241379,0.3098591549295775,0.0,0.3597122302158273,0
0.3529411764705882,0.24096385542168675,0.0,0.3783783783783784,0
0.30000000000000004,0.34285714285714286,0.0,0.25,0
0.967741935483871,1.0,1.0,1.0,1
0.9696969696969697,1.0,1.0,1.0,1
0.3571428571428571,0.2990654205607477,1.0,0.3597122302158273,0
0.975609756097561,1.0,1.0,1.0,1
0.967741935483871,1.0,1.0,1.0,1
0.23529411764705888,0.30379746835443033,0.0,0.4,0
0.42553191489361697,0.20833333333333337,0.0,0.34285714285714286,0
0.22857142857142854,0.2912621359223301,0.0,1.0,0
0.8,1.0,1.0,1.0,1
0.4,0.38926174496644295,0.0,1.0,0
0.14814814814814814,0.32432432432432434,0.0,1.0,0
0.25,0.20370370370370375,0.0,0.3783783783783784,0
0.2222222222222222,0.31707317073170727,0.0,0.3597122302158273,0
0.9538461538461537,1.0,1.0,1.0,1
0.875,1.0,1.0,1.0,1
0.6875,1.0,1.0,1.0,1
0.967741935483871,1.0,1.0,1.0,1
0.6923076923076923,1.0,1.0,1.0,1
0.3571428571428571,0.45333333333333337,0.0,0.35820895522388063,0
0.9655172413793103,1.0,1.0,1.0,1
0.8181818181818181,1.0,1.0,1.0,1
0.8181818181818181,1.0,1.0,1.0,1
0.3125,0.326797385620915,0.0,0.2545454545454545,0
0.6190476190476191,1.0,1.0,1.0,1
0.3703703703703704,0.31034482758620685,1.0,0.48,0
0.967741935483871,1.0,1.0,1.0,1
0.3076923076923077,0.27692307692307694,0.0,1.0,0
0.962962962962963,1.0,1.0,1.0,1
0.2790697674418605,0.303030303030303,0.0,0.23333333333333328,0
0.2727272727272727,0.31481481481481477,0.0,0.25,0
0.8181818181818181,1.0,1.0,1.0,1
0.45714285714285713,0.39130434782608686,0.0,0.3597122302158273,0
0.9795918367346939,1.0,1.0,1.0,1
0.9473684210526316,1.0,1.0,1.0,1
0.2857142857142857,0.202247191011236,0.0,0.45569620253164556,0
0.2068965517241379,0.2912621359223301,0.0,0.25,0
0.782608695652174,1.0,1.0,1.0,1
0.55,0.44067796610169496,0.0,0.48,0
0.41025641025641024,0.2692307692307693,0.0,0.36363636363636365,0
0.6363636363636364,1.0,1.0,1.0,1
0.326530612244898,0.31746031746031744,0.0,1.0,0
0.43478260869565216,0.31007751937984496,0.0,0.3941605839416058,0
0.37209302325581395,0.2727272727272727,0.0,0.25,0
0.3448275862068966,0.2857142857142857,0.0,1.0,0
0.972972972972973,1.0,1.0,1.0,1
0.7727272727272727,1.0,1.0,1.0,1
0.9714285714285714,1.0,1.0,1.0,1
0.3125,0.2975206611570248,0.0,0.25,0
0.26086956521739135,0.0,0.0,0.4761904761904761,0
0.9655172413793103,1.0,1.0,1.0,1
0.96875,1.0,1.0,1.0,1
0.25,0.3846153846153846,1.0,0.2545454545454545,0
0.3214285714285714,0.0,0.0,0.3492063492063492,0
0.826086956521739,1.0,1.0,1.0,1
0.3529411764705882,0.33599999999999997,0.0,0.14814814814814814,0
0.5555555555555556,0.2834645669291339,0.0,1.0,0
0.967741935483871,1.0,1.0,1.0,1
0.47457627118644063,0.0,0.0,0.25,0
0.5925925925925926,0.273972602739726,0.0,0.3597122302158273,0
0.6153846153846154,1.0,1.0,1.0,1
0.7777777777777779,1.0,1.0,1.0,1
0.3783783783783784,0.2962962962962963,0.0,0.3941605839416058,0
0.2857142857142857,0.23880597014925375,0.0,0.25,0
0.2857142857142857,0.23076923076923073,0.0,0.14678899082568808,0
0.6190476190476191,1.0,1.0,1.0,1
0.33333333333333337,0.3414634146341463,0.0,1.0,0
0.9767441860465115,1.0,1.0,1.0,1
0.2666666666666667,0.28260869565217395,0.0,0.2545454545454545,0
0.33333333333333337,0.36734693877551017,0.0,0.35820895522388063,0
0.4324324324324324,0.4,1.0,0.41666666666666663,0
0.826086956521739,1.0,1.0,1.0,1
0.44999999999999996,0.28205128205128205,0.0,1.0,0
0.967741935483871,1.0,1.0,1.0,1
0.6190476190476191,1.0,1.0,1.0,1
0.3589743589743589,0.23529411764705888,0.0,0.34285714285714286,0
0.8461538461538461,1.0,1.0,1.0,1
0.8181818181818181,1.0,1.0,1.0,1
0.8947368421052632,1.0,1.0,1.0,1
0.782608695652174,1.0,1.0,1.0,1
0.8709677419354839,1.0,1.0,1.0,1
0.4242424242424242,0.31999999999999995,0.0,0.2545454545454545,0
0.7619047619047619,1.0,1.0,1.0,1
0.7777777777777779,1.0,1.0,1.0,1
0.2564102564102564,0.3414634146341463,0.0,0.23076923076923073,0
0.36734693877551017,0.26262626262626265,0.0,0.30508474576271183,0
0.7894736842105263,1.0,1.0,1.0,1
0.7894736842105263,1.0,1.0,1.0,1
0.25,0.3076923076923077,0.0,0.4761904761904761,0
0.3902439024390244,0.36144578313253023,0.0,0.20895522388059706,0
0.7714285714285716,1.0,1.0,1.0,1
0.2564102564102564,0.3125,0.0,0.25,0
0.3448275862068966,0.3287671232876712,0.0,0.24137931034482762,0
0.9473684210526316,1.0,1.0,1.0,1
0.75,1.0,1.0,1.0,1
0.7647058823529411,1.0,1.0,1.0,1
0.782608695652174,1.0,1.0,1.0,1
0.28,0.2222222222222222,0.0,0.36363636363636365,0
0.3076923076923077,0.36363636363636365,0.0,0.4,0
0.36363636363636365,0.3157894736842105,0.0,0.14678899082568808,0
0.8,1.0,1.0,1.0,1
0.7647058823529411,1.0,1.0,1.0,1
0.31999999999999995,0.2784810126582279,0.0,0.25,0
0.36734693877551017,0.3733333333333333,0.0,0.14678899082568808,0
0.972972972972973,1.0,1.0,1.0,1
0.25,0.2682926829268293,0.0,0.31746031746031744,0
0.33333333333333337,0.3305785123966942,0.0,0.35820895522388063,0
0.9777777777777777,1.0,1.0,1.0,1
0.20512820512820518,0.2666666666666667,0.0,0.3783783783783784,0
0.5777777777777777,0.2650602409638554,0.0,0.36923076923076925,0
0.4390243902439024,0.3373493975903614,0.0,0.25,0
0.7575757575757575,1.0,1.0,1.0,1
0.3548387096774194,0.29931972789115646,0.0,1.0,0
0.3157894736842105,0.4274809160305344,0.0,0.41666666666666663,0
0.8333333333333335,1.0,1.0,1.0,1
0.08333333333333337,0.28301886792452835,0.0,0.14678899082568808,0
0.8709677419354839,1.0,1.0,1.0,1
0.6923076923076923,1.0,1.0,1.0,1
0.36363636363636365,0.30000000000000004,0.0,0.36363636363636365,0
0.33333333333333337,0.29268292682926833,0.0,1.0,0
0.3111111111111111,0.3529411764705882,0.0,0.3597122302158273,0
0.68,1.0,1.0,1.0,1
0.8181818181818181,1.0,1.0,1.0,1
0.8666666666666667,1.0,1.0,1.0,1
0.35,0.25287356321839083,0.0,0.41379310344827597,0
0.875,1.0,1.0,1.0,1
0.6190476190476191,1.0,1.0,1.0,1
0.2777777777777778,0.2465753424657534,0.0,0.25,0
0.368421052631579,0.4423076923076923,0.0,0.45569620253164556,0
0.9333333333333332,1.0,1.0,1.0,1
0.8333333333333335,1.0,1.0,1.0,1
0.9696969696969697,1.0,1.0,1.0,1
0.30434782608695654,0.3768115942028986,0.0,0.3597122302158273,0
0.3076923076923077,0.29702970297029707,0.0,0.4,0
0.4,0.19047619047619047,0.0,0.25,0
0.35,0.16470588235294115,0.0,0.22857142857142854,0
0.9508196721311475,1.0,1.0,1.0,1
0.7333333333333334,1.0,1.0,1.0,1
0.2909090909090909,0.30400000000000005,0.0,0.36923076923076925,0
0.8181818181818181,1.0,1.0,1.0,1
0.6521739130434783,1.0,1.0,1.0,1
0.8620689655172413,1.0,1.0,1.0,1
0.8936170212765957,0.0,1.0,1.0,1
0.7142857142857143,1.0,1.0,1.0,1
0.7647058823529411,1.0,1.0,1.0,1
0.9433962264150944,1.0,1.0,1.0,1
0.7575757575757575,1.0,1.0,1.0,1
0.23076923076923073,0.47787610619469023,0.0,0.2545454545454545,0
0.33333333333333337,0.3529411764705882,0.0,0.3783783783783784,0
0.7916666666666665,1.0,1.0,1.0,1
0.4782608695652174,0.0,0.0,0.2222222222222222,0
0.30434782608695654,0.4117647058823529,0.0,0.25,0
0.782608695652174,1.0,1.0,1.0,1
0.9433962264150944,1.0,1.0,1.0,1
0.34615384615384615,0.29166666666666663,1.0,1.0,0
0.8518518518518519,1.0,1.0,1.0,1
0.9545454545454546,1.0,1.0,1.0,1
0.8095238095238095,1.0,1.0,1.0,1
0.8787878787878788,1.0,1.0,1.0,1
0.3448275862068966,0.23728813559322037,0.0,0.14678899082568808,0
0.32432432432432434,0.25688073394495414,0.0,0.25,0
0.9545454545454546,1.0,1.0,1.0,1
0.45833333333333337,0.49275362318840576,0.0,0.3793103448275862,0
0.9387755102040817,1.0,1.0,1.0,1
0.9444444444444444,1.0,1.0,1.0,1
0.9583333333333335,1.0,1.0,1.0,1
0.782608695652174,1.0,1.0,1.0,1
0.5666666666666667,0.3853211009174312,0.0,0.2545454545454545,0
0.8181818181818181,1.0,1.0,1.0,1
0.4117647058823529,0.20779220779220775,0.0,0.34285714285714286,0
0.34285714285714286,0.1578947368421053,0.0,0.5154639175257731,0
0.8181818181818181,1.0,1.0,1.0,1
0.34782608695652173,0.3768115942028986,0.0,0.14678899082568808,0
0.6923076923076923,1.0,1.0,1.0,1
0.19354838709677424,0.2990654205607477,0.0,0.3597122302158273,0
0.9433962264150944,1.0,1.0,1.0,1
0.6428571428571428,1.0,1.0,1.0,1
0.3125,0.2909090909090909,0.0,1.0,0
0.6875,1.0,1.0,1.0,1
0.4482758620689655,0.3776223776223776,1.0,0.2545454545454545,0
0.2666666666666667,0.3846153846153846,0.0,0.14678899082568808,0
0.3157894736842105,0.17948717948717952,0.0,0.25,0
0.3076923076923077,0.39669421487603307,0.0,0.288135593220339,0
0.30508474576271183,0.31999999999999995,0.0,0.3597122302158273,0
0.2777777777777778,0.2828282828282829,0.0,0.24242424242424243,0
0.23529411764705888,0.339622641509434,0.0,0.25,0
0.2068965517241379,0.18181818181818177,0.0,0.14678899082568808,0
0.8387096774193549,1.0,1.0,1.0,1
0.24,0.3687943262411347,0.0,0.25,0
0.31999999999999995,0.19277108433734935,0.0,1.0,0
0.25,0.36220472440944884,1.0,0.36923076923076925,0
0.31999999999999995,0.3168316831683168,0.0,0.45569620253164556,0
0.3414634146341463,0.2727272727272727,0.0,0.14678899082568808,0
0.3555555555555555,0.17647058823529416,0.0,0.2545454545454545,0
0.782608695652174,1.0,1.0,1.0,1
0.30434782608695654,0.3516483516483516,0.0,0.48,0
0.35,0.4,0.0,0.4545454545454546,0
0.9215686274509803,1.0,1.0,1.0,1
0.8518518518518519,1.0,1.0,1.0,1
0.2162162162162162,0.39520958083832336,0.0,0.35820895522388063,0
0.3902439024390244,0.30000000000000004,0.0,0.14678899082568808,0
0.32432432432432434,0.30107526881720426,0.0,0.35820895522388063,0
0.33333333333333337,0.33333333333333337,0.0,0.30508474576271183,0
0.972972972972973,1.0,1.0,1.0,1
0.9696969696969697,1.0,1.0,1.0,1
0.6923076923076923,1.0,1.0,1.0,1
0.9310344827586207,1.0,1.0,1.0,1
0.38095238095238093,0.2857142857142857,1.0,0.36363636363636365,0
0.2857142857142857,0.2295081967213115,0.0,0.41666666666666663,0
0.32432432432432434,0.3448275862068966,0.0,0.3597122302158273,0
0.8461538461538461,1.0,1.0,1.0,1
0.9615384615384616,1.0,1.0,1.0,1
0.7727272727272727,1.0,1.0,1.0,1
0.8333333333333335,1.0,1.0,1.0,1
0.7333333333333334,1.0,1.0,1.0,1
0.4444444444444444,0.2644628099173554,0.0,0.2222222222222222,0
0.8648648648648648,1.0,1.0,1.0,1
0.7222222222222221,1.0,1.0,1.0,1
0.967741935483871,1.0,1.0,1.0,1
0.68,1.0,1.0,1.0,1
0.19999999999999996,0.15555555555555556,0.0,0.48,0
0.9375,1.0,1.0,1.0,1
0.41025641025641024,0.32098765432098764,0.0,0.14814814814814814,0
0.9565217391304348,1.0,1.0,1.0,1
0.36065573770491793,0.31746031746031744,0.0,0.45569620253164556,0
0.68,1.0,1.0,1.0,1
0.34615384615384615,0.29268292682926833,1.0,0.5154639175257731,0
0.3157894736842105,0.2912621359223301,0.0,0.14678899082568808,0
0.8974358974358975,1.0,1.0,1.0,1
0.8461538461538461,1.0,1.0,1.0,1
0.24390243902439024,0.2666666666666667,0.0,1.0,0
0.9411764705882352,1.0,1.0,1.0,1
0.40909090909090906,0.3529411764705882,0.0,0.14678899082568808,0
0.24242424242424243,0.3538461538461538,0.0,0.3597122302158273,0
0.33333333333333337,0.0,0.0,0.2222222222222222,0
0.34285714285714286,0.26388888888888884,1.0,0.35820895522388063,0
0.8518518518518519,1.0,1.0,1.0,1
0.28985507246376807,0.28865979381443296,0.0,0.20895522388059706,0
0.7142857142857143,1.0,1.0,1.0,1
0.36363636363636365,0.3137254901960784,1.0,0.48,0
0.8181818181818181,1.0,1.0,1.0,1
0.26315789473684215,0.29885057471264365,0.0,0.36923076923076925,0
0.9583333333333335,1.0,1.0,1.0,1
0.7619047619047619,1.0,1.0,1.0,1
0.9310344827586207,1.0,1.0,1.0,1
0.8387096774193549,1.0,1.0,1.0,1
0.26315789473684215,0.3484848484848485,0.0,0.34285714285714286,0
0.7777777777777779,1.0,1.0,1.0,1
0.8709677419354839,1.0,1.0,1.0,1
0.9387755102040817,1.0,1.0,1.0,1
0.8666666666666667,1.0,1.0,1.0,1
0.49122807017543857,0.2909090909090909,0.0,1.0,0
0.8181818181818181,1.0,1.0,1.0,1
0.8095238095238095,1.0,1.0,1.0,1
0.6923076923076923,1.0,1.0,1.0,1
0.4285714285714286,0.2093023255813954,0.0,0.35820895522388063,0
0.2702702702702703,0.3008849557522124,0.0,0.14678899082568808,0
0.33333333333333337,0.2941176470588235,0.0,0.4,0
0.4761904761904761,0.33333333333333337,0.0,0.14678899082568808,0
0.32258064516129037,0.31666666666666665,0.0,0.31746031746031744,0
0.9565217391304348,1.0,1.0,1.0,1
0.29268292682926833,0.17391304347826086,0.0,0.3597122302158273,0
0.8571428571428572,1.0,1.0,1.0,1
0.4705882352941176,0.28865979381443296,0.0,0.24137931034482762,0
0.24242424242424243,0.2650602409638554,0.0,0.2727272727272727,0
0.41860465116279066,0.28985507246376807,0.0,0.2545454545454545,0
0.8666666666666667,1.0,1.0,1.0,1
0.2857142857142857,0.23404255319148937,0.0,1.0,0
0.84,1.0,1.0,1.0,1
0.5633802816901409,0.3287671232876712,0.0,1.0,0
0.3829787234042554,0.34285714285714286,0.0,0.2941176470588235,0
0.9130434782608696,1.0,1.0,1.0,1
0.7894736842105263,1.0,1.0,1.0,1
0.2222222222222222,0.2558139534883721,0.0,1.0,0
0.9696969696969697,1.0,1.0,1.0,1
0.375,0.3307086614173228,0.0,0.36363636363636365,0
0.41025641025641024,0.3055555555555556,0.0,0.14814814814814814,0
0.32258064516129037,0.33043478260869563,0.0,1.0,0
0.8275862068965517,1.0,1.0,1.0,1
0.9387755102040817,1.0,1.0,1.0,1
0.8,1.0,1.0,1.0,1
0.9714285714285714,1.0,1.0,1.0,1
0.26415094339622647,0.3448275862068966,0.0,1.0,0
0.33333333333333337,0.32352941176470584,0.0,0.25,0
0.36065573770491793,0.29729729729729726,1.0,0.19047619047619047,0
0.8571428571428572,1.0,1.0,1.0,1
0.75,1.0,1.0,1.0,1
0.33333333333333337,0.30645161290322576,0.0,0.2545454545454545,0
0.7777777777777779,1.0,1.0,1.0,1
0.962962962962963,1.0,1.0,1.0,1
0.7619047619047619,1.0,1.0,1.0,1
0.9545454545454546,1.0,1.0,1.0,1
0.3111111111111111,0.2432432432432432,0.0,1.0,0
0.9508196721311475,1.0,1.0,1.0,1
0.34285714285714286,0.37241379310344824,0.0,0.31746031746031744,0
0.95,1.0,1.0,1.0,1
0.4,0.33333333333333337,0.0,0.22857142857142854,0
0.9411764705882352,1.0,1.0,1.0,1
0.2962962962962963,0.35955056179775285,1.0,1.0,0
0.8666666666666667,1.0,1.0,1.0,1
0.736842105263158,1.0,1.0,1.0,1
0.25,0.3125,1.0,0.25,0
0.4489795918367348,0.1470588235294118,0.0,0.25,0
0.9538461538461537,1.0,1.0,1.0,1
0.4375,0.2978723404255319,0.0,0.35820895522388063,0
0.34042553191489366,0.41666666666666663,0.0,0.4545454545454546,0
0.967741935483871,1.0,1.0,1.0,1
0.9696969696969697,1.0,1.0,1.0,1
0.5185185185185186,0.21212121212121215,0.0,0.4761904761904761,0
0.7647058823529411,1.0,1.0,1.0,1
0.967741935483871,1.0,1.0,1.0,1
0.2777777777777778,0.1333333333333333,0.0,0.5154639175257731,0
0.9508196721311475,1.0,1.0,1.0,1
0.8666666666666667,1.0,1.0,1.0,1
0.3214285714285714,0.11764705882352944,0.0,0.2545454545454545,0
0.95,1.0,1.0,1.0,1
0.8484848484848484,1.0,1.0,1.0,1
0.2857142857142857,0.20952380952380956,0.0,0.41333333333333333,0
0.7142857142857143,1.0,1.0,1.0,1
0.38095238095238093,0.2702702702702703,0.0,0.4,0
0.7241379310344827,1.0,1.0,1.0,1
0.8518518518518519,1.0,1.0,1.0,1
0.6666666666666667,1.0,1.0,1.0,1
0.7241379310344827,1.0,1.0,1.0,1
0.8333333333333335,1.0,1.0,1.0,1
0.8518518518518519,1.0,1.0,1.0,1
0.32432432432432434,0.32499999999999996,0.0,0.3597122302158273,0
0.8095238095238095,1.0,1.0,1.0,1
0.804878048780488,1.0,1.0,1.0,1
0.2857142857142857,0.3652173913043478,1.0,0.38095238095238093,0
0.8387096774193549,1.0,1.0,1.0,1
0.2941176470588235,0.2727272727272727,0.0,0.25,0
0.37209302325581395,0.2592592592592593,0.0,0.4,0
0.8,1.0,1.0,1.0,1
0.972972972972973,1.0,1.0,1.0,1
0.3448275862068966,0.3484848484848485,0.0,1.0,0
0.36363636363636365,0.34090909090909094,0.0,0.14814814814814814,0
0.736842105263158,1.0,1.0,1.0,1
0.8076923076923077,1.0,1.0,1.0,1
0.3666666666666667,0.35416666666666663,0.0,0.4444444444444444,0
0.96,1.0,1.0,1.0,1
0.951219512195122,1.0,1.0,1.0,1
0.3846153846153846,0.4042553191489362,0.0,0.14814814814814814,0
0.4705882352941176,0.32352941176470584,0.0,1.0,0
0.38095238095238093,0.30188679245283023,0.0,0.2068965517241379,0
0.814814814814815,1.0,1.0,1.0,1
0.3137254901960784,0.3058823529411765,0.0,0.14814814814814814,0
0.9375,1.0,1.0,1.0,1
0.36363636363636365,0.23076923076923073,0.0,1.0,0
0.36,0.33009708737864074,0.0,0.3597122302158273,0
0.2909090909090909,0.3384615384615385,0.0,0.45569620253164556,0
0.6363636363636364,1.0,1.0,1.0,1
0.7142857142857143,1.0,1.0,1.0,1
0.9245283018867925,1.0,1.0,1.0,1
0.368421052631579,0.35,0.0,0.25,0
0.2068965517241379,0.2857142857142857,0.0,0.42666666666666664,0
0.31818181818181823,0.3023255813953488,1.0,0.1333333333333333,0
0.8,1.0,1.0,1.0,1
0.7777777777777779,1.0,1.0,1.0,1
0.27450980392156865,0.326530612244898,0.0,0.25,0
0.3928571428571429,0.38383838383838387,0.0,0.31746031746031744,0
0.962962962962963,1.0,1.0,1.0,1
0.4375,0.24817518248175185,0.0,1.0,0
0.875,1.0,1.0,1.0,1
0.6923076923076923,1.0,1.0,1.0,1
0.6521739130434783,1.0,1.0,1.0,1
0.3076923076923077,0.3172413793103448,0.0,0.14678899082568808,0
0.4864864864864865,0.34666666666666673,0.0,1.0,0
0.303030303030303,0.38596491228070173,1.0,1.0,0
0.96,1.0,1.0,1.0,1
0.379746835443038,0.3492063492063492,1.0,0.34782608695652173,0
0.9333333333333332,1.0,1.0,1.0,1
0.2692307692307693,0.3529411764705882,0.0,0.38095238095238093,0
0.967741935483871,1.0,1.0,1.0,1
0.30000000000000004,0.2894736842105263,0.0,1.0,0
0.68,1.0,1.0,1.0,1
0.5098039215686274,0.34615384615384615,0.0,1.0,0
0.2777777777777778,0.30434782608695654,0.0,1.0,0
0.3921568627450981,0.37362637362637363,0.0,1.0,0
0.9491525423728814,1.0,1.0,1.0,1
0.29268292682926833,0.23376623376623373,0.0,1.0,0
0.8918918918918919,1.0,1.0,1.0,1
0.21276595744680848,0.2162162162162162,0.0,0.48,0
0.8518518518518519,1.0,1.0,1.0,1
0.8709677419354839,1.0,1.0,1.0,1
0.7419354838709676,1.0,1.0,1.0,1
0.23529411764705888,0.273972602739726,0.0,0.5154639175257731,0
0.24242424242424243,0.3157894736842105,0.0,0.36363636363636365,0
0.31999999999999995,0.3220338983050848,0.0,1.0,0
0.303030303030303,0.3076923076923077,0.0,0.31746031746031744,0
0.75,1.0,1.0,1.0,1
0.7142857142857143,1.0,1.0,1.0,1
0.25531914893617025,0.3589743589743589,0.0,0.23333333333333328,0
0.7142857142857143,1.0,1.0,1.0,1
0.7647058823529411,1.0,1.0,1.0,1
0.8387096774193549,1.0,1.0,1.0,1
0.962962962962963,1.0,1.0,1.0,1
0.8214285714285714,1.0,1.0,1.0,1
0.75,1.0,1.0,1.0,1
0.2727272727272727,0.3291139240506329,0.0,0.4242424242424242,0
0.9444444444444444,0.0,1.0,1.0,1
0.967741935483871,1.0,1.0,1.0,1
0.8974358974358975,1.0,1.0,1.0,1
0.2962962962962963,0.3220338983050848,0.0,0.23333333333333328,0
0.975609756097561,1.0,1.0,1.0,1
0.34782608695652173,0.29729729729729726,0.0,0.45569620253164556,0
0.9333333333333332,1.0,1.0,1.0,1
0.23809523809523814,0.3484848484848485,0.0,0.4,0
0.8571428571428572,1.0,1.0,1.0,1
0.5185185185185186,0.3916083916083915,0.0,0.25,0
0.21818181818181814,0.33333333333333337,0.0,0.2545454545454545,0
0.7894736842105263,1.0,1.0,1.0,1
0.2702702702702703,0.3076923076923077,0.0,0.23333333333333328,0
0.25,0.31034482758620685,1.0,0.2545454545454545,0
0.7222222222222221,1.0,1.0,1.0,1
0.8461538461538461,1.0,1.0,1.0,1
0.8863636363636364,1.0,1.0,1.0,1
0.7037037037037037,1.0,1.0,1.0,1
0.27450980392156865,0.273972602739726,0.0,0.3589743589743589,0
0.41025641025641024,0.23529411764705888,0.0,0.2545454545454545,0
0.31818181818181823,0.2162162162162162,0.0,0.4761904761904761,0
0.3783783783783784,0.30000000000000004,0.0,0.3597122302158273,0
0.26415094339622647,0.27083333333333337,0.0,0.31746031746031744,0
0.2666666666666667,0.25,0.0,0.3597122302158273,0
0.24242424242424243,0.25,0.0,0.42666666666666664,0
0.4,0.3733333333333333,0.0,1.0,0
0.7727272727272727,1.0,1.0,1.0,1
0.8333333333333335,1.0,1.0,1.0,1
0.96,1.0,1.0,1.0,1
0.33333333333333337,0.3448275862068966,1.0,0.2545454545454545,0
0.4,0.3939393939393939,0.0,0.2702702702702703,0
0.8666666666666667,1.0,1.0,1.0,1
0.2857142857142857,0.35185185185185186,0.0,1.0,0
0.75,1.0,1.0,1.0,1
0.7419354838709676,1.0,1.0,1.0,1
0.6923076923076923,1.0,1.0,1.0,1
0.6521739130434783,1.0,1.0,1.0,1
0.2068965517241379,0.3013698630136986,0.0,0.3597122302158273,0
0.30000000000000004,0.3833333333333333,0.0,0.23076923076923073,0
0.7777777777777779,1.0,1.0,1.0,1
0.24242424242424243,0.31707317073170727,0.0,0.45569620253164556,0
0.38095238095238093,0.2471910112359551,0.0,0.4,0
0.6521739130434783,1.0,1.0,1.0,1
0.3214285714285714,0.07407407407407407,0.0,0.24242424242424243,0
0.4117647058823529,0.3789473684210526,0.0,1.0,0
0.2941176470588235,0.3508771929824561,0.0,0.25,0
0.4,0.35955056179775285,0.0,0.3589743589743589,0
0.8787878787878788,1.0,1.0,1.0,1
0.96,1.0,1.0,1.0,1
0.3157894736842105,0.2376237623762376,0.0,0.25,0
0.3783783783783784,0.3157894736842105,0.0,0.3529411764705882,0
0.3414634146341463,0.3076923076923077,0.0,0.36363636363636365,0
0.2962962962962963,0.296875,0.0,0.41666666666666663,0
0.75,1.0,1.0,1.0,1
0.4,0.30508474576271183,0.0,0.33333333333333337,0
0.34285714285714286,0.3023255813953488,0.0,0.25,0
0.2777777777777778,0.33684210526315794,0.0,0.25,0
0.31034482758620685,0.3296703296703297,0.0,0.41333333333333333,0
0.26315789473684215,0.3191489361702128,0.0,0.25,0
0.35,0.2941176470588235,0.0,0.20895522388059706,0
0.2941176470588235,0.2637362637362637,0.0,1.0,0
0.7619047619047619,1.0,1.0,1.0,1
0.8181818181818181,1.0,1.0,1.0,1
0.95,1.0,1.0,1.0,1
0.4,0.31304347826086953,1.0,0.36363636363636365,0
0.3783783783783784,0.3076923076923077,0.0,0.14678899082568808,0
0.9767441860465115,1.0,1.0,1.0,1
0.75,1.0,1.0,1.0,1
0.2777777777777778,0.3652173913043478,0.0,1.0,0
0.4363636363636364,0.29885057471264365,0.0,0.36923076923076925,0
0.7619047619047619,1.0,1.0,1.0,1
0.84,1.0,1.0,1.0,1
0.3703703703703704,0.2666666666666667,0.0,0.25,0
0.40909090909090906,0.24242424242424243,0.0,0.3597122302158273,0
0.8857142857142857,1.0,1.0,1.0,1
0.9743589743589743,1.0,1.0,1.0,1
0.2564102564102564,0.43478260869565216,0.0,0.14678899082568808,0
0.84,1.0,1.0,1.0,1
0.8,1.0,1.0,1.0,1
0.9655172413793103,1.0,1.0,1.0,1
0.25531914893617025,0.31034482758620685,0.0,1.0,0
0.34285714285714286,0.30188679245283023,0.0,0.3597122302158273,0
0.3125,0.24242424242424243,0.0,0.3597122302158273,0
0.3829787234042554,0.4489795918367348,1.0,1.0,0
0.8857142857142857,1.0,1.0,1.0,1
0.27586206896551724,0.5098039215686274,0.0,0.25,0
0.3880597014925373,0.20512820512820518,0.0,0.20895522388059706,0
0.8620689655172413,1.0,1.0,1.0,1
0.33333333333333337,0.35036496350364965,0.0,0.2545454545454545,0
0.3157894736842105,0.38888888888888884,1.0,0.48,0
0.2264150943396226,0.33333333333333337,0.0,0.3492063492063492,0
0.3448275862068966,0.29230769230769227,0.0,0.31746031746031744,0
0.8620689655172413,1.0,1.0,1.0,1
0.967741935483871,1.0,1.0,1.0,1
0.35,0.3612903225806452,0.0,0.25,0
0.38095238095238093,0.23684210526315785,0.0,0.2545454545454545,0
0.8484848484848484,1.0,1.0,1.0,1
0.8947368421052632,1.0,1.0,1.0,1
0.826086956521739,1.0,1.0,1.0,1
0.5652173913043479,0.36363636363636365,0.0,1.0,0
0.2666666666666667,0.37410071942446044,0.0,0.5154639175257731,0
0.7333333333333334,1.0,1.0,1.0,1
0.6923076923076923,1.0,1.0,1.0,1
0.3529411764705882,0.17021276595744683,0.0,1.0,0
0.8095238095238095,1.0,1.0,1.0,1
0.9444444444444444,1.0,1.0,1.0,1
0.2857142857142857,0.32727272727272727,0.0,0.2545454545454545,0
0.9696969696969697,1.0,1.0,1.0,1
0.33333333333333337,0.26086956521739135,0.0,0.2222222222222222,0
0.7647058823529411,1.0,1.0,1.0,1
0.3829787234042554,0.2945736434108527,1.0,0.25,0
0.5555555555555556,1.0,1.0,1.0,1
0.4,0.33333333333333337,1.0,0.25,0
0.2564102564102564,0.3058823529411765,0.0,1.0,0
0.75,1.0,1.0,1.0,1
0.5294117647058824,1.0,1.0,1.0,1
0.782608695652174,1.0,1.0,1.0,1
0.736842105263158,1.0,1.0,1.0,1
0.96,1.0,1.0,1.0,1
0.4324324324324324,0.2921348314606742,0.0,1.0,0
0.9743589743589743,1.0,1.0,1.0,1
0.34782608695652173,0.3055555555555556,0.0,0.23333333333333328,0
0.42105263157894735,0.3047619047619048,0.0,0.35820895522388063,0
0.84,1.0,1.0,1.0,1
0.36363636363636365,0.35526315789473684,0.0,0.25,0
0.7222222222222221,1.0,1.0,1.0,1
0.9206349206349206,1.0,1.0,1.0,1
0.5405405405405406,0.3218390804597702,0.0,0.22857142857142854,0
0.6521739130434783,1.0,1.0,1.0,1
0.32558139534883723,0.35955056179775285,0.0,0.36923076923076925,0
0.96,1.0,1.0,1.0,1
0.2692307692307693,0.26865671641791045,0.0,1.0,0
0.7241379310344827,1.0,1.0,1.0,1
0.4897959183673469,0.3555555555555555,0.0,1.0,0
0.339622641509434,0.25396825396825395,0.0,0.5154639175257731,0
0.37209302325581395,0.41860465116279066,0.0,0.4,0
0.2727272727272727,0.30000000000000004,0.0,0.25,0
0.4,0.2777777777777778,0.0,0.25,0
0.9538461538461537,1.0,1.0,1.0,1
0.923076923076923,1.0,1.0,1.0,1
0.4,0.2153846153846154,0.0,0.24242424242424243,0
0.4,0.2857142857142857,0.0,1.0,0
0.30000000000000004,0.34951456310679613,0.0,0.25,0
0.7894736842105263,1.0,1.0,1.0,1
0.41509433962264153,0.3098591549295775,0.0,1.0,0
0.6818181818181819,0.303448275862069,1.0,1.0,0
0.9583333333333335,1.0,1.0,1.0,1
0.75,1.0,1.0,1.0,1
0.9361702127659575,1.0,1.0,1.0,1
0.26315789473684215,0.3232323232323232,0.0,0.4,0
0.5116279069767442,0.23529411764705888,0.0,0.2545454545454545,0
0.3589743589743589,0.326530612244898,0.0,0.3597122302158273,0
0.962962962962963,1.0,1.0,1.0,1
0.3902439024390244,0.31746031746031744,1.0,0.45569620253164556,0
0.25,0.2962962962962963,1.0,0.25,0
0.9444444444444444,1.0,1.0,1.0,1
0.17391304347826086,0.34285714285714286,0.0,0.35820895522388063,0
0.84,1.0,1.0,1.0,1
0.6190476190476191,1.0,1.0,1.0,1
0.9565217391304348,1.0,1.0,1.0,1
0.8333333333333335,1.0,1.0,1.0,1
0.3902439024390244,0.2666666666666667,0.0,1.0,0
0.6923076923076923,1.0,1.0,1.0,1
0.7333333333333334,1.0,1.0,1.0,1
0.3414634146341463,0.21875,1.0,1.0,0
0.9523809523809522,1.0,1.0,1.0,1
0.19999999999999996,0.24137931034482762,0.0,0.3928571428571429,0
0.2777777777777778,0.22784810126582278,0.0,0.30508474576271183,0
0.3829787234042554,0.2790697674418605,1.0,0.4,0
0.826086956521739,1.0,1.0,1.0,1
0.967741935483871,1.0,1.0,1.0,1
0.34285714285714286,0.36734693877551017,0.0,1.0,0
0.2857142857142857,0.25,0.0,0.35820895522388063,0
0.6190476190476191,0.33333333333333337,0.0,0.5154639175257731,0
0.9545454545454546,1.0,1.0,1.0,1
0.6923076923076923,1.0,1.0,1.0,1
0.3571428571428571,0.368421052631579,1.0,1.0,0
0.8666666666666667,1.0,1.0,1.0,1
0.27450980392156865,0.38596491228070173,1.0,0.2222222222222222,0
0.96875,1.0,1.0,1.0,1
0.18181818181818177,0.27722772277227725,0.0,1.0,0
0.6521739130434783,1.0,1.0,1.0,1
0.7837837837837838,1.0,1.0,1.0,1
0.8181818181818181,1.0,1.0,1.0,1
0.9,1.0,1.0,1.0,1
0.8095238095238095,1.0,1.0,1.0,1
0.7714285714285716,1.0,1.0,1.0,1
0.4,0.36363636363636365,0.0,1.0,0
0.33333333333333337,0.3373493975903614,0.0,0.3597122302158273,0
0.2857142857142857,0.2295081967213115,0.0,1.0,0
0.8095238095238095,1.0,1.0,1.0,1
0.9285714285714286,1.0,1.0,1.0,1
0.31818181818181823,0.3851851851851852,0.0,0.25,0
0.782608695652174,1.0,1.0,1.0,1
0.9473684210526316,1.0,1.0,1.0,1
0.3076923076923077,0.368421052631579,0.0,0.35820895522388063,0
0.3703703703703704,0.32608695652173914,0.0,0.25,0
0.9767441860465115,1.0,1.0,1.0,1
0.27586206896551724,0.37254901960784315,0.0,0.3597122302158273,0
0.6521739130434783,1.0,1.0,1.0,1
0.4666666666666666,0.43478260869565216,0.0,0.35820895522388063,0
0.3589743589743589,0.4475524475524476,0.0,0.41666666666666663,0
0.34285714285714286,0.2597402597402597,0.0,0.3597122302158273,0
0.4,0.28205128205128205,1.0,0.4,0
0.782608695652174,1.0,1.0,1.0,1
0.38888888888888884,0.2857142857142857,0.0,0.288135593220339,0
0.7647058823529411,1.0,1.0,1.0,1
0.826086956521739,1.0,1.0,1.0,1
0.804878048780488,1.0,1.0,1.0,1
0.8958333333333335,1.0,1.0,1.0,1
0.8823529411764706,1.0,1.0,1.0,1
0.84,1.0,1.0,1.0,1
0.826086956521739,1.0,1.0,1.0,1
0.8275862068965517,1.0,1.0,1.0,1
0.9615384615384616,1.0,1.0,1.0,1
0.3076923076923077,0.24528301886792447,0.0,0.48,0
0.4444444444444444,0.36641221374045807,0.0,0.25,0
0.2068965517241379,0.3835616438356164,1.0,0.5714285714285714,0
0.9565217391304348,1.0,1.0,1.0,1
0.24242424242424243,0.34615384615384615,0.0,0.5154639175257731,0
0.36363636363636365,0.275,0.0,1.0,0
0.9491525423728814,1.0,1.0,1.0,1
0.8461538461538461,1.0,1.0,1.0,1
0.2702702702702703,0.3522012578616353,0.0,1.0,0
0.34042553191489366,0.368,0.0,0.36923076923076925,0
0.6666666666666667,1.0,1.0,1.0,1
0.7241379310344827,1.0,1.0,1.0,1
0.967741935483871,1.0,1.0,1.0,1
0.8095238095238095,1.0,1.0,1.0,1
0.36363636363636365,0.42553191489361697,1.0,1.0,0
0.84375,1.0,1.0,1.0,1
0.2857142857142857,0.27083333333333337,1.0,1.0,0
0.41860465116279066,0.2912621359223301,0.0,0.2857142857142857,0
0.84,1.0,1.0,1.0,1
0.4375,0.1609195402298851,0.0,0.5154639175257731,0
0.4,0.26086956521739135,0.0,1.0,0
0.84,1.0,1.0,1.0,1
0.96,1.0,1.0,1.0,1
0.4516129032258065,0.2644628099173554,0.0,1.0,0
0.8275862068965517,1.0,1.0,1.0,1
0.3157894736842105,0.0,0.0,0.2264150943396226,0
0.2857142857142857,0.25,0.0,0.23333333333333328,0
0.33333333333333337,0.3551401869158879,0.0,0.36363636363636365,0
0.8095238095238095,1.0,1.0,1.0,1
0.2807017543859649,0.4,1.0,0.4761904761904761,0
0.9523809523809522,1.0,1.0,1.0,1
0.9767441860465115,1.0,1.0,1.0,1
0.30434782608695654,0.24528301886792447,0.0,0.35820895522388063,0
0.9411764705882352,1.0,1.0,1.0,1
0.9696969696969697,1.0,1.0,1.0,1
0.26415094339622647,0.33870967741935487,0.0,0.25,0
0.4615384615384615,0.36,0.0,0.5714285714285714,0
0.2857142857142857,0.24489795918367352,0.0,0.38095238095238093,0
0.8571428571428572,1.0,1.0,1.0,1
0.814814814814815,1.0,1.0,1.0,1
0.6923076923076923,1.0,1.0,1.0,1
0.26086956521739135,0.38167938931297707,1.0,0.3783783783783784,0
0.39130434782608686,0.2823529411764706,0.0,0.35820895522388063,0
0.326530612244898,0.2716049382716049,0.0,0.20895522388059706,0
0.40909090909090906,0.3448275862068966,0.0,1.0,0
0.29850746268656714,0.31932773109243695,0.0,0.31746031746031744,0
0.23529411764705888,0.30612244897959184,0.0,0.34285714285714286,0
0.303030303030303,0.31746031746031744,0.0,1.0,0
0.9454545454545454,1.0,1.0,1.0,1
0.2222222222222222,0.29885057471264365,0.0,0.35820895522388063,0
0.8181818181818181,1.0,1.0,1.0,1
0.25,0.31666666666666665,0.0,1.0,0
0.2941176470588235,0.34090909090909094,0.0,1.0,0
0.23529411764705888,0.368,0.0,1.0,0
0.9647058823529412,1.0,1.0,1.0,1
0.6666666666666667,1.0,1.0,1.0,1
0.3870967741935484,0.33898305084745756,1.0,1.0,0
0.34782608695652173,0.22857142857142854,0.0,0.14678899082568808,0
0.8518518518518519,1.0,1.0,1.0,1
0.30000000000000004,0.29268292682926833,0.0,0.14814814814814814,0
0.962962962962963,1.0,1.0,1.0,1
0.375,0.2807017543859649,0.0,0.48,0
0.4,0.32432432432432434,0.0,1.0,0
0.3214285714285714,0.2295081967213115,0.0,0.35820895522388063,0
0.25531914893617025,0.28125,0.0,0.14678899082568808,0
0.8,1.0,1.0,1.0,1
0.2857142857142857,0.32558139534883723,0.0,0.3076923076923077,0
0.8461538461538461,1.0,1.0,1.0,1
0.29268292682926833,0.19780219780219777,0.0,1.0,0
0.2727272727272727,0.3296703296703297,0.0,0.288135593220339,0
0.8666666666666667,1.0,1.0,1.0,1
0.33333333333333337,0.3939393939393939,0.0,0.25,0
0.8095238095238095,1.0,1.0,1.0,1
0.6363636363636364,1.0,1.0,1.0,1
0.31034482758620685,0.23809523809523814,1.0,0.23333333333333328,0
0.33333333333333337,0.3653846153846154,0.0,0.48,0
0.7142857142857143,1.0,1.0,1.0,1
0.6666666666666667,1.0,1.0,1.0,1
0.8484848484848484,1.0,1.0,1.0,1
0.9655172413793103,1.0,1.0,1.0,1
0.875,1.0,1.0,1.0,1
0.2790697674418605,0.368421052631579,1.0,0.5154639175257731,0
0.95,1.0,1.0,1.0,1
0.9714285714285714,1.0,1.0,1.0,1
0.8181818181818181,1.0,1.0,1.0,1
0.24390243902439024,0.3157894736842105,0.0,0.45569620253164556,0
0.27586206896551724,0.2807017543859649,0.0,1.0,0
0.2272727272727273,0.3597122302158273,0.0,0.25,0
0.7619047619047619,1.0,1.0,1.0,1
0.3414634146341463,0.31666666666666665,0.0,0.4,0
0.826086956521739,1.0,1.0,1.0,1
0.84,1.0,1.0,1.0,1
0.6,1.0,1.0,1.0,1
0.8,1.0,1.0,1.0,1
0.30434782608695654,0.3969465648854962,0.0,0.34285714285714286,0
0.4,0.3870967741935484,0.0,0.25,0
0.7037037037037037,1.0,1.0,1.0,1
0.68,1.0,1.0,1.0,1
0.9538461538461537,1.0,1.0,1.0,1
0.2222222222222222,0.2680412371134021,0.0,1.0,0
0.8461538461538461,1.0,1.0,1.0,1
0.9310344827586207,0.0,1.0,1.0,1
0.25531914893617025,0.25,0.0,1.0,0
0.9565217391304348,1.0,1.0,1.0,1
0.23529411764705888,0.29166666666666663,0.0,0.2222222222222222,0
0.2857142857142857,0.38636363636363635,0.0,0.14678899082568808,0
0.6,1.0,1.0,1.0,1
0.2564102564102564,0.26086956521739135,0.0,0.14814814814814814,0
0.84375,1.0,1.0,1.0,1
0.34782608695652173,0.2545454545454545,0.0,0.14678899082568808,0
0.9696969696969697,1.0,1.0,1.0,1
0.7647058823529411,1.0,1.0,1.0,1
0.33333333333333337,0.37209302325581395,0.0,1.0,0
0.3561643835616438,0.30400000000000005,1.0,0.14814814814814814,0
0.75,1.0,1.0,1.0,1
0.3846153846153846,0.1917808219178082,0.0,0.14678899082568808,0
0.36363636363636365,0.3035714285714286,0.0,0.14678899082568808,0
0.19999999999999996,0.24691358024691357,0.0,0.3597122302158273,0
0.3414634146341463,0.31007751937984496,0.0,0.36923076923076925,0
0.8181818181818181,1.0,1.0,1.0,1
0.9302325581395349,1.0,1.0,1.0,1
0.21276595744680848,0.3513513513513513,0.0,0.3783783783783784,0
0.9714285714285714,1.0,1.0,1.0,1
0.972972972972973,1.0,1.0,1.0,1
0.32258064516129037,0.27522935779816515,1.0,0.25,0
0.7619047619047619,1.0,1.0,1.0,1
0.375,0.3218390804597702,0.0,0.25,0
0.9411764705882352,1.0,1.0,1.0,1
0.3414634146341463,0.2954545454545454,1.0,0.14814814814814814,0
0.7222222222222221,1.0,1.0,1.0,1
0.8666666666666667,1.0,1.0,1.0,1
0.2702702702702703,0.28099173553719003,0.0,0.25,0
0.8,1.0,1.0,1.0,1
0.3125,0.302158273381295,0.0,0.25,0
0.368421052631579,0.28378378378378377,0.0,0.4761904761904761,0
0.38095238095238093,0.29032258064516125,0.0,0.25,0
0.303030303030303,0.2947368421052632,0.0,1.0,0
0.25806451612903225,0.32352941176470584,0.0,0.14814814814814814,0
0.8863636363636364,1.0,1.0,1.0,1
0.29166666666666663,0.0,1.0,0.23076923076923073,0
0.25,0.26277372262773724,0.0,0.3597122302158273,0
0.3157894736842105,0.2727272727272727,0.0,0.25,0
0.4242424242424242,0.34782608695652173,0.0,1.0,0
0.1428571428571429,0.3090909090909091,0.0,1.0,0
0.9767441860465115,1.0,1.0,1.0,1
0.9032258064516128,1.0,1.0,1.0,1
0.8857142857142857,1.0,1.0,1.0,1
0.736842105263158,1.0,1.0,1.0,1
0.3870967741935484,0.3589743589743589,0.0,0.25,0
0.2962962962962963,0.36363636363636365,0.0,0.43333333333333335,0
0.4761904761904761,0.25,0.0,1.0,0
0.2727272727272727,0.41666666666666663,0.0,0.3597122302158273,0
0.31999999999999995,0.3561643835616438,0.0,1.0,0
0.23809523809523814,0.2947368421052632,0.0,1.0,0
0.48484848484848486,0.28915662650602414,0.0,0.5454545454545454,0
0.21052631578947367,0.30379746835443033,0.0,0.4761904761904761,0
0.814814814814815,1.0,1.0,1.0,1
0.22857142857142854,0.16470588235294115,0.0,0.4444444444444444,0
0.8333333333333335,1.0,1.0,1.0,1
0.7419354838709676,1.0,1.0,1.0,1
0.3076923076923077,0.4036697247706422,0.0,0.14678899082568808,0
0.8518518518518519,1.0,1.0,1.0,1
0.3125,0.2941176470588235,0.0,0.2545454545454545,0
0.3414634146341463,0.35416666666666663,1.0,0.25,0
0.6666666666666667,1.0,1.0,1.0,1
0.5,0.4,0.0,0.36363636363636365,0
0.7647058823529411,1.0,1.0,1.0,1
0.368421052631579,0.35789473684210527,0.0,0.14678899082568808,0
0.3529411764705882,0.2650602409638554,0.0,1.0,0
0.4,0.3287671232876712,0.0,0.25,0
0.9777777777777777,1.0,1.0,1.0,1
0.8823529411764706,1.0,1.0,1.0,1
0.32258064516129037,0.33766233766233766,1.0,0.22857142857142854,0
0.3448275862068966,0.0,0.0,0.2222222222222222,0
0.7837837837837838,1.0,1.0,1.0,1
0.96,1.0,1.0,1.0,1
0.27586206896551724,0.32558139534883723,0.0,1.0,0
0.3571428571428571,0.31707317073170727,0.0,0.2545454545454545,0
0.30188679245283023,0.4675324675324676,0.0,0.288135593220339,0
0.3703703703703704,0.16666666666666663,1.0,1.0,0
0.25531914893617025,0.3087248322147651,1.0,0.25,0
0.8888888888888888,1.0,1.0,1.0,1
0.6666666666666667,1.0,1.0,1.0,1
0.4444444444444444,0.39344262295081966,0.0,0.14678899082568808,0
0.21052631578947367,0.27368421052631575,0.0,0.25,0
0.8181818181818181,1.0,1.0,1.0,1
0.75,1.0,1.0,1.0,1
0.23529411764705888,0.31932773109243695,0.0,1.0,0
0.9666666666666667,1.0,1.0,1.0,1
0.96,1.0,1.0,1.0,1
0.23809523809523814,0.3418803418803419,1.0,0.3597122302158273,0
0.3448275862068966,0.27118644067796616,0.0,1.0,0
0.2068965517241379,0.3220338983050848,0.0,0.25,0
0.9655172413793103,1.0,1.0,1.0,1
0.4782608695652174,0.23529411764705888,0.0,0.25,0
0.782608695652174,1.0,1.0,1.0,1
0.84,1.0,1.0,1.0,1
0.814814814814815,1.0,1.0,1.0,1
0.30434782608695654,0.3291139240506329,0.0,0.2545454545454545,0
0.7727272727272727,1.0,1.0,1.0,1
0.7647058823529411,1.0,1.0,1.0,1
0.303030303030303,0.3733333333333333,0.0,0.41333333333333333,0
0.3188405797101449,0.3055555555555556,0.0,0.3597122302158273,0
0.5789473684210527,1.0,1.0,1.0,1
0.8333333333333335,1.0,1.0,1.0,1
0.7333333333333334,1.0,1.0,1.0,1
0.962962962962963,1.0,1.0,1.0,1
0.339622641509434,0.34782608695652173,0.0,0.25,0
0.7777777777777779,1.0,1.0,1.0,1
0.29268292682926833,0.38095238095238093,0.0,0.2545454545454545,0
0.8333333333333335,1.0,1.0,1.0,1
0.34615384615384615,0.3571428571428571,0.0,0.24242424242424243,0
0.3137254901960784,0.2954545454545454,0.0,0.5454545454545454,0
0.9428571428571427,1.0,1.0,1.0,1
0.3529411764705882,0.0,1.0,0.25,0
0.7222222222222221,1.0,1.0,1.0,1
0.15384615384615385,0.36923076923076925,0.0,0.30508474576271183,0
0.7777777777777779,1.0,1.0,1.0,1
0.25531914893617025,0.3770491803278688,0.0,0.25,0
0.33333333333333337,0.19512195121951215,0.0,0.14678899082568808,0
0.7894736842105263,1.0,1.0,1.0,1
0.736842105263158,1.0,1.0,1.0,1
0.20512820512820518,0.29268292682926833,0.0,1.0,0
0.4,0.0,0.0,0.36923076923076925,0
0.2222222222222222,0.11428571428571432,0.0,0.42666666666666664,0
0.3157894736842105,0.2857142857142857,0.0,0.3941605839416058,0
0.8484848484848484,1.0,1.0,1.0,1
0.8918918918918919,1.0,1.0,1.0,1
0.375,0.2545454545454545,0.0,0.25,0
0.7727272727272727,1.0,1.0,1.0,1
0.2857142857142857,0.3076923076923077,0.0,0.42666666666666664,0
0.4,0.40540540540540543,0.0,0.3783783783783784,0
0.7647058823529411,1.0,1.0,1.0,1
0.8620689655172413,1.0,1.0,1.0,1
0.8333333333333335,1.0,1.0,1.0,1
0.41025641025641024,0.4,0.0,0.41333333333333333,0
0.30434782608695654,0.2857142857142857,0.0,1.0,0
0.3829787234042554,0.35820895522388063,0.0,0.25,0
0.27586206896551724,0.38235294117647056,0.0,0.25,0
0.19354838709677424,0.32520325203252026,1.0,0.36923076923076925,0
0.967741935483871,1.0,1.0,1.0,1
0.9,1.0,1.0,1.0,1
0.9444444444444444,1.0,1.0,1.0,1
0.8095238095238095,1.0,1.0,1.0,1
0.6666666666666667,1.0,1.0,1.0,1
0.28,0.20512820512820518,0.0,0.2545454545454545,0
0.7241379310344827,1.0,1.0,1.0,1
0.7142857142857143,1.0,1.0,1.0,1
0.44999999999999996,0.3298969072164949,0.0,0.25,0
0.23076923076923073,0.3294117647058824,0.0,0.14678899082568808,0
0.923076923076923,1.0,1.0,1.0,1
0.32727272727272727,0.36363636363636365,0.0,0.23333333333333328,0
0.736842105263158,1.0,1.0,1.0,1
0.826086956521739,1.0,1.0,1.0,1
0.9333333333333332,1.0,1.0,1.0,1
0.3076923076923077,0.22499999999999998,0.0,1.0,0
0.38888888888888884,0.33613445378151263,0.0,0.35820895522388063,0
0.3829787234042554,0.3287671232876712,1.0,0.3597122302158273,0
0.6923076923076923,1.0,1.0,1.0,1
0.43478260869565216,0.2222222222222222,0.0,0.38095238095238093,0
0.8,1.0,1.0,1.0,1
0.9777777777777777,1.0,1.0,1.0,1
0.26086956521739135,0.2222222222222222,0.0,0.20895522388059706,0
0.9487179487179486,1.0,1.0,1.0,1
0.8918918918918919,1.0,1.0,1.0,1
0.6923076923076923,1.0,1.0,1.0,1
0.33333333333333337,0.32352941176470584,1.0,0.2857142857142857,0
0.9655172413793103,1.0,1.0,1.0,1
0.22857142857142854,0.31304347826086953,0.0,0.25,0
0.6190476190476191,1.0,1.0,1.0,1
0.2068965517241379,0.4126984126984127,0.0,0.3214285714285714,0
0.9767441860465115,1.0,1.0,1.0,1
0.8918918918918919,1.0,1.0,1.0,1
0.22857142857142854,0.4112149532710281,0.0,0.3529411764705882,0
0.7777777777777779,1.0,1.0,1.0,1
0.37209302325581395,0.22916666666666663,0.0,0.35820895522388063,0
0.29268292682926833,0.367816091954023,0.0,0.35820895522388063,0
0.16666666666666663,0.41379310344827597,0.0,0.25,0
0.9696969696969697,1.0,1.0,1.0,1
0.967741935483871,1.0,1.0,1.0,1
0.6,1.0,1.0,1.0,1
0.33333333333333337,0.3943661971830986,0.0,0.3597122302158273,0
0.32432432432432434,0.33333333333333337,0.0,0.5154639175257731,0
0.9743589743589743,1.0,1.0,1.0,1
0.8,1.0,1.0,1.0,1
0.6,1.0,1.0,1.0,1
0.826086956521739,1.0,1.0,1.0,1
0.42553191489361697,0.2931034482758621,1.0,0.45569620253164556,0
0.782608695652174,1.0,1.0,1.0,1
0.4444444444444444,0.36363636363636365,0.0,0.48,0
0.24,0.3035714285714286,0.0,0.5154639175257731,0
0.4067796610169492,0.36363636363636365,0.0,1.0,0
0.2962962962962963,0.31999999999999995,0.0,1.0,0
0.7428571428571429,0.3370786516853933,0.0,1.0,0
0.8333333333333335,1.0,1.0,1.0,1
0.7894736842105263,1.0,1.0,1.0,1
0.375,0.3666666666666667,0.0,0.3597122302158273,0
0.9333333333333332,1.0,1.0,1.0,1
0.2666666666666667,0.29931972789115646,0.0,0.2545454545454545,0
0.32258064516129037,0.3661971830985915,0.0,1.0,0
0.38095238095238093,0.3013698630136986,0.0,0.25,0
0.96,1.0,1.0,1.0,1
0.29268292682926833,0.3711340206185567,1.0,0.31746031746031744,0
0.23809523809523814,0.23529411764705888,0.0,0.31746031746031744,0
0.303030303030303,0.28888888888888886,0.0,1.0,0
0.41860465116279066,0.25806451612903225,0.0,1.0,0
0.33333333333333337,0.3076923076923077,0.0,0.14678899082568808,0
0.9491525423728814,1.0,1.0,1.0,1
0.24,0.0,0.0,0.4761904761904761,0
0.8571428571428572,1.0,1.0,1.0,1
0.2790697674418605,0.27118644067796616,0.0,0.3597122302158273,0
0.8431372549019608,1.0,1.0,1.0,1
0.8823529411764706,1.0,1.0,1.0,1
0.36363636363636365,0.34285714285714286,0.0,1.0,0
0.9655172413793103,1.0,1.0,1.0,1
0.7419354838709676,1.0,1.0,1.0,1
0.6666666666666667,1.0,1.0,1.0,1
0.368421052631579,0.2222222222222222,0.0,0.20895522388059706,0
0.3555555555555555,0.36065573770491793,0.0,0.25,0
0.8484848484848484,1.0,1.0,1.0,1
0.23076923076923073,0.3783783783783784,0.0,0.2545454545454545,0
0.339622641509434,0.291970802919708,0.0,0.3597122302158273,0
0.2222222222222222,0.30952380952380953,0.0,0.3783783783783784,0
0.8181818181818181,1.0,1.0,1.0,1
0.826086956521739,1.0,1.0,1.0,1
0.38095238095238093,0.25806451612903225,0.0,0.36923076923076925,0
0.6153846153846154,1.0,1.0,1.0,1
0.33333333333333337,0.28205128205128205,0.0,0.5454545454545454,0
0.32432432432432434,0.35820895522388063,0.0,0.25,0
0.8,1.0,1.0,1.0,1
0.2807017543859649,0.29032258064516125,0.0,1.0,0
0.8333333333333335,1.0,1.0,1.0,1
0.2962962962962963,0.2571428571428571,0.0,0.4761904761904761,0
0.37209302325581395,0.27184466019417475,0.0,0.2857142857142857,0
0.8,1.0,1.0,1.0,1
0.20512820512820518,0.27586206896551724,0.0,0.14814814814814814,0
0.2962962962962963,0.30927835051546393,0.0,0.35820895522388063,0
0.7777777777777779,1.0,1.0,1.0,1
0.814814814814815,1.0,1.0,1.0,1
0.23529411764705888,0.20895522388059706,0.0,0.2545454545454545,0
0.44999999999999996,0.3703703703703704,0.0,0.25,0
0.3076923076923077,0.384,0.0,1.0,0
0.782608695652174,1.0,1.0,1.0,1
0.8,1.0,1.0,1.0,1
0.7894736842105263,1.0,1.0,1.0,1
0.8620689655172413,1.0,1.0,1.0,1
0.3783783783783784,0.368421052631579,1.0,0.45569620253164556,0
0.6666666666666667,1.0,1.0,1.0,1
0.4545454545454546,0.3711340206185567,0.0,0.2545454545454545,0
0.31818181818181823,0.2558139534883721,0.0,0.42666666666666664,0
0.8823529411764706,1.0,1.0,1.0,1
0.8684210526315791,1.0,1.0,1.0,1
0.3448275862068966,0.0,1.0,0.36923076923076925,0
0.21739130434782605,0.24489795918367352,0.0,1.0,0
0.9428571428571427,1.0,1.0,1.0,1
0.4516129032258065,0.31034482758620685,0.0,0.25,0
0.5,0.4601769911504425,0.0,0.35820895522388063,0
0.3902439024390244,0.0,0.0,0.36363636363636365,0
0.39344262295081966,0.2857142857142857,1.0,0.45569620253164556,0
0.782608695652174,1.0,1.0,1.0,1
0.3783783783783784,0.28800000000000003,0.0,0.2545454545454545,0
0.375,0.3076923076923077,0.0,0.2857142857142857,0
0.972972972972973,1.0,1.0,1.0,1
0.32835820895522383,0.3370786516853933,1.0,0.5154639175257731,0
0.7333333333333334,1.0,1.0,1.0,1
0.9655172413793103,1.0,1.0,1.0,1
0.2692307692307693,0.2727272727272727,0.0,0.24390243902439024,0
0.34615384615384615,0.29931972789115646,1.0,0.25,0
0.6875,1.0,1.0,1.0,1
0.4390243902439024,0.40540540540540543,0.0,1.0,0
0.42553191489361697,0.21333333333333335,0.0,0.36363636363636365,0
0.8181818181818181,1.0,1.0,1.0,1
0.7619047619047619,1.0,1.0,1.0,1
0.32258064516129037,0.2857142857142857,0.0,1.0,0
0.7037037037037037,1.0,1.0,1.0,1
0.33333333333333337,0.34285714285714286,0.0,1.0,0
0.29268292682926833,0.3088235294117647,0.0,0.48,0
0.9696969696969697,1.0,1.0,1.0,1
0.9454545454545454,1.0,1.0,1.0,1
0.25,0.1923076923076923,0.0,1.0,0
0.34285714285714286,0.22857142857142854,0.0,0.14678899082568808,0
0.8,1.0,1.0,1.0,1
0.8787878787878788,1.0,1.0,1.0,1
0.38095238095238093,0.3458646616541353,0.0,0.3783783783783784,0
0.8947368421052632,1.0,1.0,1.0,1
0.38888888888888884,0.30000000000000004,0.0,0.31746031746031744,0
0.7777777777777779,1.0,1.0,1.0,1
0.7619047619047619,1.0,1.0,1.0,1
0.9583333333333335,1.0,1.0,1.0,1
0.8823529411764706,1.0,1.0,1.0,1
0.6190476190476191,1.0,1.0,1.0,1
0.9473684210526316,1.0,1.0,1.0,1
0.27586206896551724,0.2597402597402597,0.0,0.3597122302158273,0
0.8181818181818181,1.0,1.0,1.0,1
0.96,1.0,1.0,1.0,1
0.33333333333333337,0.375,0.0,0.23333333333333328,0
0.6521739130434783,1.0,1.0,1.0,1
0.7894736842105263,1.0,1.0,1.0,1
0.7142857142857143,1.0,1.0,1.0,1
0.7894736842105263,1.0,1.0,1.0,1
0.9743589743589743,1.0,1.0,1.0,1
0.9454545454545454,1.0,1.0,1.0,1
0.9696969696969697,1.0,1.0,1.0,1
0.826086956521739,1.0,1.0,1.0,1
0.6363636363636364,1.0,1.0,1.0,1
0.7894736842105263,1.0,1.0,1.0,1
0.7647058823529411,1.0,1.0,1.0,1
0.36363636363636365,0.34090909090909094,0.0,0.31746031746031744,0
0.8717948717948718,1.0,1.0,1.0,1
0.8181818181818181,1.0,1.0,1.0,1
0.7333333333333334,1.0,1.0,1.0,1
0.3157894736842105,0.35151515151515156,0.0,1.0,0
0.3448275862068966,0.27692307692307694,0.0,0.2545454545454545,0
0.7575757575757575,1.0,1.0,1.0,1
0.9411764705882352,1.0,1.0,1.0,1
0.3529411764705882,0.32727272727272727,0.0,1.0,0
0.6923076923076923,1.0,1.0,1.0,1
0.2702702702702703,0.33333333333333337,0.0,0.25,0
0.826086956521739,1.0,1.0,1.0,1
0.9454545454545454,1.0,1.0,1.0,1
0.7647058823529411,1.0,1.0,1.0,1
0.2790697674418605,0.28205128205128205,0.0,0.3597122302158273,0
0.3157894736842105,0.3561643835616438,0.0,1.0,0
0.3125,0.2954545454545454,0.0,0.25,0
0.75,1.0,1.0,1.0,1
0.23076923076923073,0.34090909090909094,0.0,0.3597122302158273,0
0.9714285714285714,1.0,1.0,1.0,1
0.326530612244898,0.23076923076923073,0.0,0.14814814814814814,0
0.3589743589743589,0.33333333333333337,0.0,1.0,0
0.8918918918918919,1.0,1.0,1.0,1
0.375,0.31999999999999995,1.0,0.25,0
0.2272727272727273,0.3703703703703704,0.0,0.4444444444444444,0
0.35820895522388063,0.35820895522388063,0.0,0.3783783783783784,0
0.7894736842105263,1.0,1.0,1.0,1
0.33333333333333337,0.3529411764705882,0.0,0.4761904761904761,0
0.4545454545454546,0.30107526881720426,0.0,0.35820895522388063,0
0.2857142857142857,0.3098591549295775,0.0,0.25,0
0.3902439024390244,0.18867924528301885,0.0,0.25,0
0.4242424242424242,0.28,1.0,0.25,0
0.2666666666666667,0.3157894736842105,0.0,0.25,0
0.33333333333333337,0.27956989247311825,0.0,0.3597122302158273,0
0.9473684210526316,1.0,1.0,1.0,1
0.5581395348837209,0.1834862385321101,0.0,1.0,0
0.3142857142857143,0.2682926829268293,1.0,0.25,0
0.6923076923076923,1.0,1.0,1.0,1
0.33333333333333337,0.2828282828282829,0.0,0.25,0
0.2857142857142857,0.29333333333333333,0.0,1.0,0
0.8333333333333335,1.0,1.0,1.0,1
0.39344262295081966,0.32394366197183105,0.0,0.2545454545454545,0
0.2857142857142857,0.30612244897959184,0.0,0.3597122302158273,0
0.37735849056603776,0.34615384615384615,1.0,1.0,0
0.32258064516129037,0.28865979381443296,0.0,1.0,0
0.7142857142857143,1.0,1.0,1.0,1
0.782608695652174,1.0,1.0,1.0,1
0.2592592592592593,0.27692307692307694,0.0,0.5154639175257731,0
0.5531914893617021,0.25,0.0,0.3529411764705882,0
0.3529411764705882,0.4,0.0,0.5154639175257731,0
0.95,1.0,1.0,1.0,1
0.32258064516129037,0.3076923076923077,0.0,0.35820895522388063,0
0.30188679245283023,0.28888888888888886,0.0,1.0,0
0.8095238095238095,1.0,1.0,1.0,1
0.962962962962963,1.0,1.0,1.0,1
0.7777777777777779,1.0,1.0,1.0,1
0.95,1.0,1.0,1.0,1
0.25,0.275,0.0,1.0,0
0.30188679245283023,0.22784810126582278,0.0,0.3783783783783784,0
0.736842105263158,1.0,1.0,1.0,1
0.7241379310344827,1.0,1.0,1.0,1
0.3921568627450981,0.3603603603603604,0.0,0.14814814814814814,0
0.2592592592592593,0.32380952380952377,0.0,1.0,0
0.3571428571428571,0.26086956521739135,0.0,0.3783783783783784,0
0.5625,0.25688073394495414,0.0,0.36363636363636365,0
0.3529411764705882,0.31999999999999995,1.0,0.25,0
0.339622641509434,0.31999999999999995,0.0,0.3597122302158273,0
0.2962962962962963,0.35789473684210527,0.0,0.48,0
0.4117647058823529,0.2978723404255319,0.0,0.3597122302158273,0
0.3414634146341463,0.2702702702702703,0.0,0.14814814814814814,0
0.34042553191489366,0.28148148148148144,0.0,0.3597122302158273,0
0.19999999999999996,0.27083333333333337,0.0,0.25,0
0.25,0.32098765432098764,0.0,0.3597122302158273,0
0.8181818181818181,1.0,1.0,1.0,1
0.3414634146341463,0.3188405797101449,0.0,0.23333333333333328,0
0.2777777777777778,0.33333333333333337,1.0,1.0,0
0.2857142857142857,0.16666666666666663,0.0,0.3783783783783784,0
0.4,0.3516483516483516,0.0,0.25,0
0.9565217391304348,1.0,1.0,1.0,1
0.7575757575757575,1.0,1.0,1.0,1
0.782608695652174,1.0,1.0,1.0,1
0.25531914893617025,0.2692307692307693,0.0,0.25,0
0.8,1.0,1.0,1.0,1
0.8095238095238095,1.0,1.0,1.0,1
0.2857142857142857,0.42038216560509556,0.0,0.3597122302158273,0
0.26315789473684215,0.25,0.0,0.14678899082568808,0
0.8666666666666667,1.0,1.0,1.0,1
0.8,1.0,1.0,1.0,1
0.41860465116279066,0.3833333333333333,0.0,0.35820895522388063,0
0.7894736842105263,1.0,1.0,1.0,1
0.23809523809523814,0.2777777777777778,0.0,0.2545454545454545,0
0.3414634146341463,0.2804878048780488,0.0,0.30508474576271183,0
0.4285714285714286,0.37735849056603776,0.0,0.2545454545454545,0
0.7777777777777779,1.0,1.0,1.0,1
0.24,0.32098765432098764,1.0,0.14678899082568808,0
0.3111111111111111,0.2680412371134021,0.0,1.0,0
0.31818181818181823,0.2586206896551724,0.0,0.2068965517241379,0
0.7948717948717949,1.0,1.0,1.0,1
0.3278688524590164,0.21505376344086025,0.0,0.2545454545454545,0
0.814814814814815,1.0,1.0,1.0,1
0.28125,0.276595744680851,0.0,1.0,0
0.9090909090909091,1.0,1.0,1.0,1
0.36734693877551017,0.29729729729729726,0.0,0.36363636363636365,0
0.9655172413793103,1.0,1.0,1.0,1
0.36065573770491793,0.31999999999999995,0.0,0.36923076923076925,0
0.8421052631578947,0.27118644067796616,0.0,0.2545454545454545,0
0.36363636363636365,0.38235294117647056,0.0,0.3597122302158273,0
0.8571428571428572,1.0,1.0,1.0,1
0.26086956521739135,0.302158273381295,0.0,0.3214285714285714,0
0.9,1.0,1.0,1.0,1
0.8,1.0,1.0,1.0,1
0.326530612244898,0.2045454545454546,0.0,0.25,0
0.9523809523809522,1.0,1.0,1.0,1
0.7241379310344827,1.0,1.0,1.0,1
0.24242424242424243,0.1785714285714286,1.0,0.35820895522388063,0
0.9,1.0,1.0,1.0,1
0.8648648648648648,1.0,1.0,1.0,1
0.30000000000000004,0.29166666666666663,0.0,1.0,0
0.4,0.23300970873786409,0.0,0.14678899082568808,0
0.8,1.0,1.0,1.0,1
0.36363636363636365,0.22784810126582278,0.0,1.0,0
0.68,1.0,1.0,1.0,1
0.2857142857142857,0.32499999999999996,0.0,0.41379310344827597,0
0.8461538461538461,1.0,1.0,1.0,1
0.967741935483871,1.0,1.0,1.0,1
0.826086956521739,1.0,1.0,1.0,1
0.3137254901960784,0.19672131147540983,1.0,0.45569620253164556,0
0.30000000000000004,0.23684210526315785,0.0,0.2727272727272727,0
0.875,1.0,1.0,1.0,1
0.27586206896551724,0.303030303030303,0.0,1.0,0
0.4,0.12345679012345678,0.0,0.5154639175257731,0
0.8974358974358975,1.0,1.0,1.0,1
0.34285714285714286,0.3370786516853933,0.0,0.38095238095238093,0
0.95,1.0,1.0,1.0,1
0.27586206896551724,0.2429906542056075,0.0,0.42666666666666664,0
0.75,1.0,1.0,1.0,1
0.2857142857142857,0.33333333333333337,0.0,0.31746031746031744,0
0.2962962962962963,0.3025210084033614,0.0,0.2222222222222222,0
0.8,1.0,1.0,1.0,1
0.8888888888888888,1.0,1.0,1.0,1
0.3448275862068966,0.34210526315789463,0.0,1.0,0
0.32432432432432434,0.2784810126582279,0.0,0.5714285714285714,0
0.3157894736842105,0.3653846153846154,0.0,0.25,0
0.6521739130434783,1.0,1.0,1.0,1
0.2777777777777778,0.19999999999999996,0.0,0.25,0
0.8461538461538461,1.0,1.0,1.0,1
0.375,0.4,0.0,0.48,0
0.8974358974358975,1.0,1.0,1.0,1
0.6363636363636364,1.0,1.0,1.0,1
0.30434782608695654,0.33333333333333337,0.0,0.25,0
0.7241379310344827,1.0,1.0,1.0,1
0.9545454545454546,1.0,1.0,1.0,1
0.25,0.2191780821917808,0.0,0.23333333333333328,0
0.2962962962962963,0.2588235294117647,0.0,1.0,0
0.3555555555555555,0.29268292682926833,0.0,1.0,0
0.4117647058823529,0.3194444444444444,0.0,0.3597122302158273,0
0.7894736842105263,1.0,1.0,1.0,1
0.9411764705882352,1.0,1.0,1.0,1
0.4,0.2153846153846154,0.0,1.0,0
0.2790697674418605,0.2727272727272727,0.0,0.3597122302158273,0
0.8518518518518519,1.0,1.0,1.0,1
0.2978723404255319,0.3564356435643564,0.0,1.0,0
0.25,0.276595744680851,0.0,0.3597122302158273,0
0.8275862068965517,1.0,1.0,1.0,1
0.35,0.3551401869158879,0.0,0.43333333333333335,0
0.3529411764705882,0.2909090909090909,0.0,1.0,0
0.8518518518518519,1.0,1.0,1.0,1
0.326530612244898,0.4193548387096774,0.0,1.0,0
0.7777777777777779,1.0,1.0,1.0,1
0.8461538461538461,1.0,1.0,1.0,1
0.7647058823529411,1.0,1.0,1.0,1
0.44999999999999996,0.5098039215686274,1.0,0.25,0
0.2222222222222222,0.3007518796992481,0.0,0.3783783783783784,0
0.8333333333333335,1.0,1.0,1.0,1
0.7222222222222221,1.0,1.0,1.0,1
0.7619047619047619,1.0,1.0,1.0,1
0.5555555555555556,1.0,1.0,1.0,1
0.2941176470588235,0.28888888888888886,0.0,0.35820895522388063,0
0.3137254901960784,0.32258064516129037,0.0,0.20895522388059706,0
0.3111111111111111,0.3448275862068966,0.0,0.35820895522388063,0
0.8333333333333335,1.0,1.0,1.0,1
0.32432432432432434,0.303030303030303,1.0,1.0,0
0.34285714285714286,0.23931623931623935,0.0,0.25,0
0.923076923076923,1.0,1.0,1.0,1
0.30188679245283023,0.2941176470588235,0.0,0.36923076923076925,0
0.3902439024390244,0.41558441558441556,0.0,0.2545454545454545,0
0.3529411764705882,0.276595744680851,0.0,0.45569620253164556,0
0.5555555555555556,1.0,1.0,1.0,1
0.9473684210526316,1.0,1.0,1.0,1
0.33333333333333337,0.2666666666666667,0.0,0.25,0
0.3589743589743589,0.0,0.0,0.4761904761904761,0
0.7894736842105263,1.0,1.0,1.0,1
0.3448275862068966,0.32098765432098764,0.0,0.38095238095238093,0
0.7333333333333334,1.0,1.0,1.0,1
0.303030303030303,0.5098039215686274,0.0,1.0,0
0.7714285714285716,1.0,1.0,1.0,1
0.3529411764705882,0.3146067415730337,0.0,0.288135593220339,0
0.95,1.0,1.0,1.0,1
0.7777777777777779,1.0,1.0,1.0,1
0.9444444444444444,1.0,1.0,1.0,1
0.8095238095238095,1.0,1.0,1.0,1
0.7241379310344827,1.0,1.0,1.0,1
0.7619047619047619,1.0,1.0,1.0,1
0.3076923076923077,0.2823529411764706,0.0,0.25,0
0.4666666666666666,1.0,1.0,1.0,1
0.3414634146341463,0.3137254901960784,1.0,0.24,0
0.33333333333333337,0.3287671232876712,0.0,1.0,0
0.826086956521739,1.0,1.0,1.0,1
0.38095238095238093,0.3287671232876712,0.0,0.3597122302158273,0
0.2068965517241379,0.4275862068965517,0.0,0.2857142857142857,0
0.8181818181818181,1.0,1.0,1.0,1
0.23255813953488372,0.31404958677685946,0.0,0.23076923076923073,0
0.68,1.0,1.0,1.0,1
0.8518518518518519,1.0,1.0,1.0,1
0.3870967741935484,0.3846153846153846,0.0,0.2857142857142857,0
0.26315789473684215,0.31707317073170727,0.0,0.3597122302158273,0
0.3870967741935484,0.3076923076923077,0.0,0.14678899082568808,0
0.9767441860465115,1.0,1.0,1.0,1
0.17142857142857137,0.3908045977011494,0.0,1.0,0
0.34615384615384615,0.27118644067796616,1.0,0.3597122302158273,0
0.962962962962963,1.0,1.0,1.0,1
0.4,0.37209302325581395,0.0,0.48,0
0.68,1.0,1.0,1.0,1
0.3111111111111111,0.3555555555555555,0.0,1.0,0
0.7894736842105263,1.0,1.0,1.0,1
0.9589041095890412,1.0,1.0,1.0,1
0.9,1.0,1.0,1.0,1
0.96,1.0,1.0,1.0,1
0.3414634146341463,0.27368421052631575,0.0,1.0,0
0.4705882352941176,0.3548387096774194,1.0,0.2545454545454545,0
0.29166666666666663,0.34782608695652173,0.0,0.4761904761904761,0
0.45714285714285713,0.276595744680851,0.0,0.3941605839416058,0
0.3414634146341463,0.16393442622950816,0.0,0.38095238095238093,0
0.3214285714285714,0.34408602150537637,0.0,0.2545454545454545,0
0.36363636363636365,0.29268292682926833,0.0,0.36363636363636365,0
0.2790697674418605,0.22916666666666663,0.0,1.0,0
0.3548387096774194,0.2666666666666667,0.0,0.25,0
0.7333333333333334,1.0,1.0,1.0,1
0.303030303030303,0.2524271844660194,0.0,0.25,0
0.975609756097561,1.0,1.0,1.0,1
0.96,1.0,1.0,1.0,1
0.8518518518518519,1.0,1.0,1.0,1
0.3448275862068966,0.4464285714285714,1.0,0.3589743589743589,0
0.25531914893617025,0.41666666666666663,0.0,0.45569620253164556,0
0.9333333333333332,1.0,1.0,1.0,1
0.3902439024390244,0.3076923076923077,0.0,0.2857142857142857,0
0.8684210526315791,1.0,1.0,1.0,1
0.8181818181818181,1.0,1.0,1.0,1
0.26086956521739135,0.3106796116504854,0.0,0.41333333333333333,0
0.37209302325581395,0.2894736842105263,0.0,0.25,0
0.2727272727272727,0.27083333333333337,0.0,0.25,0
0.32558139534883723,0.2909090909090909,0.0,0.25,0
0.16666666666666663,0.37735849056603776,0.0,0.25,0
0.9459459459459459,1.0,1.0,1.0,1
0.18181818181818177,0.33333333333333337,0.0,1.0,0
0.23076923076923073,0.0,0.0,0.25,0
0.9655172413793103,1.0,1.0,1.0,1
0.4285714285714286,0.29729729729729726,0.0,0.36923076923076925,0
0.8387096774193549,1.0,1.0,1.0,1
0.30188679245283023,0.28037383177570097,0.0,1.0,0
0.9545454545454546,1.0,1.0,1.0,1
0.8571428571428572,1.0,1.0,1.0,1
0.3783783783783784,0.27692307692307694,0.0,1.0,0
0.6666666666666667,1.0,1.0,1.0,1
0.5,0.3589743589743589,0.0,1.0,0
0.3076923076923077,0.34355828220858897,1.0,0.25,0
0.9565217391304348,1.0,1.0,1.0,1
0.2702702702702703,0.29824561403508776,0.0,0.45569620253164556,0
0.9583333333333335,1.0,1.0,1.0,1
0.8888888888888888,1.0,1.0,1.0,1
0.27586206896551724,0.2597402597402597,0.0,1.0,0
0.7142857142857143,1.0,1.0,1.0,1
0.7647058823529411,1.0,1.0,1.0,1
0.36734693877551017,0.33333333333333337,0.0,0.25,0
0.32558139534883723,0.31034482758620685,0.0,0.4761904761904761,0
0.2162162162162162,0.24242424242424243,0.0,0.3597122302158273,0
0.68,1.0,1.0,1.0,1
0.33333333333333337,0.3142857142857143,0.0,0.22857142857142854,0
0.2692307692307693,0.33870967741935487,0.0,0.3597122302158273,0
0.33333333333333337,0.2588235294117647,0.0,1.0,0
0.35,0.3287671232876712,0.0,1.0,0
0.68,1.0,1.0,1.0,1
0.2666666666666667,0.3471074380165289,0.0,0.48,0
0.3555555555555555,0.25,0.0,0.3597122302158273,0
0.9583333333333335,1.0,1.0,1.0,1
0.4444444444444444,0.30000000000000004,0.0,0.2068965517241379,0
0.26315789473684215,0.31496062992125984,0.0,0.23333333333333328,0
0.4285714285714286,0.19999999999999996,0.0,0.34782608695652173,0
0.8518518518518519,1.0,1.0,1.0,1
0.4390243902439024,0.0,1.0,0.41666666666666663,0
0.8333333333333335,1.0,1.0,1.0,1
0.6923076923076923,1.0,1.0,1.0,1
0.9655172413793103,1.0,1.0,1.0,1
0.96,1.0,1.0,1.0,1
0.782608695652174,1.0,1.0,1.0,1
0.962962962962963,1.0,1.0,1.0,1
0.95,1.0,1.0,1.0,1
0.37142857142857144,0.2545454545454545,1.0,0.3597122302158273,0
0.3448275862068966,0.2191780821917808,0.0,1.0,0
0.30508474576271183,0.359375,0.0,0.2222222222222222,0
0.7142857142857143,1.0,1.0,1.0,1
0.8823529411764706,1.0,1.0,1.0,1
0.25531914893617025,0.3119266055045872,0.0,0.2857142857142857,0
0.2564102564102564,0.2417582417582418,0.0,0.25,0
0.962962962962963,1.0,1.0,1.0,1
0.6428571428571428,1.0,1.0,1.0,1
0.2222222222222222,0.0,0.0,0.3492063492063492,0
0.8181818181818181,1.0,1.0,1.0,1
0.2142857142857143,0.20202020202020202,0.0,0.45569620253164556,0
0.9696969696969697,1.0,1.0,1.0,1
0.303030303030303,0.35185185185185186,0.0,0.25,0
0.7894736842105263,1.0,1.0,1.0,1
0.2545454545454545,0.3902439024390244,0.0,0.25,0
0.2857142857142857,0.3846153846153846,0.0,0.45569620253164556,0
0.7777777777777779,1.0,1.0,1.0,1
0.9523809523809522,1.0,1.0,1.0,1
0.29268292682926833,0.18181818181818177,0.0,0.25,0
0.2702702702702703,0.3970588235294118,0.0,0.24137931034482762,0
0.4,0.24096385542168675,0.0,0.3597122302158273,0
0.25396825396825395,0.22580645161290325,0.0,0.14678899082568808,0
0.25,0.33599999999999997,0.0,0.23333333333333328,0
0.7647058823529411,1.0,1.0,1.0,1
0.375,0.2921348314606742,1.0,0.43333333333333335,0
0.3076923076923077,0.27368421052631575,0.0,0.4,0
0.30434782608695654,0.19354838709677424,1.0,0.2857142857142857,0
0.7894736842105263,1.0,1.0,1.0,1
0.967741935483871,1.0,1.0,1.0,1
0.7222222222222221,1.0,1.0,1.0,1
0.8888888888888888,1.0,1.0,1.0,1
0.967741935483871,1.0,1.0,1.0,1
0.967741935483871,1.0,1.0,1.0,1
0.826086956521739,1.0,1.0,1.0,1
0.34782608695652173,0.2962962962962963,0.0,0.5154639175257731,0
0.23076923076923073,0.26890756302521013,0.0,0.288135593220339,0
0.8095238095238095,1.0,1.0,1.0,1
0.3076923076923077,0.2857142857142857,0.0,0.5454545454545454,0
0.2962962962962963,0.23188405797101452,0.0,0.25,0
0.6923076923076923,1.0,1.0,1.0,1
0.36363636363636365,0.3008849557522124,0.0,0.2545454545454545,0
0.368421052631579,0.3088235294117647,0.0,0.4,0
0.3278688524590164,0.34,0.0,1.0,0
0.9655172413793103,1.0,1.0,1.0,1
0.3055555555555556,0.3278688524590164,0.0,0.25,0
0.31818181818181823,0.29702970297029707,0.0,0.3597122302158273,0
0.5,0.3733333333333333,0.0,0.25,0
0.30434782608695654,0.3111111111111111,0.0,0.42666666666666664,0
0.7647058823529411,1.0,1.0,1.0,1
0.2978723404255319,0.2524271844660194,0.0,0.4444444444444444,0
0.36363636363636365,0.38,0.0,0.35820895522388063,0
0.7037037037037037,1.0,1.0,1.0,1
0.9433962264150944,1.0,1.0,1.0,1
0.6363636363636364,1.0,1.0,1.0,1
0.7948717948717949,1.0,1.0,1.0,1
0.8518518518518519,1.0,1.0,1.0,1
0.32258064516129037,0.33898305084745756,0.0,0.31746031746031744,0
0.4117647058823529,0.2702702702702703,0.0,0.2857142857142857,0
0.326530612244898,0.3026315789473685,1.0,0.3941605839416058,0
0.8076923076923077,1.0,1.0,1.0,1
0.2777777777777778,0.2153846153846154,0.0,0.14678899082568808,0
0.3783783783783784,0.3544303797468354,1.0,0.33333333333333337,0
0.975609756097561,1.0,1.0,1.0,1
0.2790697674418605,0.2615384615384615,0.0,0.43333333333333335,0
0.18181818181818177,0.3098591549295775,0.0,0.3783783783783784,0
0.7333333333333334,1.0,1.0,1.0,1
0.782608695652174,1.0,1.0,1.0,1
0.34285714285714286,0.33333333333333337,0.0,0.35820895522388063,0
0.8,1.0,1.0,1.0,1
0.9375,1.0,1.0,1.0,1
0.3448275862068966,0.21666666666666667,0.0,1.0,0
0.3076923076923077,0.3835616438356164,0.0,0.4761904761904761,0
0.3448275862068966,0.3370786516853933,0.0,0.25,0
0.33333333333333337,0.31496062992125984,1.0,0.3597122302158273,0
0.8709677419354839,1.0,1.0,1.0,1
0.7916666666666665,1.0,1.0,1.0,1
0.8181818181818181,1.0,1.0,1.0,1
0.33333333333333337,0.3157894736842105,0.0,0.14814814814814814,0
0.36111111111111116,0.2978723404255319,0.0,0.36363636363636365,0
0.75,1.0,1.0,1.0,1
0.7916666666666665,1.0,1.0,1.0,1
0.962962962962963,1.0,1.0,1.0,1
0.9459459459459459,1.0,1.0,1.0,1
0.7837837837837838,1.0,1.0,1.0,1
0.8181818181818181,1.0,1.0,1.0,1
0.31746031746031744,0.33644859813084116,0.0,0.31746031746031744,0
0.24242424242424243,0.30434782608695654,0.0,0.14814814814814814,0
0.2857142857142857,0.265625,0.0,1.0,0
0.9545454545454546,1.0,1.0,1.0,1
0.5,1.0,1.0,1.0,1
0.3384615384615385,0.3035714285714286,0.0,0.23076923076923073,0
0.84,1.0,1.0,1.0,1
0.1875,0.2857142857142857,0.0,0.25,0
0.3870967741935484,0.26168224299065423,1.0,0.4675324675324676,0
0.3666666666666667,0.3088235294117647,0.0,0.14678899082568808,0
0.75,1.0,1.0,1.0,1
0.6923076923076923,1.0,1.0,1.0,1
0.9696969696969697,1.0,1.0,1.0,1
0.8333333333333335,1.0,1.0,1.0,1
0.3111111111111111,0.24390243902439024,0.0,0.35820895522388063,0
0.5161290322580645,0.39473684210526316,0.0,0.25,0
0.96,1.0,1.0,1.0,1
0.3870967741935484,0.28888888888888886,1.0,0.48,0
0.19999999999999996,0.2545454545454545,0.0,0.48,0
0.9565217391304348,1.0,1.0,1.0,1
0.18181818181818177,0.26530612244897955,0.0,0.23076923076923073,0
0.7894736842105263,1.0,1.0,1.0,1
0.3157894736842105,0.3508771929824561,0.0,0.35820895522388063,0
0.30000000000000004,0.423728813559322,0.0,0.3783783783783784,0
0.30434782608695654,0.30188679245283023,0.0,0.35820895522388063,0
0.2564102564102564,0.14414414414414412,0.0,0.36923076923076925,0
0.84,1.0,1.0,1.0,1
0.3448275862068966,0.30000000000000004,0.0,1.0,0
0.29268292682926833,0.4,0.0,0.25,0
0.9473684210526316,1.0,1.0,1.0,1
0.9655172413793103,1.0,1.0,1.0,1
0.39130434782608686,0.21333333333333335,0.0,0.14678899082568808,0
0.8181818181818181,1.0,1.0,1.0,1
0.7619047619047619,1.0,1.0,1.0,1
0.9714285714285714,1.0,1.0,1.0,1
0.826086956521739,1.0,1.0,1.0,1
0.6363636363636364,1.0,1.0,1.0,1
0.2857142857142857,0.35955056179775285,0.0,0.25,0
0.2666666666666667,0.38383838383838387,0.0,0.5714285714285714,0
0.125,0.41666666666666663,0.0,1.0,0
0.36,0.33333333333333337,0.0,0.33333333333333337,0
0.34285714285714286,0.3366336633663366,0.0,1.0,0
0.24242424242424243,0.42622950819672134,1.0,0.14678899082568808,0
0.25806451612903225,0.3703703703703704,0.0,0.3783783783783784,0
0.36734693877551017,0.32432432432432434,0.0,0.48,0
0.29166666666666663,0.29885057471264365,0.0,0.14678899082568808,0
0.8787878787878788,1.0,1.0,1.0,1
0.6363636363636364,1.0,1.0,1.0,1
0.30000000000000004,0.39370078740157477,0.0,0.35820895522388063,0
0.7142857142857143,1.0,1.0,1.0,1
0.9696969696969697,1.0,1.0,1.0,1
0.3076923076923077,0.26086956521739135,0.0,0.25,0
0.9444444444444444,1.0,1.0,1.0,1
0.375,0.2857142857142857,0.0,0.3214285714285714,0
0.96,1.0,1.0,1.0,1
0.29729729729729726,0.2962962962962963,0.0,0.3783783783783784,0
0.826086956521739,1.0,1.0,1.0,1
0.2068965517241379,0.2857142857142857,0.0,0.2857142857142857,0
0.3137254901960784,0.24444444444444446,0.0,0.31746031746031744,0
0.9565217391304348,1.0,1.0,1.0,1
0.2857142857142857,0.31707317073170727,0.0,0.4,0
0.8571428571428572,1.0,1.0,1.0,1
0.8518518518518519,1.0,1.0,1.0,1
0.8095238095238095,1.0,1.0,1.0,1
0.2162162162162162,0.23188405797101452,0.0,0.25,0
0.7647058823529411,1.0,1.0,1.0,1
0.33333333333333337,0.3125,0.0,0.5154639175257731,0
0.8,1.0,1.0,1.0,1
0.7948717948717949,1.0,1.0,1.0,1
0.26086956521739135,0.42384105960264906,0.0,1.0,0
0.8,1.0,1.0,1.0,1
0.41666666666666663,0.2828282828282829,0.0,0.3597122302158273,0
0.7777777777777779,1.0,1.0,1.0,1
0.8076923076923077,1.0,1.0,1.0,1
0.5789473684210527,1.0,1.0,1.0,1
0.32432432432432434,0.34666666666666673,0.0,0.25,0
0.303030303030303,0.28205128205128205,0.0,0.25,0
0.36363636363636365,0.29166666666666663,0.0,1.0,0
0.38095238095238093,0.288135593220339,0.0,1.0,0
0.9047619047619048,1.0,1.0,1.0,1
0.34285714285714286,0.32258064516129037,0.0,0.2727272727272727,0
0.6363636363636364,1.0,1.0,1.0,1
0.4242424242424242,0.3076923076923077,0.0,0.31746031746031744,0
0.8095238095238095,1.0,1.0,1.0,1
0.42622950819672134,0.3972602739726028,0.0,0.5154639175257731,0
0.9514563106796117,1.0,1.0,1.0,1
0.962962962962963,1.0,1.0,1.0,1
0.7948717948717949,1.0,1.0,1.0,1
0.25,0.20588235294117652,0.0,0.34285714285714286,0
0.29166666666666663,0.3669724770642202,0.0,0.4242424242424242,0
0.782608695652174,1.0,1.0,1.0,1
0.75,1.0,1.0,1.0,1
0.26086956521739135,0.27450980392156865,0.0,0.20895522388059706,0
0.826086956521739,1.0,1.0,1.0,1
0.8518518518518519,1.0,1.0,1.0,1
0.31818181818181823,0.2471910112359551,0.0,1.0,0
0.35,0.2777777777777778,0.0,0.2857142857142857,0
0.3013698630136986,0.28888888888888886,0.0,1.0,0
0.8809523809523809,1.0,1.0,1.0,1
0.8936170212765957,1.0,1.0,1.0,1
0.9777777777777777,1.0,1.0,1.0,1
0.8095238095238095,1.0,1.0,1.0,1
0.26086956521739135,0.32432432432432434,0.0,1.0,0
0.4,0.14035087719298245,0.0,1.0,0
0.7575757575757575,1.0,1.0,1.0,1
0.2666666666666667,0.2975206611570248,0.0,0.25,0
0.8461538461538461,1.0,1.0,1.0,1
0.3076923076923077,0.2247191011235955,0.0,1.0,0
0.15384615384615385,0.2545454545454545,0.0,0.1333333333333333,0
0.95,1.0,1.0,1.0,1
0.27450980392156865,0.4415584415584416,0.0,1.0,0
0.33333333333333337,0.2654867256637168,0.0,1.0,0
0.8888888888888888,1.0,1.0,1.0,1
0.8181818181818181,1.0,1.0,1.0,1
0.33333333333333337,0.2777777777777778,0.0,0.3783783783783784,0
0.3278688524590164,0.36363636363636365,0.0,0.3597122302158273,0
0.8214285714285714,1.0,1.0,1.0,1
0.5,0.38749999999999996,0.0,0.34285714285714286,0
0.7916666666666665,1.0,1.0,1.0,1
0.9743589743589743,1.0,1.0,1.0,1
0.8461538461538461,1.0,1.0,1.0,1
0.9655172413793103,1.0,1.0,1.0,1
0.9473684210526316,1.0,1.0,1.0,1
0.25806451612903225,0.32478632478632474,0.0,0.45569620253164556,0
0.32558139534883723,0.23529411764705888,0.0,0.48,0
0.84,1.0,1.0,1.0,1
0.95,1.0,1.0,1.0,1
0.8095238095238095,1.0,1.0,1.0,1
0.2857142857142857,0.36363636363636365,1.0,0.2545454545454545,0
0.1777777777777778,0.30508474576271183,0.0,0.38095238095238093,0
0.804878048780488,1.0,1.0,1.0,1
0.9714285714285714,1.0,1.0,1.0,1
0.33333333333333337,0.34951456310679613,0.0,0.25,0
0.8222222222222222,1.0,1.0,1.0,1
0.9333333333333332,1.0,1.0,1.0,1
0.23529411764705888,0.28037383177570097,0.0,0.38095238095238093,0
0.736842105263158,1.0,1.0,1.0,1
0.36363636363636365,0.33587786259541985,1.0,0.14678899082568808,0
0.7777777777777779,1.0,1.0,1.0,1
0.33333333333333337,0.37142857142857144,0.0,0.2545454545454545,0
0.8333333333333335,1.0,1.0,1.0,1
0.7619047619047619,1.0,1.0,1.0,1
0.8095238095238095,1.0,1.0,1.0,1
0.30434782608695654,0.4705882352941176,1.0,1.0,0
0.2857142857142857,0.2588235294117647,0.0,1.0,0
0.9545454545454546,1.0,1.0,1.0,1
0.7727272727272727,1.0,1.0,1.0,1
0.962962962962963,1.0,1.0,1.0,1
0.7333333333333334,1.0,1.0,1.0,1
0.27450980392156865,0.3703703703703704,0.0,1.0,0
0.967741935483871,1.0,1.0,1.0,1
0.37209302325581395,0.32307692307692304,0.0,0.4,0
0.2941176470588235,0.4242424242424242,0.0,0.14814814814814814,0
0.24,0.2748091603053435,0.0,0.14678899082568808,0
0.9696969696969697,1.0,1.0,1.0,1
0.9714285714285714,1.0,1.0,1.0,1
0.2941176470588235,0.2588235294117647,0.0,1.0,0
0.8666666666666667,1.0,1.0,1.0,1
0.7647058823529411,1.0,1.0,1.0,1
0.7777777777777779,1.0,1.0,1.0,1
0.8709677419354839,1.0,1.0,1.0,1
0.6666666666666667,1.0,1.0,1.0,1
0.32432432432432434,0.23076923076923073,0.0,0.3783783783783784,0
0.36363636363636365,0.2990654205607477,0.0,0.25,0
0.9696969696969697,1.0,1.0,1.0,1
0.8181818181818181,1.0,1.0,1.0,1
0.4,0.30379746835443033,0.0,1.0,0
0.6857142857142857,0.2823529411764706,0.0,1.0,0
0.3846153846153846,0.31818181818181823,0.0,1.0,0
0.9473684210526316,1.0,1.0,1.0,1
0.36363636363636365,0.2716049382716049,0.0,0.3597122302158273,0
0.9473684210526316,1.0,1.0,1.0,1
0.3921568627450981,0.33599999999999997,1.0,0.5154639175257731,0
0.4,0.2909090909090909,0.0,1.0,0
0.36363636363636365,0.3188405797101449,0.0,0.35820895522388063,0
0.41666666666666663,0.4415584415584416,1.0,0.3214285714285714,0
0.2790697674418605,0.29166666666666663,0.0,0.45569620253164556,0
0.7777777777777779,1.0,1.0,1.0,1
0.3902439024390244,0.34042553191489366,0.0,0.3597122302158273,0
0.8387096774193549,1.0,1.0,1.0,1
0.19512195121951215,0.28985507246376807,0.0,0.25,0
0.27118644067796616,0.2777777777777778,1.0,0.34782608695652173,0
0.5263157894736843,0.2857142857142857,0.0,0.14678899082568808,0
0.9545454545454546,1.0,1.0,1.0,1
0.38095238095238093,0.24,0.0,0.33333333333333337,0
0.2777777777777778,0.39344262295081966,0.0,0.3597122302158273,0
0.33333333333333337,0.29824561403508776,0.0,0.5154639175257731,0
0.9333333333333332,1.0,1.0,1.0,1
0.8518518518518519,1.0,1.0,1.0,1
0.5833333333333333,0.31858407079646023,0.0,0.25,0
0.2941176470588235,0.23188405797101452,0.0,0.4545454545454546,0
0.8333333333333335,1.0,1.0,1.0,1
0.2702702702702703,0.2696629213483146,0.0,0.25,0
0.3571428571428571,0.3870967741935484,0.0,0.36363636363636365,0
0.34666666666666673,0.28037383177570097,0.0,0.3278688524590164,0
0.40909090909090906,0.33613445378151263,0.0,0.42666666666666664,0
0.31999999999999995,0.2682926829268293,0.0,0.2702702702702703,0
0.9387755102040817,1.0,1.0,1.0,1
0.8518518518518519,1.0,1.0,1.0,1
0.3157894736842105,0.36734693877551017,0.0,1.0,0
0.84,1.0,1.0,1.0,1
0.3157894736842105,0.3076923076923077,1.0,0.35820895522388063,0
0.8181818181818181,1.0,1.0,1.0,1
0.303030303030303,0.29268292682926833,0.0,0.35820895522388063,0
0.944,1.0,1.0,1.0,1
0.23529411764705888,0.32558139534883723,0.0,0.4761904761904761,0
0.7916666666666665,1.0,1.0,1.0,1
0.84,1.0,1.0,1.0,1
0.22857142857142854,0.3035714285714286,0.0,0.2545454545454545,0
0.27118644067796616,0.2962962962962963,0.0,0.2545454545454545,0
0.9655172413793103,1.0,1.0,1.0,1
0.75,1.0,1.0,1.0,1
0.7142857142857143,1.0,1.0,1.0,1
0.22857142857142854,0.20512820512820518,0.0,0.3597122302158273,0
0.7619047619047619,1.0,1.0,1.0,1
0.923076923076923,1.0,1.0,1.0,1
0.40909090909090906,0.2716049382716049,1.0,0.2222222222222222,0
0.9069767441860467,1.0,1.0,1.0,1
0.8461538461538461,1.0,1.0,1.0,1
0.9803921568627451,1.0,1.0,1.0,1
0.25,0.34090909090909094,0.0,1.0,0
0.2790697674418605,0.15555555555555556,0.0,0.25,0
0.8387096774193549,1.0,1.0,1.0,1
0.8857142857142857,1.0,1.0,1.0,1
0.5714285714285714,0.2142857142857143,0.0,0.25,0
0.84375,1.0,1.0,1.0,1
0.8571428571428572,1.0,1.0,1.0,1
0.8461538461538461,1.0,1.0,1.0,1
0.9523809523809522,1.0,1.0,1.0,1
0.33333333333333337,0.3544303797468354,0.0,0.48,0
0.27118644067796616,0.2912621359223301,0.0,0.25,0
0.29166666666666663,0.2727272727272727,0.0,1.0,0
0.75,1.0,1.0,1.0,1
0.6190476190476191,1.0,1.0,1.0,1
0.24,0.34666666666666673,0.0,0.14678899082568808,0
0.8974358974358975,1.0,1.0,1.0,1
0.33333333333333337,0.3829787234042554,0.0,0.42666666666666664,0
0.6190476190476191,1.0,1.0,1.0,1
0.3529411764705882,0.31034482758620685,0.0,0.36923076923076925,0
0.6923076923076923,1.0,1.0,1.0,1
0.3157894736842105,0.3738317757009347,0.0,0.25,0
0.9615384615384616,1.0,1.0,1.0,1
0.9361702127659575,1.0,1.0,1.0,1
0.75,1.0,1.0,1.0,1
0.33898305084745756,0.25,0.0,1.0,0
0.5333333333333333,0.37398373983739847,0.0,0.14814814814814814,0
0.3125,0.3728813559322034,0.0,1.0,0
0.8181818181818181,1.0,1.0,1.0,1
0.2807017543859649,0.25,0.0,0.25,0
0.6521739130434783,1.0,1.0,1.0,1
0.36363636363636365,0.3669724770642202,0.0,0.25,0
0.9714285714285714,1.0,1.0,1.0,1
0.36363636363636365,0.09375,0.0,0.23333333333333328,0
0.9714285714285714,1.0,1.0,1.0,1
0.9589041095890412,1.0,1.0,1.0,1
0.2790697674418605,0.265625,0.0,0.2857142857142857,0
0.2857142857142857,0.3076923076923077,0.0,1.0,0
0.736842105263158,1.0,1.0,1.0,1
0.7241379310344827,1.0,1.0,1.0,1
0.1875,0.2828282828282829,0.0,0.25,0
0.9523809523809522,1.0,1.0,1.0,1
0.25806451612903225,0.2727272727272727,1.0,0.14814814814814814,0
0.3571428571428571,0.3373493975903614,0.0,0.35820895522388063,0
0.3076923076923077,0.27142857142857146,0.0,0.35820895522388063,0
0.96,1.0,1.0,1.0,1
0.2857142857142857,0.26168224299065423,0.0,0.2068965517241379,0
0.9523809523809522,1.0,1.0,1.0,1
0.27586206896551724,0.30508474576271183,0.0,1.0,0
0.96,1.0,1.0,1.0,1
0.3157894736842105,0.2666666666666667,1.0,1.0,0
0.3829787234042554,0.2857142857142857,0.0,0.5154639175257731,0
0.41860465116279066,0.3214285714285714,0.0,0.25,0
0.3943661971830986,0.2962962962962963,0.0,0.25,0
0.21739130434782605,0.33898305084745756,0.0,0.22857142857142854,0
0.25806451612903225,0.28800000000000003,0.0,0.36363636363636365,0
0.7222222222222221,1.0,1.0,1.0,1
0.2727272727272727,0.31081081081081086,1.0,0.14814814814814814,0
0.36,0.26190476190476186,0.0,0.3597122302158273,0
0.8333333333333335,1.0,1.0,1.0,1
0.3902439024390244,0.26086956521739135,0.0,1.0,0
0.8,1.0,1.0,1.0,1
0.84,1.0,1.0,1.0,1
0.2545454545454545,0.30534351145038163,0.0,0.48,0
0.5106382978723405,0.33870967741935487,0.0,1.0,0
0.3902439024390244,0.3287671232876712,0.0,0.34285714285714286,0
0.9367088607594937,1.0,1.0,1.0,1
0.9411764705882352,1.0,1.0,1.0,1
0.35,0.26262626262626265,0.0,0.41379310344827597,0
0.8571428571428572,1.0,1.0,1.0,1
0.3529411764705882,0.3125,0.0,0.2545454545454545,0
0.826086956521739,1.0,1.0,1.0,1
0.8,1.0,1.0,1.0,1
0.2222222222222222,0.25225225225225223,0.0,0.35820895522388063,0
0.41860465116279066,0.375,0.0,0.5154639175257731,0
0.7037037037037037,1.0,1.0,1.0,1
0.2702702702702703,0.2068965517241379,0.0,0.3597122302158273,0
0.7777777777777779,1.0,1.0,1.0,1
0.31818181818181823,0.375,0.0,0.45569620253164556,0
0.8,1.0,1.0,1.0,1
0.84,1.0,1.0,1.0,1
0.2777777777777778,0.2666666666666667,0.0,1.0,0
0.5555555555555556,1.0,1.0,1.0,1
0.826086956521739,1.0,1.0,1.0,1
0.8,1.0,1.0,1.0,1
0.9111111111111111,1.0,1.0,1.0,1
0.7894736842105263,1.0,1.0,1.0,1
0.7647058823529411,1.0,1.0,1.0,1
0.33333333333333337,0.35185185185185186,0.0,0.19047619047619047,0
0.5384615384615384,0.0,0.0,0.25,0
0.27450980392156865,0.23636363636363633,0.0,0.36363636363636365,0
0.6923076923076923,1.0,1.0,1.0,1
0.9714285714285714,1.0,1.0,1.0,1
0.6521739130434783,1.0,1.0,1.0,1
0.9523809523809522,1.0,1.0,1.0,1
0.8857142857142857,1.0,1.0,1.0,1
0.8787878787878788,1.0,1.0,1.0,1
0.7142857142857143,1.0,1.0,1.0,1
0.26315789473684215,0.2857142857142857,0.0,0.48,0
0.4666666666666666,0.3098591549295775,1.0,0.31746031746031744,0
0.9387755102040817,1.0,1.0,1.0,1
0.9714285714285714,1.0,1.0,1.0,1
0.4705882352941176,0.25806451612903225,0.0,0.3597122302158273,0
0.4,0.27184466019417475,1.0,0.25,0
0.8787878787878788,1.0,1.0,1.0,1
0.26086956521739135,0.5833333333333333,1.0,0.20895522388059706,0
0.7037037037037037,1.0,1.0,1.0,1
0.4324324324324324,0.2647058823529411,0.0,0.14678899082568808,0
0.4242424242424242,0.27450980392156865,0.0,0.14678899082568808,0
0.34042553191489366,0.28865979381443296,0.0,1.0,0
0.36,0.32380952380952377,0.0,0.3597122302158273,0
0.44067796610169496,0.18181818181818177,0.0,0.3597122302158273,0
0.43478260869565216,0.35416666666666663,0.0,1.0,0
0.19047619047619047,0.31481481481481477,0.0,0.25,0
0.32558139534883723,0.4070796460176991,1.0,1.0,0
0.2962962962962963,0.28915662650602414,0.0,0.2068965517241379,0
0.9387755102040817,1.0,1.0,1.0,1
0.2727272727272727,0.3207547169811321,0.0,0.35820895522388063,0
0.8461538461538461,1.0,1.0,1.0,1
0.9523809523809522,1.0,1.0,1.0,1
0.7894736842105263,1.0,1.0,1.0,1
0.33333333333333337,0.3564356435643564,0.0,1.0,0
0.3076923076923077,0.3220338983050848,0.0,0.2941176470588235,0
0.2962962962962963,0.3793103448275862,1.0,0.25,0
0.8571428571428572,1.0,1.0,1.0,1
0.4545454545454546,0.34,0.0,0.3783783783783784,0
0.975609756097561,1.0,1.0,1.0,1
0.736842105263158,1.0,1.0,1.0,1
0.875,1.0,1.0,1.0,1
0.4705882352941176,0.26277372262773724,0.0,1.0,0
0.9655172413793103,1.0,1.0,1.0,1
0.32432432432432434,0.32558139534883723,0.0,0.3597122302158273,0
0.375,0.32758620689655177,0.0,0.42666666666666664,0
0.36363636363636365,0.38095238095238093,0.0,0.2545454545454545,0
0.2222222222222222,0.34782608695652173,0.0,0.3941605839416058,0
0.9411764705882352,1.0,1.0,1.0,1
0.9473684210526316,1.0,1.0,1.0,1
0.84,1.0,1.0,1.0,1
0.9655172413793103,1.0,1.0,1.0,1
0.826086956521739,1.0,1.0,1.0,1
0.7647058823529411,1.0,1.0,1.0,1
0.4117647058823529,0.34693877551020413,1.0,1.0,0
0.32258064516129037,0.31343283582089554,0.0,0.36363636363636365,0
0.23076923076923073,0.2644628099173554,0.0,1.0,0
0.28,0.3055555555555556,0.0,0.1333333333333333,0
0.7894736842105263,1.0,1.0,1.0,1
0.3571428571428571,0.4615384615384615,1.0,0.14678899082568808,0
0.8809523809523809,1.0,1.0,1.0,1
0.41509433962264153,0.2028985507246377,0.0,0.36923076923076925,0
0.3125,0.25,0.0,0.31746031746031744,0
0.368421052631579,0.24,0.0,0.36363636363636365,0
0.45714285714285713,0.0,0.0,0.2264150943396226,0
0.9473684210526316,1.0,1.0,1.0,1
0.303030303030303,0.2978723404255319,0.0,0.3597122302158273,0
0.32258064516129037,0.2954545454545454,1.0,1.0,0
0.27586206896551724,0.33333333333333337,0.0,0.3597122302158273,0
0.34042553191489366,0.2857142857142857,0.0,0.5454545454545454,0
0.8,1.0,1.0,1.0,1
0.2962962962962963,0.2962962962962963,0.0,0.25,0
0.962962962962963,1.0,1.0,1.0,1
0.31034482758620685,0.32098765432098764,0.0,0.3783783783783784,0
0.4736842105263158,0.3111111111111111,0.0,1.0,0
0.4444444444444444,0.15217391304347827,0.0,0.42105263157894735,0
0.43478260869565216,0.34285714285714286,0.0,0.25,0
0.41509433962264153,0.2028985507246377,0.0,0.25,0
0.7222222222222221,1.0,1.0,1.0,1
0.326530612244898,0.3418803418803419,0.0,0.48,0
0.32432432432432434,0.3076923076923077,1.0,1.0,0
0.9491525423728814,1.0,1.0,1.0,1
0.9411764705882352,1.0,1.0,1.0,1
0.33333333333333337,0.3106796116504854,0.0,1.0,0
0.6428571428571428,1.0,1.0,1.0,1
0.25,0.3055555555555556,0.0,0.38095238095238093,0
0.2857142857142857,0.30000000000000004,0.0,0.4,0
0.7333333333333334,1.0,1.0,1.0,1
0.2909090909090909,0.2549019607843137,0.0,0.2545454545454545,0
0.3125,0.2264150943396226,0.0,0.25,0
0.25806451612903225,0.30927835051546393,0.0,0.36923076923076925,0
0.3076923076923077,0.2558139534883721,0.0,0.25,0
0.3783783783783784,0.30000000000000004,0.0,0.3597122302158273,0
0.96,1.0,1.0,1.0,1
0.8709677419354839,1.0,1.0,1.0,1
0.3157894736842105,0.3142857142857143,0.0,0.3597122302158273,0
0.32558139534883723,0.23404255319148937,0.0,0.3783783783783784,0
0.6666666666666667,1.0,1.0,1.0,1
0.75,1.0,1.0,1.0,1
0.8823529411764706,1.0,1.0,1.0,1
0.9714285714285714,1.0,1.0,1.0,1
0.826086956521739,1.0,1.0,1.0,1
0.19999999999999996,0.28865979381443296,0.0,0.2857142857142857,0
0.39130434782608686,0.29508196721311475,0.0,0.42666666666666664,0
0.8484848484848484,1.0,1.0,1.0,1
0.30000000000000004,0.3857142857142857,0.0,0.2545454545454545,0
0.3555555555555555,0.2063492063492064,0.0,0.35820895522388063,0
0.326530612244898,0.41463414634146345,0.0,0.4,0
0.32558139534883723,0.28205128205128205,0.0,0.2545454545454545,0
0.40909090909090906,0.3418803418803419,0.0,0.35820895522388063,0
0.19047619047619047,0.29032258064516125,0.0,1.0,0
0.9473684210526316,1.0,1.0,1.0,1
0.2857142857142857,0.3695652173913043,0.0,0.25,0
0.2702702702702703,0.2857142857142857,0.0,0.25,0
0.7948717948717949,1.0,1.0,1.0,1
0.826086956521739,1.0,1.0,1.0,1
0.75,1.0,1.0,1.0,1
0.368421052631579,0.33333333333333337,0.0,0.2857142857142857,0
0.6923076923076923,1.0,1.0,1.0,1
0.8387096774193549,1.0,1.0,1.0,1
0.8611111111111112,1.0,1.0,1.0,1
0.7575757575757575,1.0,1.0,1.0,1
0.3076923076923077,0.3125,0.0,0.25,0
0.8947368421052632,1.0,1.0,1.0,1
0.3448275862068966,0.3302752293577982,0.0,0.30508474576271183,0
0.7777777777777779,1.0,1.0,1.0,1
0.75,1.0,1.0,1.0,1
0.3076923076923077,0.35398230088495575,0.0,0.5154639175257731,0
0.16000000000000003,0.3484848484848485,0.0,0.2545454545454545,0
0.7142857142857143,1.0,1.0,1.0,1
0.826086956521739,1.0,1.0,1.0,1
0.27586206896551724,0.3262411347517731,0.0,0.31746031746031744,0
0.9552238805970148,1.0,1.0,1.0,1
0.814814814814815,1.0,1.0,1.0,1
0.375,0.3783783783783784,0.0,1.0,0
0.2666666666666667,0.32558139534883723,0.0,0.25,0
0.962962962962963,1.0,1.0,1.0,1
0.4444444444444444,0.18181818181818177,0.0,0.31746031746031744,0
0.96,1.0,1.0,1.0,1
0.4117647058823529,0.43137254901960786,1.0,1.0,0
0.8387096774193549,1.0,1.0,1.0,1
0.9767441860465115,1.0,1.0,1.0,1
0.7241379310344827,1.0,1.0,1.0,1
0.4,0.27586206896551724,0.0,0.3125,0
0.7727272727272727,1.0,1.0,1.0,1
0.29268292682926833,0.2622950819672131,0.0,0.14678899082568808,0
0.3125,0.2941176470588235,0.0,0.4675324675324676,0
0.972972972972973,1.0,1.0,1.0,1
0.9272727272727272,1.0,1.0,1.0,1
0.7714285714285716,1.0,1.0,1.0,1
0.36065573770491793,0.2680412371134021,0.0,0.4444444444444444,0
0.96,1.0,1.0,1.0,1
0.6923076923076923,1.0,1.0,1.0,1
0.34615384615384615,0.2666666666666667,0.0,0.36363636363636365,0
0.2666666666666667,0.25,0.0,0.23076923076923073,0
0.4444444444444444,0.3783783783783784,0.0,1.0,0
0.32727272727272727,0.29508196721311475,0.0,0.25,0
0.7111111111111111,0.37606837606837606,0.0,0.5154639175257731,0
0.2857142857142857,0.2727272727272727,0.0,0.5154639175257731,0
0.8823529411764706,1.0,1.0,1.0,1
0.2941176470588235,0.352112676056338,0.0,1.0,0
0.8823529411764706,1.0,1.0,1.0,1
0.40816326530612246,0.20833333333333337,1.0,1.0,0
0.4,0.23076923076923073,0.0,0.3783783783783784,0
0.2857142857142857,0.3548387096774194,0.0,0.25,0
0.9565217391304348,1.0,1.0,1.0,1
0.7647058823529411,1.0,1.0,1.0,1
0.25531914893617025,0.3661971830985915,0.0,0.25,0
0.3555555555555555,0.3116883116883117,0.0,0.45569620253164556,0
0.2564102564102564,0.1842105263157895,1.0,0.4077669902912622,0
0.3703703703703704,0.303030303030303,0.0,0.23333333333333328,0
0.9491525423728814,1.0,1.0,1.0,1
0.8571428571428572,1.0,1.0,1.0,1
0.3111111111111111,0.2682926829268293,0.0,0.41333333333333333,0
0.75,1.0,1.0,1.0,1
0.3137254901960784,0.34,0.0,0.36363636363636365,0
0.375,0.2222222222222222,0.0,0.2727272727272727,0
0.1333333333333333,0.3207547169811321,0.0,0.43333333333333335,0
0.9523809523809522,1.0,1.0,1.0,1
0.25,0.20512820512820518,0.0,0.3783783783783784,0
0.4516129032258065,0.2786885245901639,0.0,1.0,0
0.9411764705882352,1.0,1.0,1.0,1
0.967741935483871,1.0,1.0,1.0,1
0.3414634146341463,0.3098591549295775,0.0,0.4,0
0.7647058823529411,1.0,1.0,1.0,1
0.7241379310344827,1.0,1.0,1.0,1
0.27586206896551724,0.4615384615384615,0.0,0.25,0
0.38095238095238093,0.36144578313253023,0.0,1.0,0
0.8620689655172413,1.0,1.0,1.0,1
0.36363636363636365,0.29357798165137616,0.0,0.14814814814814814,0
0.813953488372093,1.0,1.0,1.0,1
0.962962962962963,1.0,1.0,1.0,1
0.7333333333333334,1.0,1.0,1.0,1
0.29166666666666663,0.3370786516853933,0.0,0.25,0
0.8333333333333335,1.0,1.0,1.0,1
0.6153846153846154,1.0,1.0,1.0,1
0.2857142857142857,0.34210526315789463,0.0,0.3597122302158273,0
0.32558139534883723,0.410958904109589,0.0,0.25,0
0.972972972972973,1.0,1.0,1.0,1
0.375,0.32352941176470584,0.0,0.25,0
0.2545454545454545,0.33587786259541985,0.0,0.2545454545454545,0
0.9375,1.0,1.0,1.0,1
0.2941176470588235,0.32727272727272727,0.0,0.2545454545454545,0
0.326530612244898,0.25287356321839083,0.0,1.0,0
0.9642857142857143,1.0,1.0,1.0,1
0.8214285714285714,1.0,1.0,1.0,1
0.6153846153846154,1.0,1.0,1.0,1
0.9655172413793103,1.0,1.0,1.0,1
0.31999999999999995,0.25,0.0,0.3783783783783784,0
0.23728813559322037,0.2954545454545454,0.0,0.25,0
0.8709677419354839,1.0,1.0,1.0,1
0.3783783783783784,0.4615384615384615,0.0,0.25,0
0.814814814814815,1.0,1.0,1.0,1
0.6875,1.0,1.0,1.0,1
0.962962962962963,1.0,1.0,1.0,1
0.7894736842105263,1.0,1.0,1.0,1
0.23809523809523814,0.0,0.0,0.2222222222222222,0
0.368421052631579,0.3414634146341463,0.0,0.3597122302158273,0
0.7777777777777779,1.0,1.0,1.0,1
0.5,0.4,0.0,0.25,0
0.48275862068965514,0.2676056338028169,0.0,1.0,0
0.2564102564102564,0.16666666666666663,1.0,1.0,0
0.4285714285714286,0.32608695652173914,0.0,0.2545454545454545,0
0.967741935483871,1.0,1.0,1.0,1
0.9655172413793103,1.0,1.0,1.0,1
0.41666666666666663,0.22988505747126442,0.0,0.36923076923076925,0
0.7777777777777779,1.0,1.0,1.0,1
0.3214285714285714,0.368421052631579,0.0,0.2222222222222222,0
0.41025641025641024,0.22580645161290325,0.0,0.36363636363636365,0
0.962962962962963,1.0,1.0,1.0,1
0.7333333333333334,1.0,1.0,1.0,1
0.33333333333333337,0.2571428571428571,1.0,1.0,0
0.8787878787878788,1.0,1.0,1.0,1
0.8648648648648648,1.0,1.0,1.0,1
0.3125,0.32727272727272727,0.0,0.41666666666666663,0
0.5454545454545454,0.23076923076923073,0.0,1.0,0
0.9090909090909091,1.0,1.0,1.0,1
0.32558139534883723,0.23404255319148937,0.0,0.25,0
0.75,0.0,0.0,0.4761904761904761,0
0.7333333333333334,1.0,1.0,1.0,1
0.36734693877551017,0.24489795918367352,0.0,0.41379310344827597,0
0.375,0.273972602739726,1.0,1.0,0
0.7894736842105263,1.0,1.0,1.0,1
0.7894736842105263,1.0,1.0,1.0,1
0.9696969696969697,1.0,1.0,1.0,1
0.25,0.18181818181818177,0.0,0.25,0
0.3589743589743589,0.2696629213483146,0.0,0.30508474576271183,0
0.19999999999999996,0.304635761589404,0.0,0.2857142857142857,0
0.8275862068965517,1.0,1.0,1.0,1
0.9714285714285714,1.0,1.0,1.0,1
0.3287671232876712,0.32478632478632474,0.0,0.3597122302158273,0
0.16666666666666663,0.3738317757009347,0.0,0.48,0
0.34285714285714286,0.32558139534883723,1.0,1.0,0
0.2857142857142857,0.2921348314606742,0.0,1.0,0
0.5789473684210527,1.0,1.0,1.0,1
0.2978723404255319,0.3278688524590164,0.0,0.45569620253164556,0
0.3188405797101449,0.0,0.0,0.2222222222222222,0
0.6521739130434783,1.0,1.0,1.0,1
0.41379310344827597,0.2696629213483146,0.0,0.14814814814814814,0
0.33333333333333337,0.21505376344086025,0.0,0.14814814814814814,0
0.3846153846153846,0.32098765432098764,0.0,0.25,0
0.6190476190476191,1.0,1.0,1.0,1
0.9714285714285714,1.0,1.0,1.0,1
0.84375,1.0,1.0,1.0,1
0.9655172413793103,1.0,1.0,1.0,1
0.25,0.36363636363636365,0.0,0.3783783783783784,0
0.9767441860465115,1.0,1.0,1.0,1
0.2727272727272727,0.36734693877551017,0.0,0.36363636363636365,0
0.7419354838709676,1.0,1.0,1.0,1
0.9565217391304348,1.0,1.0,1.0,1
0.2857142857142857,0.28787878787878785,0.0,0.36363636363636365,0
0.375,0.43137254901960786,0.0,0.3597122302158273,0
0.16666666666666663,0.276595744680851,0.0,0.31746031746031744,0
0.5789473684210527,1.0,1.0,1.0,1
0.8095238095238095,1.0,1.0,1.0,1
0.30000000000000004,0.3789473684210526,0.0,1.0,0
0.48484848484848486,0.25396825396825395,0.0,0.35820895522388063,0
0.24390243902439024,0.26086956521739135,0.0,0.25,0
0.21276595744680848,0.0,0.0,0.2264150943396226,0
0.3829787234042554,0.3893805309734514,0.0,1.0,0
0.972972972972973,1.0,1.0,1.0,1
0.3125,0.3448275862068966,0.0,0.3783783783783784,0
0.75,1.0,1.0,1.0,1
0.3414634146341463,0.27586206896551724,0.0,0.5154639175257731,0
0.962962962962963,1.0,1.0,1.0,1
0.48888888888888893,0.29166666666666663,0.0,0.25,0
0.3902439024390244,0.20408163265306123,0.0,1.0,0
0.33333333333333337,0.3157894736842105,0.0,0.36923076923076925,0
0.2941176470588235,0.3047619047619048,0.0,0.41379310344827597,0
0.303030303030303,0.30188679245283023,0.0,1.0,0
0.34285714285714286,0.29850746268656714,0.0,0.25,0
0.375,0.35398230088495575,0.0,0.25,0
0.21276595744680848,0.4,0.0,0.23333333333333328,0
0.2666666666666667,0.3902439024390244,0.0,0.25,0
0.962962962962963,1.0,1.0,1.0,1
0.782608695652174,1.0,1.0,1.0,1
0.9714285714285714,1.0,1.0,1.0,1
0.3448275862068966,0.28985507246376807,0.0,1.0,0
0.9411764705882352,1.0,1.0,1.0,1
0.7727272727272727,1.0,1.0,1.0,1
0.75,1.0,1.0,1.0,1
0.7727272727272727,1.0,1.0,1.0,1
0.339622641509434,0.31404958677685946,0.0,0.4444444444444444,0
0.2978723404255319,0.2784810126582279,1.0,0.3597122302158273,0
0.7333333333333334,1.0,1.0,1.0,1
0.8461538461538461,1.0,1.0,1.0,1
0.7894736842105263,1.0,1.0,1.0,1
0.9615384615384616,1.0,1.0,1.0,1
0.3783783783783784,0.34375,0.0,0.25,0
0.75,1.0,1.0,1.0,1
0.9714285714285714,1.0,1.0,1.0,1
0.84375,1.0,1.0,1.0,1
0.8529411764705883,1.0,1.0,1.0,1
0.27118644067796616,0.35416666666666663,0.0,0.4444444444444444,0
0.2777777777777778,0.27586206896551724,0.0,0.25,0
0.3125,0.30434782608695654,0.0,0.38095238095238093,0
0.33333333333333337,0.27956989247311825,0.0,0.25,0
0.9565217391304348,1.0,1.0,1.0,1
0.967741935483871,1.0,1.0,1.0,1
0.9655172413793103,1.0,1.0,1.0,1
0.6363636363636364,1.0,1.0,1.0,1
0.3902439024390244,0.24096385542168675,0.0,0.38095238095238093,0
0.303030303030303,0.24137931034482762,0.0,0.3597122302158273,0
0.4126984126984127,0.3125,0.0,0.35820895522388063,0
0.3768115942028986,0.2954545454545454,0.0,0.25,0
0.2777777777777778,0.31932773109243695,0.0,1.0,0
0.975609756097561,1.0,1.0,1.0,1
0.6,1.0,1.0,1.0,1
0.33333333333333337,0.26865671641791045,0.0,0.45569620253164556,0
0.38235294117647056,0.345679012345679,0.0,0.3278688524590164,0
0.36363636363636365,0.36190476190476195,0.0,0.14678899082568808,0
0.17647058823529416,0.33333333333333337,0.0,0.2545454545454545,0
0.33333333333333337,0.24390243902439024,0.0,0.2222222222222222,0
0.9714285714285714,1.0,1.0,1.0,1
0.48,0.2545454545454545,0.0,0.3597122302158273,0
0.967741935483871,1.0,1.0,1.0,1
0.1333333333333333,0.32558139534883723,0.0,0.35820895522388063,0
0.8918918918918919,1.0,1.0,1.0,1
0.96,1.0,1.0,1.0,1
0.8,1.0,1.0,1.0,1
0.3125,0.125,0.0,1.0,0
0.2222222222222222,0.41221374045801523,1.0,1.0,0
0.3157894736842105,0.29357798165137616,0.0,0.25,0
0.6363636363636364,1.0,1.0,1.0,1
0.84375,1.0,1.0,1.0,1
0.8076923076923077,1.0,1.0,1.0,1
0.8076923076923077,1.0,1.0,1.0,1
0.30000000000000004,0.3106796116504854,0.0,0.42666666666666664,0
0.2790697674418605,0.2807017543859649,0.0,0.38095238095238093,0
0.2962962962962963,0.35398230088495575,0.0,1.0,0
0.6923076923076923,1.0,1.0,1.0,1
0.4444444444444444,0.2702702702702703,0.0,0.48,0
0.7241379310344827,1.0,1.0,1.0,1
0.33333333333333337,0.41481481481481486,1.0,0.25,0
0.2666666666666667,0.38,0.0,0.14678899082568808,0
0.3880597014925373,0.2857142857142857,0.0,0.32258064516129037,0
0.7241379310344827,1.0,1.0,1.0,1
0.3414634146341463,0.4,0.0,0.25,0
0.36363636363636365,0.2586206896551724,0.0,0.48,0
0.96,1.0,1.0,1.0,1
0.34782608695652173,0.2272727272727273,0.0,0.36363636363636365,0
0.9444444444444444,1.0,1.0,1.0,1
0.9473684210526316,1.0,1.0,1.0,1
0.9666666666666667,1.0,1.0,1.0,1
0.32258064516129037,0.2549019607843137,0.0,0.14678899082568808,0
0.7419354838709676,1.0,1.0,1.0,1
0.826086956521739,1.0,1.0,1.0,1
0.24,0.21505376344086025,0.0,0.2068965517241379,0
0.2272727272727273,0.19999999999999996,0.0,0.2545454545454545,0
0.2702702702702703,0.42105263157894735,0.0,0.2727272727272727,0
0.3214285714285714,0.3529411764705882,0.0,0.20895522388059706,0
0.4285714285714286,0.3098591549295775,0.0,0.25,0
0.34285714285714286,0.3298969072164949,0.0,0.25,0
0.7727272727272727,1.0,1.0,1.0,1
0.972972972972973,1.0,1.0,1.0,1
0.7333333333333334,1.0,1.0,1.0,1
0.33333333333333337,0.27692307692307694,0.0,0.36363636363636365,0
0.30434782608695654,0.34666666666666673,0.0,1.0,0
0.34285714285714286,0.3076923076923077,0.0,0.48,0
0.7837837837837838,1.0,1.0,1.0,1
0.3870967741935484,0.37168141592920356,0.0,0.31746031746031744,0
0.2777777777777778,0.1785714285714286,0.0,1.0,0
0.2777777777777778,0.30508474576271183,0.0,0.3783783783783784,0
0.16000000000000003,0.3370786516853933,0.0,0.2545454545454545,0
0.27118644067796616,0.29333333333333333,0.0,0.5454545454545454,0
0.3125,0.0,0.0,0.25,0
0.24242424242424243,0.2142857142857143,0.0,0.5154639175257731,0
0.18181818181818177,0.2941176470588235,0.0,1.0,0
0.92,1.0,1.0,1.0,1
0.7222222222222221,1.0,1.0,1.0,1
0.3793103448275862,0.31746031746031744,0.0,0.3597122302158273,0
0.30000000000000004,0.3820224719101124,0.0,0.25,0
0.9583333333333335,1.0,1.0,1.0,1
0.2777777777777778,0.34782608695652173,0.0,0.25,0
0.8518518518518519,1.0,1.0,1.0,1
0.2978723404255319,0.32380952380952377,1.0,0.25,0
0.37209302325581395,0.31858407079646023,0.0,0.3597122302158273,0
0.6363636363636364,1.0,1.0,1.0,1
0.9714285714285714,1.0,1.0,1.0,1
0.7777777777777779,1.0,1.0,1.0,1
0.375,0.303448275862069,0.0,0.3783783783783784,0
0.782608695652174,1.0,1.0,1.0,1
0.30000000000000004,0.0,0.0,0.2222222222222222,0
0.2857142857142857,0.3157894736842105,1.0,0.2545454545454545,0
0.9696969696969697,1.0,1.0,1.0,1
0.4285714285714286,0.2857142857142857,0.0,0.36363636363636365,0
0.3829787234042554,0.31999999999999995,0.0,0.2545454545454545,0
0.68,1.0,1.0,1.0,1
0.3902439024390244,0.28125,0.0,0.48,0
0.782608695652174,1.0,1.0,1.0,1
0.9714285714285714,1.0,1.0,1.0,1
0.7142857142857143,1.0,1.0,1.0,1
0.6923076923076923,1.0,1.0,1.0,1
0.4285714285714286,0.38636363636363635,0.0,1.0,0
0.43478260869565216,0.27692307692307694,0.0,1.0,0
0.19047619047619047,0.42307692307692313,0.0,0.25,0
0.68,1.0,1.0,1.0,1
0.8333333333333335,1.0,1.0,1.0,1
0.39130434782608686,0.2857142857142857,0.0,0.14678899082568808,0
0.3157894736842105,0.2857142857142857,0.0,0.25,0
0.75,1.0,1.0,1.0,1
0.2777777777777778,0.2857142857142857,0.0,0.29729729729729726,0
0.2857142857142857,0.3076923076923077,0.0,0.36363636363636365,0
0.32558139534883723,0.29166666666666663,0.0,0.42666666666666664,0
0.18181818181818177,0.33333333333333337,0.0,0.3597122302158273,0
0.41860465116279066,0.32352941176470584,0.0,0.31746031746031744,0
0.5,0.2222222222222222,1.0,0.3597122302158273,0
0.8076923076923077,1.0,1.0,1.0,1
0.9411764705882352,1.0,1.0,1.0,1
0.29268292682926833,0.3653846153846154,0.0,0.34782608695652173,0
0.26315789473684215,0.3870967741935484,0.0,0.25,0
0.4390243902439024,0.30000000000000004,0.0,0.3597122302158273,0
0.6521739130434783,1.0,1.0,1.0,1
0.8095238095238095,1.0,1.0,1.0,1
0.826086956521739,1.0,1.0,1.0,1
0.8918918918918919,1.0,1.0,1.0,1
0.8,1.0,1.0,1.0,1
0.2941176470588235,0.30000000000000004,0.0,0.33333333333333337,0
0.24390243902439024,0.3373493975903614,0.0,0.3597122302158273,0
0.2857142857142857,0.2637362637362637,0.0,0.24137931034482762,0
0.7948717948717949,1.0,1.0,1.0,1
0.3529411764705882,0.4,0.0,0.2545454545454545,0
0.38095238095238093,0.3157894736842105,0.0,0.14814814814814814,0
0.962962962962963,1.0,1.0,1.0,1
0.7714285714285716,1.0,1.0,1.0,1
0.14814814814814814,0.2777777777777778,0.0,1.0,0
0.6923076923076923,1.0,1.0,1.0,1
0.875,1.0,1.0,1.0,1
0.8,1.0,1.0,1.0,1
0.3137254901960784,0.33333333333333337,0.0,0.25,0
0.8648648648648648,1.0,1.0,1.0,1
0.875,1.0,1.0,1.0,1
0.736842105263158,1.0,1.0,1.0,1
0.782608695652174,1.0,1.0,1.0,1
0.8214285714285714,1.0,1.0,1.0,1
0.3384615384615385,0.3142857142857143,0.0,0.25,0
0.19999999999999996,0.26771653543307083,0.0,0.23333333333333328,0
0.8,1.0,1.0,1.0,1
0.23809523809523814,0.3157894736842105,0.0,0.3589743589743589,0
0.5217391304347826,0.22680412371134018,0.0,0.3597122302158273,0
0.2941176470588235,0.3423423423423423,0.0,0.2545454545454545,0
0.4285714285714286,0.25,0.0,0.24137931034482762,0
0.36363636363636365,0.2666666666666667,0.0,1.0,0
0.3076923076923077,0.3728813559322034,0.0,0.43333333333333335,0
0.8095238095238095,1.0,1.0,1.0,1
0.368421052631579,0.29729729729729726,0.0,0.48,0
0.303030303030303,0.33333333333333337,0.0,0.23076923076923073,0
0.31999999999999995,0.2222222222222222,1.0,0.25,0
0.44999999999999996,0.2807017543859649,0.0,1.0,0
0.3111111111111111,0.32432432432432434,0.0,0.14678899082568808,0
0.9444444444444444,1.0,1.0,1.0,1
0.16666666666666663,0.2586206896551724,0.0,0.36363636363636365,0
0.3555555555555555,0.28125,0.0,0.2545454545454545,0
0.1333333333333333,0.33870967741935487,0.0,0.3597122302158273,0
0.8333333333333335,1.0,1.0,1.0,1
0.375,0.3448275862068966,0.0,0.41333333333333333,0
0.3414634146341463,0.23255813953488372,0.0,0.4,0
0.39130434782608686,0.375,0.0,0.35820895522388063,0
0.3529411764705882,0.3548387096774194,0.0,0.31746031746031744,0
0.9655172413793103,1.0,1.0,1.0,1
0.31818181818181823,0.25531914893617025,0.0,0.14678899082568808,0
0.4444444444444444,0.27586206896551724,0.0,0.2545454545454545,0
0.2857142857142857,0.21818181818181814,0.0,0.3597122302158273,0
0.8181818181818181,1.0,1.0,1.0,1
0.36363636363636365,0.23076923076923073,1.0,0.2545454545454545,0
0.5263157894736843,0.3652173913043478,0.0,0.1333333333333333,0
0.8620689655172413,1.0,1.0,1.0,1
0.4117647058823529,0.3025210084033614,0.0,0.25,0
0.7058823529411764,1.0,1.0,1.0,1
0.804878048780488,1.0,1.0,1.0,1
0.2222222222222222,0.32727272727272727,0.0,0.31746031746031744,0
0.32258064516129037,0.061855670103092786,0.0,1.0,0
0.36363636363636365,0.3555555555555555,0.0,0.24137931034482762,0
0.5396825396825398,0.3307086614173228,0.0,0.14814814814814814,0
0.8,1.0,1.0,1.0,1
0.33333333333333337,0.3392857142857143,0.0,0.3597122302158273,0
0.7058823529411764,1.0,1.0,1.0,1
0.814814814814815,1.0,1.0,1.0,1
0.7037037037037037,1.0,1.0,1.0,1
0.4,0.21999999999999997,0.0,1.0,0
0.9523809523809522,1.0,1.0,1.0,1
0.7333333333333334,1.0,1.0,1.0,1
0.303030303030303,0.2592592592592593,0.0,0.25,0
0.3529411764705882,0.2535211267605634,0.0,1.0,0
0.4,0.37593984962406013,0.0,0.48,0
0.972972972972973,1.0,1.0,1.0,1
0.95,1.0,1.0,1.0,1
0.32727272727272727,0.23333333333333328,0.0,0.20895522388059706,0
0.9382716049382716,1.0,1.0,1.0,1
0.25806451612903225,0.13953488372093026,0.0,0.14678899082568808,0
0.2857142857142857,0.2272727272727273,0.0,0.2545454545454545,0
0.84,1.0,1.0,1.0,1
0.3125,0.345679012345679,0.0,0.14678899082568808,0
0.2702702702702703,0.28301886792452835,0.0,0.45569620253164556,0
0.2142857142857143,0.21311475409836067,0.0,1.0,0
0.9743589743589743,1.0,1.0,1.0,1
0.3448275862068966,0.36923076923076925,0.0,0.25,0
0.7777777777777779,1.0,1.0,1.0,1
0.6,1.0,1.0,1.0,1
0.7894736842105263,1.0,1.0,1.0,1
0.8214285714285714,1.0,1.0,1.0,1
0.3589743589743589,0.3119266055045872,1.0,0.14678899082568808,0
0.8666666666666667,1.0,1.0,1.0,1
0.7714285714285716,1.0,1.0,1.0,1
0.33333333333333337,0.38636363636363635,1.0,0.3597122302158273,0
0.4819277108433735,0.33333333333333337,1.0,1.0,0
0.23255813953488372,0.5076923076923077,0.0,0.2545454545454545,0
0.5555555555555556,0.21505376344086025,0.0,0.39473684210526316,0
0.3414634146341463,0.3013698630136986,1.0,0.25,0
0.3111111111111111,0.368421052631579,0.0,0.14678899082568808,0
0.3076923076923077,0.3407407407407408,0.0,0.25,0
0.9577464788732395,1.0,1.0,1.0,1
0.782608695652174,1.0,1.0,1.0,1
0.9444444444444444,1.0,1.0,1.0,1
0.5555555555555556,1.0,1.0,1.0,1
0.25806451612903225,0.29702970297029707,0.0,0.2857142857142857,0
0.16000000000000003,0.2471910112359551,0.0,0.14678899082568808,0
0.9743589743589743,1.0,1.0,1.0,1
0.6923076923076923,1.0,1.0,1.0,1
0.19354838709677424,0.33043478260869563,0.0,0.31746031746031744,0
0.4,0.3116883116883117,0.0,0.4,0
0.2941176470588235,0.2828282828282829,0.0,0.4444444444444444,0
0.8620689655172413,1.0,1.0,1.0,1
0.7777777777777779,1.0,1.0,1.0,1
0.6923076923076923,1.0,1.0,1.0,1
0.4444444444444444,0.3564356435643564,0.0,0.45569620253164556,0
0.8181818181818181,1.0,1.0,1.0,1
0.7419354838709676,1.0,1.0,1.0,1
0.75,1.0,1.0,1.0,1
0.8,1.0,1.0,1.0,1
0.33333333333333337,0.303030303030303,0.0,0.2545454545454545,0
0.3783783783783784,0.2535211267605634,0.0,0.25,0
0.68,1.0,1.0,1.0,1
0.7777777777777779,1.0,1.0,1.0,1
0.7647058823529411,1.0,1.0,1.0,1
0.9411764705882352,1.0,1.0,1.0,1
0.2702702702702703,0.30000000000000004,1.0,0.14678899082568808,0
0.6875,1.0,1.0,1.0,1
0.3157894736842105,0.2045454545454546,0.0,0.3597122302158273,0
0.68,1.0,1.0,1.0,1
0.25,0.34666666666666673,0.0,0.3783783783783784,0
0.9620253164556962,1.0,1.0,1.0,1
0.9090909090909091,1.0,1.0,1.0,1
0.8571428571428572,1.0,1.0,1.0,1
0.368421052631579,0.2432432432432432,0.0,0.3597122302158273,0
0.4,0.33333333333333337,0.0,0.4444444444444444,0
0.4067796610169492,0.2857142857142857,0.0,0.2545454545454545,0
0.23809523809523814,0.3655913978494624,0.0,0.36363636363636365,0
0.7241379310344827,1.0,1.0,1.0,1
0.8571428571428572,1.0,1.0,1.0,1
0.23529411764705888,0.25,0.0,0.2545454545454545,0
0.8,1.0,1.0,1.0,1
0.84,1.0,1.0,1.0,1
0.736842105263158,1.0,1.0,1.0,1
0.9523809523809522,1.0,1.0,1.0,1
0.8461538461538461,1.0,1.0,1.0,1
0.31818181818181823,0.2727272727272727,0.0,1.0,0
0.9743589743589743,1.0,1.0,1.0,1
0.875,0.0,1.0,1.0,1
0.96,1.0,1.0,1.0,1
0.2272727272727273,0.3063063063063063,0.0,0.4545454545454546,0
0.9743589743589743,1.0,1.0,1.0,1
0.962962962962963,1.0,1.0,1.0,1
0.8333333333333335,1.0,1.0,1.0,1
0.36,0.19354838709677424,0.0,0.25,0
0.736842105263158,1.0,1.0,1.0,1
0.375,0.45714285714285713,0.0,0.2545454545454545,0
0.36363636363636365,0.34090909090909094,0.0,1.0,0
0.32258064516129037,0.33333333333333337,0.0,1.0,0
0.8918918918918919,1.0,1.0,1.0,1
0.7714285714285716,1.0,1.0,1.0,1
0.8214285714285714,1.0,1.0,1.0,1
0.7727272727272727,1.0,1.0,1.0,1
0.33333333333333337,0.3661971830985915,0.0,0.25,0
0.962962962962963,1.0,1.0,1.0,1
0.26086956521739135,0.28099173553719003,1.0,0.38095238095238093,0
0.6875,1.0,1.0,1.0,1
0.84375,1.0,1.0,1.0,1
0.7037037037037037,1.0,1.0,1.0,1
0.303030303030303,0.30000000000000004,1.0,1.0,0
0.8095238095238095,1.0,1.0,1.0,1
0.32558139534883723,0.3407407407407408,1.0,0.36923076923076925,0
0.826086956521739,1.0,1.0,1.0,1
0.37209302325581395,0.2896551724137931,0.0,0.2545454545454545,0
0.5142857142857142,0.2407407407407407,0.0,0.31746031746031744,0
0.9767441860465115,1.0,1.0,1.0,1
0.9743589743589743,1.0,1.0,1.0,1
0.37209302325581395,0.29007633587786263,0.0,0.25,0
0.25806451612903225,0.33333333333333337,0.0,0.4,0
0.6190476190476191,1.0,1.0,1.0,1
0.2857142857142857,0.26086956521739135,0.0,0.25,0
0.9491525423728814,1.0,1.0,1.0,1
0.6,1.0,1.0,1.0,1
0.3529411764705882,0.4031007751937985,0.0,0.41333333333333333,0
0.25,0.35668789808917206,1.0,0.38095238095238093,0
0.782608695652174,1.0,1.0,1.0,1
0.9714285714285714,1.0,1.0,1.0,1
0.7777777777777779,1.0,1.0,1.0,1
0.23076923076923073,0.3624161073825503,0.0,0.2545454545454545,0
0.41025641025641024,0.31034482758620685,0.0,0.41333333333333333,0
0.24,0.3308270676691729,0.0,0.25,0
0.9577464788732395,1.0,1.0,1.0,1
0.9642857142857143,1.0,1.0,1.0,1
0.34042553191489366,0.3410852713178295,0.0,0.3783783783783784,0
0.44999999999999996,0.4065040650406504,0.0,0.5154639175257731,0
0.2702702702702703,0.302158273381295,0.0,0.3597122302158273,0
0.9583333333333335,1.0,1.0,1.0,1
0.7837837837837838,1.0,1.0,1.0,1
0.33333333333333337,0.33043478260869563,0.0,0.30434782608695654,0
0.2777777777777778,0.21052631578947367,0.0,0.36923076923076925,0
0.7894736842105263,1.0,1.0,1.0,1
0.3076923076923077,0.34951456310679613,0.0,0.25,0
0.7575757575757575,1.0,1.0,1.0,1
0.29268292682926833,0.32758620689655177,0.0,0.3597122302158273,0
0.3076923076923077,0.3098591549295775,0.0,0.14678899082568808,0
0.3870967741935484,0.2790697674418605,0.0,0.3597122302158273,0
0.7727272727272727,1.0,1.0,1.0,1
0.8181818181818181,1.0,1.0,1.0,1
0.7777777777777779,1.0,1.0,1.0,1
0.84,1.0,1.0,1.0,1
0.3529411764705882,0.2678571428571429,0.0,0.45569620253164556,0
0.9473684210526316,1.0,1.0,1.0,1
0.24,0.4444444444444444,0.0,0.48,0
0.7647058823529411,1.0,1.0,1.0,1
0.9473684210526316,1.0,1.0,1.0,1
0.7894736842105263,1.0,1.0,1.0,1
0.31034482758620685,0.4032258064516129,0.0,0.31746031746031744,0
0.32432432432432434,0.3833333333333333,0.0,0.3597122302158273,0
0.7894736842105263,1.0,1.0,1.0,1
0.9743589743589743,1.0,1.0,1.0,1
0.736842105263158,1.0,1.0,1.0,1
0.35,0.2828282828282829,0.0,0.3783783783783784,0
0.09523809523809523,0.3382352941176471,0.0,0.35820895522388063,0
0.4444444444444444,0.2471910112359551,0.0,0.48,0
0.9333333333333332,1.0,1.0,1.0,1
0.30000000000000004,0.3423423423423423,0.0,0.20895522388059706,0
0.8,1.0,1.0,1.0,1
0.7777777777777779,1.0,1.0,1.0,1
0.9508196721311475,1.0,1.0,1.0,1
0.96,1.0,1.0,1.0,1
0.33333333333333337,0.2045454545454546,0.0,1.0,0
0.27586206896551724,0.2666666666666667,0.0,1.0,0
0.8181818181818181,1.0,1.0,1.0,1
0.32432432432432434,0.32432432432432434,0.0,1.0,0
0.33333333333333337,0.3278688524590164,0.0,0.14678899082568808,0
0.8076923076923077,1.0,1.0,1.0,1
0.48484848484848486,0.34285714285714286,0.0,1.0,0
0.22857142857142854,0.3298969072164949,0.0,1.0,0
0.9583333333333335,1.0,1.0,1.0,1
0.2702702702702703,0.22018348623853215,0.0,1.0,0
0.8333333333333335,1.0,1.0,1.0,1
0.32432432432432434,0.1573033707865169,0.0,0.35820895522388063,0
0.7333333333333334,1.0,1.0,1.0,1
0.32432432432432434,0.3603603603603604,0.0,0.31746031746031744,0
0.37735849056603776,0.30612244897959184,0.0,0.34285714285714286,0
0.19354838709677424,0.3917525773195877,0.0,0.25,0
0.8787878787878788,1.0,1.0,1.0,1
0.38888888888888884,0.24,0.0,0.25,0
0.8518518518518519,1.0,1.0,1.0,1
0.3125,0.275,0.0,0.34285714285714286,0
0.7777777777777779,1.0,1.0,1.0,1
0.5,0.3793103448275862,0.0,0.25,0
0.9523809523809522,1.0,1.0,1.0,1
0.7037037037037037,1.0,1.0,1.0,1
0.84,1.0,1.0,1.0,1
0.4,0.23913043478260865,0.0,0.4,0
0.25806451612903225,0.2045454545454546,0.0,1.0,0
0.20408163265306123,0.31034482758620685,0.0,0.48,0
0.8484848484848484,1.0,1.0,1.0,1
0.33333333333333337,0.2823529411764706,1.0,0.25,0
0.2857142857142857,0.4,0.0,0.3783783783783784,0
0.7142857142857143,1.0,1.0,1.0,1
0.8333333333333335,1.0,1.0,1.0,1
0.68,1.0,1.0,1.0,1
0.4324324324324324,0.34285714285714286,1.0,0.25,0
0.27586206896551724,0.34782608695652173,1.0,0.25,0
0.28,0.276595744680851,0.0,0.4761904761904761,0
0.30000000000000004,0.25,0.0,0.38095238095238093,0
0.1777777777777778,0.34782608695652173,0.0,0.25,0
0.4324324324324324,0.30952380952380953,0.0,0.14678899082568808,0
0.2142857142857143,0.3414634146341463,0.0,1.0,0
0.4814814814814815,0.30927835051546393,0.0,0.23076923076923073,0
0.375,0.3076923076923077,0.0,0.24242424242424243,0
0.8518518518518519,1.0,1.0,1.0,1
0.8,1.0,1.0,1.0,1
0.75,1.0,1.0,1.0,1
0.8,1.0,1.0,1.0,1
0.2941176470588235,0.4,0.0,0.25,0
0.2564102564102564,0.19999999999999996,0.0,1.0,0
0.9565217391304348,1.0,1.0,1.0,1
0.3076923076923077,0.40476190476190477,0.0,0.36363636363636365,0
0.826086956521739,1.0,1.0,1.0,1
0.17021276595744683,0.3157894736842105,0.0,0.23333333333333328,0
0.8333333333333335,1.0,1.0,1.0,1
0.3414634146341463,0.3728813559322034,0.0,0.48,0
0.8,1.0,1.0,1.0,1
0.2909090909090909,0.25225225225225223,0.0,0.2545454545454545,0
0.2941176470588235,0.19999999999999996,0.0,1.0,0
0.9,1.0,1.0,1.0,1
0.8518518518518519,1.0,1.0,1.0,1
0.3793103448275862,0.18181818181818177,0.0,0.41333333333333333,0
0.33333333333333337,0.2682926829268293,0.0,0.3125,0
0.9538461538461537,1.0,1.0,1.0,1
0.3768115942028986,0.359375,0.0,0.33333333333333337,0
0.48888888888888893,0.0,0.0,0.3278688524590164,0
0.4117647058823529,0.2702702702702703,0.0,0.3783783783783784,0
0.7142857142857143,1.0,1.0,1.0,1
0.24390243902439024,0.27722772277227725,0.0,0.25,0
0.34285714285714286,0.18181818181818177,0.0,0.2545454545454545,0
0.24390243902439024,0.3106796116504854,0.0,0.48,0
0.4324324324324324,0.4242424242424242,1.0,0.4761904761904761,0
0.9767441860465115,1.0,1.0,1.0,1
0.3589743589743589,0.32499999999999996,0.0,0.3597122302158273,0
0.9473684210526316,1.0,1.0,1.0,1
0.33333333333333337,0.2696629213483146,0.0,0.5454545454545454,0
0.2666666666666667,0.3918918918918919,1.0,0.36923076923076925,0
0.2666666666666667,0.1917808219178082,0.0,0.25,0
0.9,1.0,1.0,1.0,1
0.22857142857142854,0.3298969072164949,1.0,0.25,0
0.36065573770491793,0.32558139534883723,0.0,0.1333333333333333,0
0.26086956521739135,0.4492753623188406,1.0,0.25,0
0.84,1.0,1.0,1.0,1
0.6190476190476191,1.0,1.0,1.0,1
0.3589743589743589,0.2807017543859649,0.0,0.3941605839416058,0
0.9565217391304348,1.0,1.0,1.0,1
0.962962962962963,1.0,1.0,1.0,1
0.8333333333333335,1.0,1.0,1.0,1
0.34285714285714286,0.33587786259541985,0.0,1.0,0
0.7777777777777779,1.0,1.0,1.0,1
0.3157894736842105,0.33613445378151263,0.0,0.3597122302158273,0
0.826086956521739,1.0,1.0,1.0,1
0.326530612244898,0.27956989247311825,0.0,0.34285714285714286,0
0.3076923076923077,0.3157894736842105,1.0,0.35820895522388063,0
0.34285714285714286,0.3492063492063492,0.0,0.25,0
0.18181818181818177,0.303030303030303,0.0,0.3783783783783784,0
0.2857142857142857,0.3529411764705882,0.0,0.24242424242424243,0
0.9696969696969697,1.0,1.0,1.0,1
0.7894736842105263,1.0,1.0,1.0,1
0.368421052631579,0.2545454545454545,0.0,0.3597122302158273,0
0.736842105263158,1.0,1.0,1.0,1
0.3414634146341463,0.33333333333333337,0.0,0.288135593220339,0
0.9696969696969697,1.0,1.0,1.0,1
0.8181818181818181,1.0,1.0,1.0,1
0.9565217391304348,1.0,1.0,1.0,1
0.9696969696969697,1.0,1.0,1.0,1
0.34042553191489366,0.3076923076923077,0.0,0.4761904761904761,0
0.9565217391304348,1.0,1.0,1.0,1
0.8095238095238095,1.0,1.0,1.0,1
0.25531914893617025,0.10256410256410253,0.0,0.4444444444444444,0
0.5,0.3076923076923077,0.0,0.25,0
0.6923076923076923,1.0,1.0,1.0,1
0.8181818181818181,1.0,1.0,1.0,1
0.6129032258064516,0.23529411764705888,0.0,1.0,0
0.2162162162162162,0.2978723404255319,0.0,0.5154639175257731,0
0.826086956521739,1.0,1.0,1.0,1
0.24242424242424243,0.2592592592592593,0.0,0.3597122302158273,0
0.875,1.0,1.0,1.0,1
0.34615384615384615,0.27450980392156865,0.0,0.45569620253164556,0
0.35,0.3471074380165289,0.0,1.0,0
0.3448275862068966,0.30434782608695654,0.0,0.14678899082568808,0
0.7333333333333334,1.0,1.0,1.0,1
0.9696969696969697,1.0,1.0,1.0,1
0.8666666666666667,1.0,1.0,1.0,1
0.8461538461538461,1.0,1.0,1.0,1
0.3414634146341463,0.24096385542168675,1.0,0.48,0
0.8,1.0,1.0,1.0,1
0.8620689655172413,1.0,1.0,1.0,1
0.6363636363636364,1.0,1.0,1.0,1
0.4117647058823529,0.368421052631579,0.0,0.35820895522388063,0
0.972972972972973,1.0,1.0,1.0,1
0.9253731343283582,1.0,1.0,1.0,1
0.16666666666666663,0.22988505747126442,0.0,0.25,0
0.3846153846153846,0.3472222222222222,1.0,0.3597122302158273,0
0.34782608695652173,0.35036496350364965,1.0,0.25,0
0.8,1.0,1.0,1.0,1
0.8518518518518519,1.0,1.0,1.0,1
0.3870967741935484,0.2692307692307693,0.0,0.2857142857142857,0
0.38888888888888884,0.28,0.0,0.25,0
0.3414634146341463,0.2592592592592593,0.0,0.3597122302158273,0
0.814814814814815,1.0,1.0,1.0,1
0.25531914893617025,0.32258064516129037,1.0,1.0,0
0.4285714285714286,0.28985507246376807,0.0,0.2545454545454545,0
0.9655172413793103,1.0,1.0,1.0,1
0.8181818181818181,1.0,1.0,1.0,1
0.8,1.0,1.0,1.0,1
0.7037037037037037,1.0,1.0,1.0,1
0.41025641025641024,0.34285714285714286,0.0,1.0,0
0.8518518518518519,1.0,1.0,1.0,1
0.37209302325581395,0.29729729729729726,0.0,0.31746031746031744,0
0.303030303030303,0.3655913978494624,0.0,0.25,0
0.8611111111111112,1.0,1.0,1.0,1
0.3414634146341463,0.29508196721311475,0.0,0.25,0
0.2857142857142857,0.2857142857142857,0.0,0.14814814814814814,0
0.34285714285714286,0.16666666666666663,0.0,0.2545454545454545,0
0.2564102564102564,0.33898305084745756,1.0,0.3597122302158273,0
0.9523809523809522,1.0,1.0,1.0,1
0.814814814814815,1.0,1.0,1.0,1
0.9285714285714286,1.0,1.0,1.0,1
0.967741935483871,1.0,1.0,1.0,1
0.27450980392156865,0.33576642335766427,0.0,0.25,0
0.6666666666666667,1.0,1.0,1.0,1
0.4117647058823529,0.5,0.0,1.0,0
0.3589743589743589,0.28301886792452835,0.0,0.25,0
0.31818181818181823,0.33766233766233766,0.0,0.25,0
0.9696969696969697,1.0,1.0,1.0,1
0.25,0.3058823529411765,1.0,0.25,0
0.339622641509434,0.3516483516483516,0.0,0.25,0
0.5,0.34951456310679613,0.0,0.14678899082568808,0
0.26086956521739135,0.2075471698113207,0.0,0.2545454545454545,0
0.4242424242424242,0.3119266055045872,0.0,1.0,0
0.9473684210526316,1.0,1.0,1.0,1
0.6923076923076923,1.0,1.0,1.0,1
0.8518518518518519,1.0,1.0,1.0,1
0.4,0.19047619047619047,0.0,0.3783783783783784,0
0.875,1.0,1.0,1.0,1
0.6363636363636364,1.0,1.0,1.0,1
0.8717948717948718,1.0,1.0,1.0,1
0.303030303030303,0.3695652173913043,0.0,0.5154639175257731,0
0.961038961038961,1.0,1.0,1.0,1
0.48275862068965514,0.4117647058823529,0.0,0.25,0
0.7241379310344827,1.0,1.0,1.0,1
0.2264150943396226,0.0,1.0,0.4761904761904761,0
0.2807017543859649,0.28205128205128205,0.0,1.0,0
0.826086956521739,1.0,1.0,1.0,1
0.2222222222222222,0.0,0.0,0.25,0
0.5,0.30107526881720426,0.0,1.0,0
0.4,0.2816901408450704,0.0,0.14814814814814814,0
0.8387096774193549,1.0,1.0,1.0,1
0.34285714285714286,0.34042553191489366,0.0,0.4545454545454546,0
0.7037037037037037,1.0,1.0,1.0,1
0.9655172413793103,1.0,1.0,1.0,1
0.2727272727272727,0.28985507246376807,0.0,0.48,0
0.9565217391304348,1.0,1.0,1.0,1
0.34782608695652173,0.17021276595744683,0.0,0.20895522388059706,0
0.967741935483871,1.0,1.0,1.0,1
0.9444444444444444,0.0,1.0,1.0,1
0.8620689655172413,1.0,1.0,1.0,1
0.68,1.0,1.0,1.0,1
0.9285714285714286,1.0,1.0,1.0,1
0.2790697674418605,0.3492063492063492,0.0,1.0,0
0.25806451612903225,0.3464566929133859,0.0,0.3597122302158273,0
0.7419354838709676,1.0,1.0,1.0,1
0.6923076923076923,1.0,1.0,1.0,1
0.9565217391304348,1.0,1.0,1.0,1
0.967741935483871,1.0,1.0,1.0,1
0.9696969696969697,1.0,1.0,1.0,1
0.782608695652174,1.0,1.0,1.0,1
0.29268292682926833,0.29702970297029707,0.0,1.0,0
0.3783783783783784,0.25806451612903225,0.0,0.3783783783783784,0
0.8181818181818181,1.0,1.0,1.0,1
0.2857142857142857,0.5294117647058824,1.0,1.0,0
0.36734693877551017,0.31999999999999995,0.0,0.24137931034482762,0
0.7575757575757575,1.0,1.0,1.0,1
0.826086956521739,1.0,1.0,1.0,1
0.45614035087719296,0.339622641509434,0.0,0.36363636363636365,0
0.926829268292683,1.0,1.0,1.0,1
0.3555555555555555,0.21176470588235297,0.0,1.0,0
0.84,1.0,1.0,1.0,1
0.3529411764705882,0.3157894736842105,0.0,0.3783783783783784,0
0.6923076923076923,1.0,1.0,1.0,1
0.6875,1.0,1.0,1.0,1
0.3555555555555555,0.2592592592592593,0.0,0.25,0
0.32432432432432434,0.368421052631579,0.0,0.25,0
0.6666666666666667,1.0,1.0,1.0,1
0.2857142857142857,0.2857142857142857,0.0,0.45569620253164556,0
0.33333333333333337,0.36363636363636365,0.0,0.3783783783783784,0
0.35,0.3207547169811321,0.0,1.0,0
0.38888888888888884,0.0,0.0,0.4761904761904761,0
0.9583333333333335,1.0,1.0,1.0,1
0.36734693877551017,0.35820895522388063,0.0,0.45569620253164556,0
0.3076923076923077,0.275,0.0,0.4545454545454546,0
0.30188679245283023,0.2777777777777778,0.0,0.3597122302158273,0
0.30434782608695654,0.27368421052631575,0.0,0.36923076923076925,0
0.33333333333333337,0.36764705882352944,0.0,0.2727272727272727,0
0.2727272727272727,0.2564102564102564,0.0,0.2545454545454545,0
0.36065573770491793,0.3703703703703704,0.0,0.14678899082568808,0
0.9523809523809522,1.0,1.0,1.0,1
0.40909090909090906,0.2666666666666667,0.0,0.35820895522388063,0
0.2857142857142857,0.23684210526315785,0.0,0.24137931034482762,0
0.32432432432432434,0.3870967741935484,0.0,0.25,0
0.36363636363636365,0.3076923076923077,0.0,1.0,0
0.2222222222222222,0.3698630136986301,0.0,0.45569620253164556,0
0.36363636363636365,0.32692307692307687,0.0,1.0,0
0.84,1.0,1.0,1.0,1
0.826086956521739,1.0,1.0,1.0,1
0.7777777777777779,1.0,1.0,1.0,1
0.7619047619047619,1.0,1.0,1.0,1
0.2857142857142857,0.23300970873786409,0.0,1.0,0
0.8461538461538461,1.0,1.0,1.0,1
0.15000000000000002,0.3458646616541353,0.0,0.25,0
0.32432432432432434,0.3191489361702128,0.0,0.3597122302158273,0
0.9545454545454546,1.0,1.0,1.0,1
0.20408163265306123,0.2727272727272727,0.0,0.45569620253164556,0
0.9508196721311475,1.0,1.0,1.0,1
0.972972972972973,1.0,1.0,1.0,1
0.43333333333333335,0.33766233766233766,0.0,1.0,0
0.26315789473684215,0.27722772277227725,0.0,0.25,0
0.6521739130434783,1.0,1.0,1.0,1
0.9714285714285714,1.0,1.0,1.0,1
0.8095238095238095,1.0,1.0,1.0,1
0.6521739130434783,1.0,1.0,1.0,1
0.5454545454545454,1.0,1.0,1.0,1
0.23809523809523814,0.40540540540540543,1.0,0.25,0
0.4838709677419355,0.34951456310679613,0.0,0.14678899082568808,0
0.9523809523809522,1.0,1.0,1.0,1
0.303030303030303,0.29032258064516125,0.0,0.48,0
0.9538461538461537,1.0,1.0,1.0,1
0.8461538461538461,1.0,1.0,1.0,1
0.7419354838709676,1.0,1.0,1.0,1
0.6521739130434783,1.0,1.0,1.0,1
0.826086956521739,1.0,1.0,1.0,1
0.8,1.0,1.0,1.0,1
0.9743589743589743,1.0,1.0,1.0,1
0.975609756097561,1.0,1.0,1.0,1
0.34285714285714286,0.35460992907801414,0.0,0.33333333333333337,0
0.95,1.0,1.0,1.0,1
0.9565217391304348,1.0,1.0,1.0,1
0.38095238095238093,0.28846153846153844,0.0,0.3214285714285714,0
0.8620689655172413,1.0,1.0,1.0,1
0.34042553191489366,0.19354838709677424,0.0,0.35820895522388063,0
0.826086956521739,1.0,1.0,1.0,1
0.34615384615384615,0.2784810126582279,0.0,1.0,0
0.9473684210526316,0.0,1.0,1.0,1
0.2790697674418605,0.2692307692307693,0.0,0.25,0
0.23255813953488372,0.3291139240506329,1.0,0.45569620253164556,0
0.975609756097561,1.0,1.0,1.0,1
0.36363636363636365,0.3833333333333333,0.0,0.23333333333333328,0
0.9302325581395349,1.0,1.0,1.0,1
0.303030303030303,0.4032258064516129,0.0,0.45569620253164556,0
0.3125,0.28037383177570097,0.0,0.2857142857142857,0
0.972972972972973,1.0,1.0,1.0,1
0.9024390243902439,1.0,1.0,1.0,1
0.43137254901960786,0.33333333333333337,0.0,0.3597122302158273,0
0.8333333333333335,1.0,1.0,1.0,1
0.8461538461538461,1.0,1.0,1.0,1
0.8333333333333335,1.0,1.0,1.0,1
0.8918918918918919,1.0,1.0,1.0,1
0.2857142857142857,0.24347826086956526,1.0,0.3597122302158273,0
0.38095238095238093,0.33333333333333337,0.0,0.4,0
0.3589743589743589,0.29032258064516125,0.0,0.36363636363636365,0
0.23809523809523814,0.22857142857142854,0.0,0.48,0
0.4444444444444444,0.2465753424657534,0.0,1.0,0
0.782608695652174,1.0,1.0,1.0,1
0.96,1.0,1.0,1.0,1
0.4,0.18604651162790697,0.0,0.23333333333333328,0
0.4545454545454546,0.2857142857142857,0.0,0.3597122302158273,0
0.8181818181818181,1.0,1.0,1.0,1
0.3728813559322034,0.22784810126582278,0.0,0.2545454545454545,0
0.3902439024390244,0.3291139240506329,0.0,0.2545454545454545,0
0.875,1.0,1.0,1.0,1
0.09523809523809523,0.3025210084033614,0.0,1.0,0
0.6363636363636364,1.0,1.0,1.0,1
0.972972972972973,1.0,1.0,1.0,1
0.18181818181818177,0.38,1.0,1.0,0
0.31818181818181823,0.41463414634146345,1.0,1.0,0
0.28,0.2637362637362637,0.0,0.3783783783783784,0
0.7894736842105263,1.0,1.0,1.0,1
0.68,1.0,1.0,1.0,1
0.2857142857142857,0.3008849557522124,0.0,0.25,0
0.7727272727272727,1.0,1.0,1.0,1
0.9523809523809522,1.0,1.0,1.0,1
0.9583333333333335,1.0,1.0,1.0,1
0.38888888888888884,0.34862385321100914,0.0,0.4444444444444444,0
0.9361702127659575,1.0,1.0,1.0,1
0.9655172413793103,1.0,1.0,1.0,1
0.8181818181818181,1.0,1.0,1.0,1
0.75,1.0,1.0,1.0,1
0.2857142857142857,0.26415094339622647,0.0,0.2857142857142857,0
0.7777777777777779,1.0,1.0,1.0,1
0.6666666666666667,1.0,1.0,1.0,1
0.368421052631579,0.2654867256637168,0.0,0.24242424242424243,0
0.8620689655172413,1.0,1.0,1.0,1
0.26086956521739135,0.41221374045801523,0.0,1.0,0
0.8333333333333335,1.0,1.0,1.0,1
0.7142857142857143,1.0,1.0,1.0,1
0.3414634146341463,0.3655913978494624,0.0,0.288135593220339,0
0.23076923076923073,0.36585365853658536,1.0,0.25,0
0.2790697674418605,0.2178217821782178,0.0,1.0,0
0.8709677419354839,1.0,1.0,1.0,1
0.38095238095238093,0.25316455696202533,0.0,0.5154639175257731,0
0.8620689655172413,1.0,1.0,1.0,1
0.4,0.33333333333333337,0.0,0.14814814814814814,0
0.2909090909090909,0.2857142857142857,0.0,0.3783783783783784,0
0.52,0.37142857142857144,0.0,0.14678899082568808,0
0.3414634146341463,0.38095238095238093,0.0,0.25,0
0.339622641509434,0.22413793103448276,0.0,0.2545454545454545,0
0.25531914893617025,0.34408602150537637,1.0,0.45569620253164556,0
0.303030303030303,0.4285714285714286,0.0,0.25,0
0.8181818181818181,1.0,1.0,1.0,1
0.84,1.0,1.0,1.0,1
0.36363636363636365,0.3789473684210526,0.0,0.14678899082568808,0
0.33333333333333337,0.30107526881720426,0.0,0.2857142857142857,0
0.3783783783783784,0.3612903225806452,0.0,0.3597122302158273,0
0.26086956521739135,0.2637362637362637,0.0,1.0,0
0.8709677419354839,1.0,1.0,1.0,1
0.8596491228070176,1.0,1.0,1.0,1
0.8787878787878788,1.0,1.0,1.0,1
0.31999999999999995,0.34426229508196726,0.0,0.25,0
0.3589743589743589,0.296875,0.0,1.0,0
0.7727272727272727,1.0,1.0,1.0,1
0.7727272727272727,1.0,1.0,1.0,1
0.8,1.0,1.0,1.0,1
0.3783783783783784,0.3548387096774194,0.0,0.4761904761904761,0
0.2222222222222222,0.27450980392156865,0.0,0.20895522388059706,0
0.9024390243902439,1.0,1.0,1.0,1
0.9696969696969697,1.0,1.0,1.0,1
0.5,0.33333333333333337,1.0,0.45569620253164556,0
0.36363636363636365,0.32352941176470584,0.0,0.45569620253164556,0
0.75,1.0,1.0,1.0,1
0.34042553191489366,0.2222222222222222,0.0,0.35820895522388063,0
0.8,1.0,1.0,1.0,1
0.30434782608695654,0.12121212121212122,0.0,0.3597122302158273,0
0.34042553191489366,0.38834951456310685,0.0,0.5454545454545454,0
0.967741935483871,1.0,1.0,1.0,1
0.33333333333333337,0.22807017543859653,0.0,0.25,0
0.96,1.0,1.0,1.0,1
0.8666666666666667,1.0,1.0,1.0,1
0.4545454545454546,0.3508771929824561,0.0,0.14678899082568808,0
0.7777777777777779,1.0,1.0,1.0,1
0.4324324324324324,0.2954545454545454,0.0,0.25,0
0.30434782608695654,0.32727272727272727,0.0,0.25,0
0.875,1.0,1.0,1.0,1
0.9375,1.0,1.0,1.0,1
0.2941176470588235,0.19047619047619047,0.0,0.36363636363636365,0
0.2978723404255319,0.0,0.0,0.3492063492063492,0
0.27692307692307694,0.3191489361702128,0.0,0.3278688524590164,0
0.32258064516129037,0.25806451612903225,0.0,0.31746031746031744,0
0.4666666666666666,0.37623762376237624,1.0,0.3597122302158273,0
0.8,1.0,1.0,1.0,1
0.5769230769230769,0.24137931034482762,0.0,1.0,0
0.31999999999999995,0.0,0.0,0.42105263157894735,0
0.8857142857142857,1.0,1.0,1.0,1
0.37209302325581395,0.2978723404255319,0.0,1.0,0
0.368421052631579,0.31404958677685946,0.0,0.14678899082568808,0
0.24137931034482762,0.3471074380165289,0.0,0.25,0
0.75,1.0,1.0,1.0,1
0.6521739130434783,1.0,1.0,1.0,1
0.9454545454545454,1.0,1.0,1.0,1
0.8076923076923077,1.0,1.0,1.0,1
0.40909090909090906,0.2666666666666667,0.0,0.25,0
0.26086956521739135,0.30534351145038163,0.0,0.24137931034482762,0
0.84,1.0,1.0,1.0,1
0.6923076923076923,1.0,1.0,1.0,1
0.24242424242424243,0.30000000000000004,0.0,0.45569620253164556,0
0.8095238095238095,1.0,1.0,1.0,1
0.7777777777777779,1.0,1.0,1.0,1
0.2790697674418605,0.28260869565217395,0.0,1.0,0
0.84,1.0,1.0,1.0,1
0.7575757575757575,1.0,1.0,1.0,1
0.8857142857142857,1.0,1.0,1.0,1
0.975609756097561,1.0,1.0,1.0,1
0.2941176470588235,0.381578947368421,0.0,0.42666666666666664,0
0.8484848484848484,1.0,1.0,1.0,1
0.368421052631579,0.3826086956521739,0.0,0.25,0
0.826086956521739,1.0,1.0,1.0,1
0.38095238095238093,0.30000000000000004,0.0,0.3278688524590164,0
0.25,0.2588235294117647,0.0,0.2545454545454545,0
0.28,0.3695652173913043,0.0,0.3597122302158273,0
0.8461538461538461,1.0,1.0,1.0,1
0.962962962962963,1.0,1.0,1.0,1
0.4,0.29166666666666663,0.0,1.0,0
0.34042553191489366,0.35,0.0,0.25,0
0.26315789473684215,0.29850746268656714,0.0,0.3597122302158273,0
0.9714285714285714,1.0,1.0,1.0,1
0.4,0.33613445378151263,0.0,1.0,0
0.2142857142857143,0.27586206896551724,0.0,1.0,0
0.3703703703703704,0.2666666666666667,0.0,0.14814814814814814,0
0.30000000000000004,0.3125,1.0,0.25,0
0.3157894736842105,0.4036697247706422,0.0,1.0,0
0.26086956521739135,0.34693877551020413,0.0,1.0,0
0.2857142857142857,0.29166666666666663,1.0,1.0,0
0.7777777777777779,1.0,1.0,1.0,1
0.41666666666666663,0.4,0.0,0.4,0
0.826086956521739,1.0,1.0,1.0,1
0.7619047619047619,1.0,1.0,1.0,1
0.8,1.0,1.0,1.0,1
0.303030303030303,0.2702702702702703,0.0,0.25,0
0.3508771929824561,0.28205128205128205,0.0,0.25,0
0.8620689655172413,1.0,1.0,1.0,1
0.4285714285714286,0.125,0.0,0.2702702702702703,0
0.33333333333333337,0.19130434782608696,0.0,1.0,0
0.32558139534883723,0.23728813559322037,0.0,0.4,0
0.38095238095238093,0.2549019607843137,0.0,0.20895522388059706,0
0.7142857142857143,1.0,1.0,1.0,1
0.2564102564102564,0.20588235294117652,0.0,0.25,0
0.6363636363636364,1.0,1.0,1.0,1
0.8918918918918919,1.0,1.0,1.0,1
0.3555555555555555,0.3380281690140845,0.0,0.48,0
0.3783783783783784,0.2978723404255319,0.0,0.5154639175257731,0
0.962962962962963,1.0,1.0,1.0,1
0.9473684210526316,1.0,1.0,1.0,1
0.7916666666666665,1.0,1.0,1.0,1
0.3125,0.3620689655172413,0.0,0.45569620253164556,0
0.9444444444444444,1.0,1.0,1.0,1
0.2162162162162162,0.2962962962962963,0.0,1.0,0
0.36734693877551017,0.1875,0.0,0.25,0
0.2702702702702703,0.2921348314606742,0.0,0.25,0
0.9047619047619048,1.0,1.0,1.0,1
0.3157894736842105,0.16666666666666663,0.0,0.2545454545454545,0
0.30508474576271183,0.3529411764705882,1.0,0.35820895522388063,0
0.7777777777777779,1.0,1.0,1.0,1
0.96,1.0,1.0,1.0,1
0.24390243902439024,0.3214285714285714,0.0,1.0,0
0.2941176470588235,0.3448275862068966,0.0,0.30508474576271183,0
0.45714285714285713,0.32478632478632474,1.0,1.0,0
0.29268292682926833,0.34782608695652173,0.0,1.0,0
0.9743589743589743,1.0,1.0,1.0,1
0.975609756097561,1.0,1.0,1.0,1
0.303030303030303,0.0,0.0,0.2222222222222222,0
0.33333333333333337,0.2597402597402597,0.0,0.35820895522388063,0
0.7419354838709676,1.0,1.0,1.0,1
0.8857142857142857,1.0,1.0,1.0,1
0.7619047619047619,1.0,1.0,1.0,1
0.3414634146341463,0.31999999999999995,0.0,0.4761904761904761,0
0.9,1.0,1.0,1.0,1
0.3783783783783784,0.31034482758620685,0.0,0.33333333333333337,0
0.4897959183673469,0.2954545454545454,0.0,1.0,0
0.9444444444444444,1.0,1.0,1.0,1
0.75,1.0,1.0,1.0,1
0.975609756097561,1.0,1.0,1.0,1
0.7727272727272727,1.0,1.0,1.0,1
0.75,1.0,1.0,1.0,1
0.3111111111111111,0.39583333333333337,0.0,0.4,0
0.8484848484848484,1.0,1.0,1.0,1
0.95,1.0,1.0,1.0,1
0.2857142857142857,0.2692307692307693,0.0,1.0,0
0.2857142857142857,0.2702702702702703,0.0,0.3941605839416058,0
0.3157894736842105,0.33333333333333337,1.0,0.3597122302158273,0
0.9655172413793103,1.0,1.0,1.0,1
0.38095238095238093,0.3733333333333333,1.0,0.3597122302158273,0
0.8518518518518519,1.0,1.0,1.0,1
0.33333333333333337,0.30379746835443033,0.0,0.24242424242424243,0
0.22857142857142854,0.29032258064516125,0.0,1.0,0
0.38235294117647056,0.3698630136986301,1.0,0.43333333333333335,0
0.33333333333333337,0.20512820512820518,0.0,0.25,0
0.9696969696969697,1.0,1.0,1.0,1
0.8787878787878788,1.0,1.0,1.0,1
0.8461538461538461,1.0,1.0,1.0,1
0.4,0.2654867256637168,0.0,0.31746031746031744,0
0.3125,0.2912621359223301,0.0,0.2857142857142857,0
0.8181818181818181,1.0,1.0,1.0,1
0.9183673469387756,1.0,1.0,1.0,1
0.20512820512820518,0.2947368421052632,0.0,1.0,0
0.34285714285714286,0.34042553191489366,0.0,0.4242424242424242,0
0.14814814814814814,0.24242424242424243,0.0,0.3597122302158273,0
0.8518518518518519,1.0,1.0,1.0,1
0.3870967741935484,0.3007518796992481,0.0,0.2545454545454545,0
0.25806451612903225,0.3924050632911392,1.0,0.45569620253164556,0
0.30188679245283023,0.25,1.0,0.23076923076923073,0
0.339622641509434,0.2790697674418605,0.0,0.25,0
0.4067796610169492,0.29885057471264365,0.0,0.25,0
0.6521739130434783,1.0,1.0,1.0,1
0.84,1.0,1.0,1.0,1
0.5,1.0,1.0,1.0,1
0.3508771929824561,0.37878787878787873,1.0,0.23076923076923073,0
0.7241379310344827,1.0,1.0,1.0,1
0.29268292682926833,0.36363636363636365,0.0,0.25,0
0.9615384615384616,1.0,1.0,1.0,1
0.32558139534883723,0.26262626262626265,0.0,0.2857142857142857,0
0.2857142857142857,0.26388888888888884,1.0,0.3597122302158273,0
0.38095238095238093,0.25,0.0,0.3597122302158273,0
0.3703703703703704,0.17977528089887643,0.0,0.14678899082568808,0
0.9714285714285714,1.0,1.0,1.0,1
0.3157894736842105,0.3496503496503497,1.0,0.25,0
0.8076923076923077,1.0,1.0,1.0,1
0.34285714285714286,0.29032258064516125,0.0,0.34285714285714286,0
0.4,0.26086956521739135,0.0,0.14678899082568808,0
0.8333333333333335,1.0,1.0,1.0,1
0.68,1.0,1.0,1.0,1
0.5333333333333333,0.24,0.0,0.14678899082568808,0
0.33333333333333337,0.27522935779816515,0.0,0.25,0
0.6521739130434783,1.0,1.0,1.0,1
0.6521739130434783,1.0,1.0,1.0,1
0.21276595744680848,0.2168674698795181,0.0,0.24137931034482762,0
0.3703703703703704,0.28888888888888886,0.0,1.0,0
0.2068965517241379,0.2909090909090909,1.0,0.25,0
0.8666666666666667,1.0,1.0,1.0,1
0.375,0.29059829059829057,0.0,0.2545454545454545,0
0.375,0.2647058823529411,0.0,0.3597122302158273,0
0.2857142857142857,0.2790697674418605,0.0,0.20895522388059706,0
0.7727272727272727,1.0,1.0,1.0,1
0.31999999999999995,0.31932773109243695,0.0,0.25,0
0.31034482758620685,0.2909090909090909,0.0,0.3783783783783784,0
0.9615384615384616,1.0,1.0,1.0,1
0.9666666666666667,1.0,1.0,1.0,1
0.7037037037037037,1.0,1.0,1.0,1
0.9696969696969697,1.0,1.0,1.0,1
0.36363636363636365,0.19999999999999996,1.0,1.0,0
0.5789473684210527,1.0,1.0,1.0,1
0.23255813953488372,0.276595744680851,0.0,0.25,0
0.24,0.43333333333333335,0.0,0.31746031746031744,0
0.41860465116279066,0.26262626262626265,0.0,0.24137931034482762,0
0.962962962962963,1.0,1.0,1.0,1
0.7647058823529411,1.0,1.0,1.0,1
0.7333333333333334,1.0,1.0,1.0,1
0.25,0.38636363636363635,0.0,1.0,0
0.7777777777777779,1.0,1.0,1.0,1
0.8095238095238095,1.0,1.0,1.0,1
0.6521739130434783,1.0,1.0,1.0,1
0.962962962962963,1.0,1.0,1.0,1
0.40909090909090906,0.18666666666666665,0.0,0.31746031746031744,0
0.8,1.0,1.0,1.0,1
0.2941176470588235,0.32758620689655177,0.0,1.0,0
0.9491525423728814,1.0,1.0,1.0,1
0.7647058823529411,1.0,1.0,1.0,1
0.9655172413793103,1.0,1.0,1.0,1
0.19512195121951215,0.31746031746031744,0.0,0.45569620253164556,0
0.7619047619047619,1.0,1.0,1.0,1
0.2142857142857143,0.33333333333333337,0.0,0.14678899082568808,0
0.41860465116279066,0.0,0.0,0.4761904761904761,0
0.29268292682926833,0.3661971830985915,0.0,0.2545454545454545,0
0.3589743589743589,0.32478632478632474,0.0,0.14678899082568808,0
0.7241379310344827,1.0,1.0,1.0,1
0.9583333333333335,1.0,1.0,1.0,1
0.26315789473684215,0.37623762376237624,0.0,1.0,0
0.25,0.26086956521739135,0.0,0.38095238095238093,0
0.9454545454545454,1.0,1.0,1.0,1
0.7777777777777779,1.0,1.0,1.0,1
0.30000000000000004,0.0,0.0,0.4761904761904761,0
0.972972972972973,1.0,1.0,1.0,1
0.6190476190476191,1.0,1.0,1.0,1
0.42553191489361697,0.28865979381443296,0.0,0.25,0
0.34615384615384615,0.0,0.0,0.3941605839416058,0
0.967741935483871,1.0,1.0,1.0,1
0.9090909090909091,1.0,1.0,1.0,1
0.9473684210526316,1.0,1.0,1.0,1
0.875,1.0,1.0,1.0,1
0.4,0.20588235294117652,0.0,0.3783783783783784,0
0.9565217391304348,1.0,1.0,1.0,1
0.36363636363636365,0.3870967741935484,0.0,0.4444444444444444,0
0.967741935483871,1.0,1.0,1.0,1
0.3571428571428571,0.3111111111111111,0.0,0.36923076923076925,0
0.24,0.2666666666666667,0.0,0.41333333333333333,0
0.9473684210526316,1.0,1.0,1.0,1
0.84,1.0,1.0,1.0,1
0.30508474576271183,0.27586206896551724,0.0,0.4444444444444444,0
0.9523809523809522,1.0,1.0,1.0,1
0.9024390243902439,1.0,1.0,1.0,1
0.96,1.0,1.0,1.0,1
0.7777777777777779,1.0,1.0,1.0,1
0.9,1.0,1.0,1.0,1
0.38095238095238093,0.33333333333333337,0.0,0.14814814814814814,0
0.8648648648648648,1.0,1.0,1.0,1
0.75,1.0,1.0,1.0,1
0.2222222222222222,0.2947368421052632,0.0,0.3597122302158273,0
0.7142857142857143,1.0,1.0,1.0,1
0.8095238095238095,1.0,1.0,1.0,1
0.9411764705882352,1.0,1.0,1.0,1
0.37209302325581395,0.2962962962962963,0.0,0.24137931034482762,0
0.3703703703703704,0.2535211267605634,0.0,0.2545454545454545,0
0.8181818181818181,1.0,1.0,1.0,1
0.23728813559322037,0.40816326530612246,0.0,0.14678899082568808,0
0.7037037037037037,1.0,1.0,1.0,1
0.4,0.29885057471264365,0.0,0.36923076923076925,0
0.27450980392156865,0.3793103448275862,0.0,0.23333333333333328,0
0.30434782608695654,0.36,0.0,1.0,0
0.303030303030303,0.3058823529411765,0.0,0.2545454545454545,0
0.33333333333333337,0.38095238095238093,0.0,0.48,0
0.32258064516129037,0.28205128205128205,0.0,0.45569620253164556,0
0.3414634146341463,0.3392857142857143,1.0,0.35820895522388063,0
0.9696969696969697,1.0,1.0,1.0,1
0.7894736842105263,1.0,1.0,1.0,1
0.32558139534883723,0.33333333333333337,0.0,0.2857142857142857,0
0.8461538461538461,1.0,1.0,1.0,1
0.8333333333333335,1.0,1.0,1.0,1
0.7948717948717949,1.0,1.0,1.0,1
0.3125,0.36363636363636365,0.0,0.3597122302158273,0
0.9655172413793103,1.0,1.0,1.0,1
0.2857142857142857,0.3076923076923077,0.0,1.0,0
0.3157894736842105,0.0357142857142857,0.0,0.31746031746031744,0
0.25806451612903225,0.33333333333333337,0.0,0.34285714285714286,0
0.4545454545454546,0.3564356435643564,0.0,0.25,0
0.8620689655172413,1.0,1.0,1.0,1
0.9538461538461537,1.0,1.0,1.0,1
0.9024390243902439,1.0,1.0,1.0,1
0.3111111111111111,0.30188679245283023,0.0,0.2545454545454545,0
0.3728813559322034,0.3551401869158879,0.0,0.3783783783783784,0
0.25,0.2222222222222222,0.0,0.3214285714285714,0
0.3137254901960784,0.2941176470588235,0.0,0.35820895522388063,0
0.3448275862068966,0.2727272727272727,0.0,0.3783783783783784,0
0.2272727272727273,0.28037383177570097,0.0,0.30508474576271183,0
0.33333333333333337,0.3555555555555555,0.0,0.25,0
0.9655172413793103,1.0,1.0,1.0,1
0.3414634146341463,0.2831858407079646,0.0,0.4545454545454546,0
0.8571428571428572,1.0,1.0,1.0,1
0.6,1.0,1.0,1.0,1
0.7333333333333334,1.0,1.0,1.0,1
0.5,1.0,1.0,1.0,1
0.24242424242424243,0.3846153846153846,1.0,0.23333333333333328,0
0.36363636363636365,0.32478632478632474,0.0,0.25,0
0.40909090909090906,0.3648648648648649,0.0,0.3597122302158273,0
0.2857142857142857,0.32098765432098764,0.0,0.42105263157894735,0
0.2727272727272727,0.3584905660377359,0.0,1.0,0
0.9696969696969697,1.0,1.0,1.0,1
0.8333333333333335,1.0,1.0,1.0,1
0.7894736842105263,1.0,1.0,1.0,1
0.9666666666666667,1.0,1.0,1.0,1
0.2909090909090909,0.3770491803278688,1.0,0.25,0
0.21052631578947367,0.351145038167939,0.0,0.5154639175257731,0
0.4,0.3571428571428571,0.0,0.45569620253164556,0
0.38095238095238093,0.35862068965517246,0.0,0.43333333333333335,0
0.33333333333333337,0.18461538461538463,0.0,0.2545454545454545,0
0.8620689655172413,1.0,1.0,1.0,1
0.32558139534883723,0.3703703703703704,0.0,0.14678899082568808,0
0.9655172413793103,1.0,1.0,1.0,1
0.7222222222222221,1.0,1.0,1.0,1
0.32835820895522383,0.35416666666666663,0.0,0.3783783783783784,0
0.68,1.0,1.0,1.0,1
0.18181818181818177,0.32692307692307687,0.0,0.3783783783783784,0
0.7916666666666665,1.0,1.0,1.0,1
0.967741935483871,1.0,1.0,1.0,1
0.8620689655172413,1.0,1.0,1.0,1
0.30000000000000004,0.18823529411764706,0.0,0.2222222222222222,0
0.9655172413793103,1.0,1.0,1.0,1
0.2816901408450704,0.3076923076923077,0.0,0.41333333333333333,0
0.33333333333333337,0.31055900621118016,0.0,0.14814814814814814,0
0.8,1.0,1.0,1.0,1
0.2857142857142857,0.3410852713178295,0.0,0.23076923076923073,0
0.9130434782608696,1.0,1.0,1.0,1
0.7894736842105263,1.0,1.0,1.0,1
0.24561403508771928,0.1609195402298851,0.0,0.3783783783783784,0
0.2465753424657534,0.2857142857142857,0.0,0.4,0
0.9714285714285714,1.0,1.0,1.0,1
0.3076923076923077,0.20253164556962022,0.0,0.3597122302158273,0
0.9285714285714286,1.0,1.0,1.0,1
0.29166666666666663,0.29032258064516125,0.0,0.14678899082568808,0
0.33333333333333337,0.45614035087719296,0.0,0.14678899082568808,0
0.34615384615384615,0.0,0.0,0.4761904761904761,0
0.68,1.0,1.0,1.0,1
0.33898305084745756,0.3738317757009347,0.0,0.14678899082568808,0
0.6923076923076923,1.0,1.0,1.0,1
0.3448275862068966,0.3047619047619048,0.0,0.14678899082568808,0
0.24489795918367352,0.2857142857142857,0.0,0.48,0
0.8,1.0,1.0,1.0,1
0.9743589743589743,1.0,1.0,1.0,1
0.962962962962963,1.0,1.0,1.0,1
0.972972972972973,1.0,1.0,1.0,1
0.2962962962962963,0.18181818181818177,0.0,0.36923076923076925,0
0.2857142857142857,0.4666666666666666,0.0,1.0,0
0.7948717948717949,1.0,1.0,1.0,1
0.3076923076923077,0.30952380952380953,1.0,0.2545454545454545,0
0.2790697674418605,0.21739130434782605,0.0,0.2545454545454545,0
0.7142857142857143,1.0,1.0,1.0,1
0.33333333333333337,0.32258064516129037,0.0,0.41666666666666663,0
0.36363636363636365,0.3870967741935484,0.0,0.4761904761904761,0
0.29032258064516125,0.3142857142857143,0.0,0.36363636363636365,0
0.75,1.0,1.0,1.0,1
0.967741935483871,1.0,1.0,1.0,1
0.29850746268656714,0.375,0.0,0.2545454545454545,0
0.9655172413793103,1.0,1.0,1.0,1
0.21052631578947367,0.3114754098360656,0.0,0.14678899082568808,0
0.36363636363636365,0.34951456310679613,0.0,0.25,0
0.8181818181818181,1.0,1.0,1.0,1
0.75,1.0,1.0,1.0,1
0.9148936170212765,1.0,1.0,1.0,1
0.22857142857142854,0.3875968992248062,0.0,0.45569620253164556,0
0.9705882352941176,1.0,1.0,1.0,1
0.5833333333333333,1.0,1.0,1.0,1
0.9,1.0,1.0,1.0,1
0.7333333333333334,1.0,1.0,1.0,1
0.6923076923076923,1.0,1.0,1.0,1
0.44776119402985076,0.3779527559055118,0.0,0.2545454545454545,0
0.2777777777777778,0.23376623376623373,0.0,0.3597122302158273,0
0.2807017543859649,0.22857142857142854,0.0,0.19047619047619047,0
0.2941176470588235,0.3026315789473685,0.0,0.3597122302158273,0
0.9473684210526316,1.0,1.0,1.0,1
0.9655172413793103,1.0,1.0,1.0,1
0.84,1.0,1.0,1.0,1
0.32558139534883723,0.31932773109243695,0.0,1.0,0
0.3076923076923077,0.3116883116883117,0.0,0.25,0
0.34042553191489366,0.2716049382716049,0.0,0.5154639175257731,0
0.9655172413793103,1.0,1.0,1.0,1
0.8611111111111112,1.0,1.0,1.0,1
0.4666666666666666,0.3188405797101449,0.0,0.5154639175257731,0
0.3571428571428571,0.26865671641791045,0.0,0.25,0
0.4,0.3125,0.0,1.0,0
0.37209302325581395,0.35862068965517246,1.0,0.35820895522388063,0
0.9565217391304348,1.0,1.0,1.0,1
0.7333333333333334,0.0,1.0,1.0,1
0.8181818181818181,1.0,1.0,1.0,1
0.826086956521739,1.0,1.0,1.0,1
0.30000000000000004,0.29702970297029707,0.0,0.31746031746031744,0
0.41860465116279066,0.3728813559322034,0.0,1.0,0
0.2857142857142857,0.3471074380165289,0.0,1.0,0
0.875,1.0,1.0,1.0,1
0.16000000000000003,0.24,0.0,0.25,0
0.967741935483871,1.0,1.0,1.0,1
0.782608695652174,1.0,1.0,1.0,1
0.26086956521739135,0.26086956521739135,0.0,1.0,0
0.7575757575757575,1.0,1.0,1.0,1
0.8529411764705883,1.0,1.0,1.0,1
0.6666666666666667,1.0,1.0,1.0,1
0.36363636363636365,0.3764705882352941,0.0,0.5154639175257731,0
0.30000000000000004,0.0,0.0,0.4761904761904761,0
0.9767441860465115,1.0,1.0,1.0,1
0.6923076923076923,1.0,1.0,1.0,1
0.375,0.3846153846153846,0.0,0.48,0
0.2857142857142857,0.39252336448598135,0.0,0.31746031746031744,0
0.2264150943396226,0.2894736842105263,0.0,1.0,0
0.20512820512820518,0.28,0.0,0.25,0
0.2666666666666667,0.3146067415730337,0.0,1.0,0
0.9743589743589743,1.0,1.0,1.0,1
0.8,1.0,1.0,1.0,1
0.8666666666666667,1.0,1.0,1.0,1
0.9583333333333335,1.0,1.0,1.0,1
0.9743589743589743,1.0,1.0,1.0,1
0.2564102564102564,0.25806451612903225,0.0,0.4,0
0.9,1.0,1.0,1.0,1
0.7894736842105263,1.0,1.0,1.0,1
0.8333333333333335,1.0,1.0,1.0,1
0.8620689655172413,1.0,1.0,1.0,1
0.2978723404255319,0.21568627450980393,0.0,0.23333333333333328,0
0.6521739130434783,1.0,1.0,1.0,1
0.8214285714285714,1.0,1.0,1.0,1
0.31034482758620685,0.2962962962962963,0.0,0.2545454545454545,0
0.3703703703703704,0.3111111111111111,0.0,0.4,0
0.23076923076923073,0.2696629213483146,0.0,1.0,0
0.7575757575757575,1.0,1.0,1.0,1
0.29166666666666663,0.32692307692307687,0.0,0.2545454545454545,0
0.3448275862068966,0.29702970297029707,0.0,0.25,0
0.9523809523809522,1.0,1.0,1.0,1
0.6923076923076923,1.0,1.0,1.0,1
0.782608695652174,1.0,1.0,1.0,1
0.951219512195122,1.0,1.0,1.0,1
0.45569620253164556,0.3355704697986577,0.0,1.0,0
0.2857142857142857,0.2637362637362637,0.0,0.25,0
0.9411764705882352,1.0,1.0,1.0,1
0.3529411764705882,0.3296703296703297,0.0,1.0,0
0.2727272727272727,0.17391304347826086,0.0,0.5714285714285714,0
0.6470588235294117,0.4651162790697675,0.0,0.25,0
0.9655172413793103,1.0,1.0,1.0,1
0.9411764705882352,1.0,1.0,1.0,1
0.814814814814815,1.0,1.0,1.0,1
0.9523809523809522,1.0,1.0,1.0,1
0.9411764705882352,1.0,1.0,1.0,1
0.38888888888888884,0.4492753623188406,0.0,0.4666666666666666,0
0.8333333333333335,1.0,1.0,1.0,1
0.42105263157894735,0.26890756302521013,0.0,0.25,0
0.3783783783783784,0.29565217391304344,0.0,0.2545454545454545,0
0.967741935483871,1.0,1.0,1.0,1
0.27586206896551724,0.30000000000000004,0.0,0.25,0
0.23809523809523814,0.3548387096774194,0.0,0.5454545454545454,0
0.7916666666666665,0.0,1.0,1.0,1
0.3703703703703704,0.2857142857142857,0.0,0.41333333333333333,0
0.34042553191489366,0.3008849557522124,0.0,1.0,0
0.9375,1.0,1.0,1.0,1
0.2857142857142857,0.36734693877551017,0.0,0.25,0
0.9777777777777777,1.0,1.0,1.0,1
0.3414634146341463,0.26262626262626265,0.0,0.3597122302158273,0
0.9444444444444444,1.0,1.0,1.0,1
0.9473684210526316,1.0,1.0,1.0,1
0.2807017543859649,0.3551401869158879,0.0,0.4,0
0.8333333333333335,1.0,1.0,1.0,1
0.3414634146341463,0.20408163265306123,1.0,0.14678899082568808,0
0.8181818181818181,1.0,1.0,1.0,1
0.23529411764705888,0.3571428571428571,0.0,1.0,0
0.3589743589743589,0.23255813953488372,0.0,0.5154639175257731,0
0.8857142857142857,1.0,1.0,1.0,1
0.8181818181818181,1.0,1.0,1.0,1
0.9393939393939393,1.0,1.0,1.0,1
0.7647058823529411,1.0,1.0,1.0,1
0.34042553191489366,0.2777777777777778,0.0,0.36923076923076925,0
0.9655172413793103,1.0,1.0,1.0,1
0.962962962962963,1.0,1.0,1.0,1
0.9428571428571427,1.0,1.0,1.0,1
0.3589743589743589,0.37606837606837606,0.0,0.25,0
0.9743589743589743,1.0,1.0,1.0,1
0.5454545454545454,0.32520325203252026,0.0,1.0,0
0.25,0.33870967741935487,0.0,1.0,0
0.36363636363636365,0.34090909090909094,0.0,1.0,0
0.3728813559322034,0.2823529411764706,0.0,0.25,0
0.9111111111111111,1.0,1.0,1.0,1
0.2222222222222222,0.4,0.0,0.4242424242424242,0
0.6666666666666667,1.0,1.0,1.0,1
0.25,0.33644859813084116,0.0,0.25,0
0.7241379310344827,1.0,1.0,1.0,1
0.38888888888888884,0.3157894736842105,0.0,0.25,0
0.3137254901960784,0.2666666666666667,0.0,0.35820895522388063,0
0.23809523809523814,0.2777777777777778,0.0,0.14678899082568808,0
0.8936170212765957,1.0,1.0,1.0,1
0.19354838709677424,0.38888888888888884,1.0,0.31746031746031744,0
0.25,0.3764705882352941,0.0,0.48,0
0.8888888888888888,1.0,1.0,1.0,1
0.25531914893617025,0.3939393939393939,0.0,0.25,0
0.9714285714285714,1.0,1.0,1.0,1
0.3921568627450981,0.0,0.0,0.35820895522388063,0
0.32432432432432434,0.2857142857142857,0.0,0.2545454545454545,0
0.9444444444444444,1.0,1.0,1.0,1
0.9743589743589743,1.0,1.0,1.0,1
0.8666666666666667,1.0,1.0,1.0,1
0.42553191489361697,0.3516483516483516,0.0,0.25,0
0.8333333333333335,1.0,1.0,1.0,1
0.9655172413793103,1.0,1.0,1.0,1
0.5490196078431373,0.2831858407079646,0.0,1.0,0
0.303030303030303,0.368421052631579,0.0,0.2545454545454545,0
0.7916666666666665,1.0,1.0,1.0,1
0.26315789473684215,0.26771653543307083,0.0,1.0,0
0.7241379310344827,1.0,1.0,1.0,1
0.33333333333333337,0.3035714285714286,1.0,0.4761904761904761,0
0.3125,0.29729729729729726,0.0,0.25,0
0.25806451612903225,0.2954545454545454,0.0,0.36363636363636365,0
0.7575757575757575,1.0,1.0,1.0,1
0.3571428571428571,0.2978723404255319,0.0,1.0,0
0.2727272727272727,0.276595744680851,0.0,1.0,0
0.45714285714285713,0.2558139534883721,0.0,0.3597122302158273,0
0.7916666666666665,1.0,1.0,1.0,1
0.8461538461538461,1.0,1.0,1.0,1
0.7241379310344827,1.0,1.0,1.0,1
0.8,1.0,1.0,1.0,1
0.9565217391304348,1.0,1.0,1.0,1
0.3111111111111111,0.33870967741935487,0.0,1.0,0
0.3571428571428571,0.326530612244898,0.0,0.35820895522388063,0
0.3555555555555555,0.28888888888888886,0.0,0.14814814814814814,0
0.24242424242424243,0.34693877551020413,0.0,0.3597122302158273,0
0.3703703703703704,0.2666666666666667,0.0,0.23333333333333328,0
0.18181818181818177,0.25,0.0,0.33333333333333337,0
0.29268292682926833,0.2816901408450704,0.0,0.38095238095238093,0
0.31999999999999995,0.2777777777777778,0.0,0.48,0
0.9523809523809522,1.0,1.0,1.0,1
0.5217391304347826,0.30000000000000004,0.0,0.5714285714285714,0
0.29268292682926833,0.4076433121019109,0.0,1.0,0
0.2777777777777778,0.2692307692307693,0.0,0.31746031746031744,0
0.962962962962963,1.0,1.0,1.0,1
0.7777777777777779,1.0,1.0,1.0,1
0.2941176470588235,0.326530612244898,0.0,0.35820895522388063,0
0.41860465116279066,0.4482758620689655,0.0,1.0,0
0.8,1.0,1.0,1.0,1
0.375,0.2894736842105263,0.0,0.3597122302158273,0
0.96,1.0,1.0,1.0,1
0.4117647058823529,0.33587786259541985,0.0,0.3783783783783784,0
0.7333333333333334,1.0,1.0,1.0,1
0.8518518518518519,1.0,1.0,1.0,1
0.27586206896551724,0.31858407079646023,0.0,0.14814814814814814,0
0.6190476190476191,1.0,1.0,1.0,1
0.814814814814815,1.0,1.0,1.0,1
0.30000000000000004,0.3296703296703297,1.0,0.2545454545454545,0
0.7777777777777779,1.0,1.0,1.0,1
0.3076923076923077,0.3418803418803419,1.0,0.20895522388059706,0
0.8787878787878788,1.0,1.0,1.0,1
0.6,1.0,1.0,1.0,1
0.96,1.0,1.0,1.0,1
0.8974358974358975,1.0,1.0,1.0,1
0.7727272727272727,1.0,1.0,1.0,1
0.8181818181818181,1.0,1.0,1.0,1
0.7894736842105263,1.0,1.0,1.0,1
0.8333333333333335,1.0,1.0,1.0,1
0.9333333333333332,1.0,1.0,1.0,1
0.375,0.3025210084033614,1.0,1.0,0
0.3111111111111111,0.328125,0.0,0.2545454545454545,0
0.9696969696969697,1.0,1.0,1.0,1
0.3125,0.30000000000000004,0.0,0.5454545454545454,0
0.84,1.0,1.0,1.0,1
0.326530612244898,0.38383838383838387,0.0,0.25,0
0.33333333333333337,0.41025641025641024,0.0,0.25,0
0.6923076923076923,1.0,1.0,1.0,1
0.7894736842105263,1.0,1.0,1.0,1
0.19047619047619047,0.27450980392156865,0.0,1.0,0
0.3125,0.3076923076923077,1.0,0.25,0
0.967741935483871,1.0,1.0,1.0,1
0.95,1.0,1.0,1.0,1
0.3829787234042554,0.2921348314606742,0.0,0.3597122302158273,0
0.33333333333333337,0.3125,0.0,0.5154639175257731,0
0.3902439024390244,0.4117647058823529,0.0,1.0,0
0.27586206896551724,0.29268292682926833,0.0,0.20895522388059706,0
0.6923076923076923,1.0,1.0,1.0,1
0.25,0.419047619047619,0.0,0.42666666666666664,0
0.36734693877551017,0.34285714285714286,0.0,0.42666666666666664,0
0.8620689655172413,1.0,1.0,1.0,1
0.9473684210526316,1.0,1.0,1.0,1
0.33333333333333337,0.23529411764705888,0.0,0.45569620253164556,0
0.826086956521739,1.0,1.0,1.0,1
0.8214285714285714,1.0,1.0,1.0,1
0.8333333333333335,1.0,1.0,1.0,1
0.21052631578947367,0.2678571428571429,0.0,1.0,0
0.8333333333333335,1.0,1.0,1.0,1
0.35820895522388063,0.3880597014925373,0.0,0.35820895522388063,0
0.75,1.0,1.0,1.0,1
0.43478260869565216,0.23529411764705888,0.0,0.35820895522388063,0
0.9069767441860467,1.0,1.0,1.0,1
0.8709677419354839,1.0,1.0,1.0,1
0.8095238095238095,1.0,1.0,1.0,1
0.34782608695652173,0.28888888888888886,0.0,0.3597122302158273,0
0.962962962962963,1.0,1.0,1.0,1
0.7916666666666665,1.0,1.0,1.0,1
0.9767441860465115,1.0,1.0,1.0,1
0.8947368421052632,1.0,1.0,1.0,1
0.9583333333333335,1.0,1.0,1.0,1
0.4117647058823529,0.3211678832116789,0.0,0.5154639175257731,0
0.7777777777777779,1.0,1.0,1.0,1
0.84,1.0,1.0,1.0,1
0.8275862068965517,1.0,1.0,1.0,1
0.2857142857142857,0.27329192546583847,0.0,0.2545454545454545,0
0.9387755102040817,1.0,1.0,1.0,1
0.33333333333333337,0.3146067415730337,0.0,1.0,0
0.2142857142857143,0.3287671232876712,0.0,1.0,0
0.8333333333333335,1.0,1.0,1.0,1
0.9538461538461537,1.0,1.0,1.0,1
0.3076923076923077,0.3380281690140845,0.0,0.2545454545454545,0
0.7419354838709676,1.0,1.0,1.0,1
0.3666666666666667,0.3544303797468354,1.0,0.25,0
0.9375,0.0,1.0,1.0,1
0.6923076923076923,1.0,1.0,1.0,1
0.9189189189189189,1.0,1.0,1.0,1
0.3571428571428571,0.3232323232323232,0.0,0.25,0
0.4324324324324324,0.27083333333333337,0.0,0.4,0
0.6923076923076923,1.0,1.0,1.0,1
0.6521739130434783,1.0,1.0,1.0,1
0.8518518518518519,1.0,1.0,1.0,1
0.4489795918367348,0.49350649350649356,1.0,0.2545454545454545,0
0.25,0.3090909090909091,0.0,0.48,0
0.5,0.2068965517241379,0.0,1.0,0
0.7916666666666665,1.0,1.0,1.0,1
0.3111111111111111,0.3023255813953488,0.0,0.35820895522388063,0
0.26086956521739135,0.31481481481481477,0.0,0.14678899082568808,0
0.75,1.0,1.0,1.0,1
0.4390243902439024,0.3132530120481928,0.0,0.2857142857142857,0
0.33333333333333337,0.17391304347826086,0.0,0.14678899082568808,0
0.8,1.0,1.0,1.0,1
0.34285714285714286,0.31707317073170727,0.0,0.4761904761904761,0
0.24242424242424243,0.3623188405797102,0.0,0.25,0
0.3157894736842105,0.19999999999999996,0.0,0.25,0
0.303030303030303,0.41860465116279066,0.0,0.43333333333333335,0
0.2702702702702703,0.31666666666666665,0.0,0.48,0
0.34285714285714286,0.32432432432432434,1.0,0.45569620253164556,0
0.9473684210526316,1.0,1.0,1.0,1
0.9743589743589743,1.0,1.0,1.0,1
0.9523809523809522,1.0,1.0,1.0,1
0.18181818181818177,0.2807017543859649,0.0,0.25,0
0.9565217391304348,1.0,1.0,1.0,1
0.972972972972973,1.0,1.0,1.0,1
0.23529411764705888,0.0,0.0,0.4761904761904761,0
0.5161290322580645,0.2666666666666667,1.0,0.3529411764705882,0
0.6,1.0,1.0,1.0,1
0.7142857142857143,1.0,1.0,1.0,1
0.2941176470588235,0.3384615384615385,0.0,0.32258064516129037,0
0.26315789473684215,0.3287671232876712,0.0,0.14678899082568808,0
0.68,1.0,1.0,1.0,1
0.7419354838709676,1.0,1.0,1.0,1
0.9565217391304348,1.0,1.0,1.0,1
0.3783783783783784,0.2637362637362637,0.0,0.4,0
0.2666666666666667,0.2295081967213115,0.0,1.0,0
0.24,0.35416666666666663,0.0,1.0,0
0.4666666666666666,0.29508196721311475,0.0,1.0,0
0.24,0.24096385542168675,0.0,0.4,0
0.8823529411764706,1.0,1.0,1.0,1
0.368421052631579,0.375,0.0,0.25,0
0.8518518518518519,1.0,1.0,1.0,1
0.9285714285714286,1.0,1.0,1.0,1
0.8095238095238095,1.0,1.0,1.0,1
0.3571428571428571,0.3835616438356164,0.0,0.24137931034482762,0
0.30000000000000004,0.34210526315789463,0.0,0.2545454545454545,0
0.6666666666666667,1.0,1.0,1.0,1
0.4074074074074075,0.3943661971830986,0.0,0.2545454545454545,0
0.26315789473684215,0.32258064516129037,0.0,0.2545454545454545,0
0.9310344827586207,1.0,1.0,1.0,1
0.9655172413793103,1.0,1.0,1.0,1
0.9655172413793103,1.0,1.0,1.0,1
0.8461538461538461,1.0,1.0,1.0,1
0.8387096774193549,1.0,1.0,1.0,1
0.4705882352941176,0.4,0.0,0.30434782608695654,0
0.36,0.3382352941176471,0.0,0.25,0
0.7727272727272727,1.0,1.0,1.0,1
0.7619047619047619,1.0,1.0,1.0,1
0.3414634146341463,0.36111111111111116,0.0,0.36363636363636365,0
0.962962962962963,1.0,1.0,1.0,1
0.5294117647058824,1.0,1.0,1.0,1
0.2978723404255319,0.27118644067796616,0.0,0.36363636363636365,0
0.4,0.30188679245283023,0.0,0.45569620253164556,0
0.2142857142857143,0.1081081081081081,0.0,1.0,0
0.9333333333333332,1.0,1.0,1.0,1
0.8181818181818181,1.0,1.0,1.0,1
0.2857142857142857,0.2153846153846154,0.0,0.20895522388059706,0
0.967741935483871,1.0,1.0,1.0,1
0.3846153846153846,0.2857142857142857,0.0,0.25,0
0.875,1.0,1.0,1.0,1
0.95,1.0,1.0,1.0,1
0.8181818181818181,1.0,1.0,1.0,1
0.875,1.0,1.0,1.0,1
0.5454545454545454,0.256,0.0,0.2545454545454545,0
0.8333333333333335,1.0,1.0,1.0,1
0.6,1.0,1.0,1.0,1
0.4,0.34615384615384615,0.0,0.25,0
0.30188679245283023,0.0,0.0,0.2857142857142857,0
0.37209302325581395,0.28888888888888886,0.0,0.31746031746031744,0
0.3111111111111111,0.3835616438356164,0.0,0.3597122302158273,0
0.368421052631579,0.28846153846153844,0.0,0.14678899082568808,0
0.8529411764705883,1.0,1.0,1.0,1
0.95,1.0,1.0,1.0,1
0.36,0.3125,0.0,1.0,0
0.814814814814815,1.0,1.0,1.0,1
0.7647058823529411,1.0,1.0,1.0,1
0.8076923076923077,1.0,1.0,1.0,1
0.31999999999999995,0.30952380952380953,0.0,0.31746031746031744,0
0.8387096774193549,1.0,1.0,1.0,1
0.9523809523809522,1.0,1.0,1.0,1
0.2222222222222222,0.3695652173913043,0.0,0.3529411764705882,0
0.967741935483871,1.0,1.0,1.0,1
0.303030303030303,0.32592592592592595,0.0,0.5154639175257731,0
0.6923076923076923,1.0,1.0,1.0,1
0.9444444444444444,1.0,1.0,1.0,1
0.8857142857142857,1.0,1.0,1.0,1
0.7894736842105263,1.0,1.0,1.0,1
0.36734693877551017,0.3076923076923077,0.0,0.25,0
0.9565217391304348,1.0,1.0,1.0,1
0.23529411764705888,0.31858407079646023,0.0,0.25,0
0.40909090909090906,0.2962962962962963,1.0,0.2545454545454545,0
0.826086956521739,0.0,1.0,1.0,1
0.68,1.0,1.0,1.0,1
0.8387096774193549,1.0,1.0,1.0,1
0.14814814814814814,0.352,0.0,0.5454545454545454,0
0.34285714285714286,0.2857142857142857,0.0,0.38095238095238093,0
0.2978723404255319,0.24137931034482762,0.0,0.2545454545454545,0
0.736842105263158,1.0,1.0,1.0,1
0.9411764705882352,1.0,1.0,1.0,1
0.962962962962963,1.0,1.0,1.0,1
0.7777777777777779,1.0,1.0,1.0,1
0.30000000000000004,0.23880597014925375,0.0,0.3783783783783784,0
0.7333333333333334,1.0,1.0,1.0,1
0.9302325581395349,1.0,1.0,1.0,1
0.7894736842105263,1.0,1.0,1.0,1
0.3157894736842105,0.3870967741935484,1.0,0.36363636363636365,0
0.3921568627450981,0.326530612244898,0.0,1.0,0
0.3076923076923077,0.27368421052631575,0.0,1.0,0
0.4242424242424242,0.2962962962962963,0.0,0.23333333333333328,0
0.2857142857142857,0.26315789473684215,0.0,0.3597122302158273,0
0.6363636363636364,1.0,1.0,1.0,1
0.9189189189189189,1.0,1.0,1.0,1
0.9069767441860467,1.0,1.0,1.0,1
0.7222222222222221,1.0,1.0,1.0,1
0.3448275862068966,0.27083333333333337,0.0,1.0,0
0.368421052631579,0.32432432432432434,0.0,0.25,0
0.8461538461538461,1.0,1.0,1.0,1
0.38095238095238093,0.35051546391752575,0.0,1.0,0
0.962962962962963,1.0,1.0,1.0,1
0.8918918918918919,1.0,1.0,1.0,1
0.38095238095238093,0.21176470588235297,0.0,0.25,0
0.30434782608695654,0.3111111111111111,0.0,1.0,0
0.7916666666666665,1.0,1.0,1.0,1
0.875,1.0,1.0,1.0,1
0.3157894736842105,0.29508196721311475,0.0,1.0,0
0.2857142857142857,0.47887323943661975,0.0,1.0,0
0.37209302325581395,0.31404958677685946,0.0,0.23333333333333328,0
0.3529411764705882,0.3529411764705882,0.0,0.25,0
0.9523809523809522,1.0,1.0,1.0,1
0.9361702127659575,1.0,1.0,1.0,1
0.26086956521739135,0.4,0.0,0.35820895522388063,0
0.1875,0.2962962962962963,0.0,0.14814814814814814,0
0.368421052631579,0.4,0.0,0.25,0
0.32258064516129037,0.4042553191489362,1.0,1.0,0
0.7777777777777779,1.0,1.0,1.0,1
0.75,1.0,1.0,1.0,1
0.3076923076923077,0.33766233766233766,0.0,0.25,0
0.7142857142857143,1.0,1.0,1.0,1
0.2777777777777778,0.3565891472868217,0.0,0.24137931034482762,0
0.8571428571428572,1.0,1.0,1.0,1
0.7333333333333334,1.0,1.0,1.0,1
0.30000000000000004,0.2195121951219512,0.0,0.25,0
0.972972972972973,1.0,1.0,1.0,1
0.3076923076923077,0.3355704697986577,0.0,0.14678899082568808,0
0.7037037037037037,1.0,1.0,1.0,1
0.33333333333333337,0.38095238095238093,0.0,0.45569620253164556,0
0.4,0.34782608695652173,0.0,0.3597122302158273,0
0.2666666666666667,0.36641221374045807,0.0,1.0,0
0.46808510638297873,0.3211678832116789,0.0,0.3597122302158273,0
0.9473684210526316,1.0,1.0,1.0,1
0.75,1.0,1.0,1.0,1
0.7142857142857143,0.0,1.0,1.0,1
0.32558139534883723,0.3448275862068966,0.0,0.42666666666666664,0
0.36363636363636365,0.2857142857142857,1.0,0.2545454545454545,0
0.95,1.0,1.0,1.0,1
0.32258064516129037,0.2678571428571429,0.0,0.4242424242424242,0
0.32258064516129037,0.3555555555555555,0.0,0.45569620253164556,0
0.2222222222222222,0.34375,0.0,1.0,0
0.19999999999999996,0.34782608695652173,0.0,0.35820895522388063,0
0.9,1.0,1.0,1.0,1
0.18181818181818177,0.2195121951219512,0.0,0.48,0
0.37209302325581395,0.4,0.0,0.25,0
0.6923076923076923,1.0,1.0,1.0,1
0.36363636363636365,0.3571428571428571,0.0,0.5154639175257731,0
0.9473684210526316,1.0,1.0,1.0,1
0.31818181818181823,0.3125,0.0,1.0,0
0.42553191489361697,0.3076923076923077,0.0,0.14678899082568808,0
0.75,1.0,1.0,1.0,1
0.24390243902439024,0.3529411764705882,0.0,1.0,0
0.3571428571428571,0.36363636363636365,0.0,0.25,0
0.9565217391304348,1.0,1.0,1.0,1
0.31999999999999995,0.28358208955223885,0.0,0.2727272727272727,0
0.8461538461538461,1.0,1.0,1.0,1
0.7727272727272727,1.0,1.0,1.0,1
0.972972972972973,1.0,1.0,1.0,1
0.9743589743589743,1.0,1.0,1.0,1
0.2978723404255319,0.22784810126582278,0.0,0.25,0
0.8461538461538461,1.0,1.0,1.0,1
0.8275862068965517,1.0,1.0,1.0,1
0.9767441860465115,1.0,1.0,1.0,1
0.33333333333333337,0.3653846153846154,0.0,0.35820895522388063,0
0.375,0.25688073394495414,0.0,0.23076923076923073,0
0.8518518518518519,1.0,1.0,1.0,1
0.19999999999999996,0.35185185185185186,0.0,1.0,0
0.3157894736842105,0.4,0.0,0.5154639175257731,0
0.2857142857142857,0.39473684210526316,0.0,0.45569620253164556,0
0.4444444444444444,0.37362637362637363,0.0,0.35820895522388063,0
0.2857142857142857,0.23880597014925375,0.0,1.0,0
0.8181818181818181,1.0,1.0,1.0,1
0.68,1.0,1.0,1.0,1
0.4375,0.25806451612903225,0.0,0.25,0
0.75,1.0,1.0,1.0,1
0.6875,1.0,1.0,1.0,1
0.8333333333333335,1.0,1.0,1.0,1
0.962962962962963,1.0,1.0,1.0,1
0.7894736842105263,1.0,1.0,1.0,1
0.29268292682926833,0.2962962962962963,0.0,0.42666666666666664,0
0.972972972972973,1.0,1.0,1.0,1
0.34285714285714286,0.2666666666666667,0.0,0.14814814814814814,0
0.22857142857142854,0.3354838709677419,0.0,0.2545454545454545,0
0.3414634146341463,0.25,0.0,0.41379310344827597,0
0.8181818181818181,1.0,1.0,1.0,1
0.9491525423728814,1.0,1.0,1.0,1
0.2222222222222222,0.273972602739726,0.0,1.0,0
0.4126984126984127,0.27368421052631575,0.0,0.3783783783783784,0
0.7916666666666665,1.0,1.0,1.0,1
0.875,1.0,1.0,1.0,1
0.2592592592592593,0.3090909090909091,0.0,0.25,0
0.3111111111111111,0.3058823529411765,1.0,0.4545454545454546,0
0.26315789473684215,0.3076923076923077,0.0,0.39473684210526316,0
0.84,1.0,1.0,1.0,1
0.8,1.0,1.0,1.0,1
0.7916666666666665,1.0,1.0,1.0,1
0.368421052631579,0.27586206896551724,0.0,0.25,0
0.8076923076923077,1.0,1.0,1.0,1
0.4242424242424242,0.42666666666666664,0.0,0.2545454545454545,0
0.9565217391304348,1.0,1.0,1.0,1
0.25806451612903225,0.3653846153846154,0.0,0.25,0
0.33333333333333337,0.31932773109243695,0.0,0.2545454545454545,0
0.339622641509434,0.3829787234042554,0.0,1.0,0
0.7894736842105263,1.0,1.0,1.0,1
0.16666666666666663,0.34782608695652173,1.0,0.41333333333333333,0
0.44999999999999996,0.37168141592920356,0.0,1.0,0
0.24489795918367352,0.25,0.0,0.3941605839416058,0
0.3529411764705882,0.25263157894736843,0.0,1.0,0
0.7647058823529411,1.0,1.0,1.0,1
0.39130434782608686,0.2816901408450704,0.0,0.5154639175257731,0
0.3571428571428571,0.2790697674418605,0.0,1.0,0
0.19999999999999996,0.2564102564102564,0.0,0.3597122302158273,0
0.29166666666666663,0.3380281690140845,0.0,0.31746031746031744,0
0.37209302325581395,0.32558139534883723,0.0,0.14678899082568808,0
0.41860465116279066,0.3194444444444444,0.0,1.0,0
0.2702702702702703,0.4227642276422764,0.0,0.25,0
0.9818181818181819,1.0,1.0,1.0,1
0.9743589743589743,1.0,1.0,1.0,1
0.30434782608695654,0.24615384615384617,0.0,0.48,0
0.9555555555555556,1.0,1.0,1.0,1
0.26315789473684215,0.36641221374045807,0.0,1.0,0
0.2222222222222222,0.3116883116883117,0.0,0.36923076923076925,0
0.33333333333333337,0.2784810126582279,0.0,0.48,0
0.3137254901960784,0.31404958677685946,0.0,0.31746031746031744,0
0.4,0.2637362637362637,0.0,0.2222222222222222,0
0.9473684210526316,1.0,1.0,1.0,1
0.7333333333333334,1.0,1.0,1.0,1
0.9787234042553191,1.0,1.0,1.0,1
0.26315789473684215,0.24444444444444446,0.0,1.0,0
0.84375,1.0,1.0,1.0,1
0.8,1.0,1.0,1.0,1
0.3846153846153846,0.2931034482758621,0.0,0.45569620253164556,0
0.39130434782608686,0.32307692307692304,0.0,1.0,0
0.7916666666666665,1.0,1.0,1.0,1
0.7727272727272727,1.0,1.0,1.0,1
0.339622641509434,0.3789473684210526,0.0,0.25,0
0.7142857142857143,1.0,1.0,1.0,1
0.29268292682926833,0.28865979381443296,0.0,0.4761904761904761,0
0.7333333333333334,1.0,1.0,1.0,1
0.2962962962962963,0.3703703703703704,0.0,0.4,0
0.37209302325581395,0.18367346938775508,0.0,0.25,0
0.36734693877551017,0.4057971014492754,1.0,0.43333333333333335,0
0.9743589743589743,1.0,1.0,1.0,1
0.736842105263158,1.0,1.0,1.0,1
0.9565217391304348,1.0,1.0,1.0,1
0.826086956521739,1.0,1.0,1.0,1
0.19512195121951215,0.3291139240506329,0.0,0.3597122302158273,0
0.9655172413793103,1.0,1.0,1.0,1
0.927536231884058,1.0,1.0,1.0,1
0.18181818181818177,0.3119266055045872,1.0,0.34285714285714286,0
0.2857142857142857,0.23188405797101452,0.0,0.38095238095238093,0
0.7142857142857143,1.0,1.0,1.0,1
0.7333333333333334,1.0,1.0,1.0,1
0.32258064516129037,0.31304347826086953,0.0,0.48,0
0.34615384615384615,0.24,0.0,0.25,0
0.826086956521739,1.0,1.0,1.0,1
0.9615384615384616,1.0,1.0,1.0,1
0.7619047619047619,1.0,1.0,1.0,1
0.41860465116279066,0.33009708737864074,0.0,0.35820895522388063,0
0.3703703703703704,0.2622950819672131,0.0,0.5154639175257731,0
0.6363636363636364,1.0,1.0,1.0,1
0.782608695652174,1.0,1.0,1.0,1
0.9411764705882352,1.0,1.0,1.0,1
0.7837837837837838,1.0,1.0,1.0,1
0.7333333333333334,1.0,1.0,1.0,1
0.2666666666666667,0.23188405797101452,0.0,1.0,0
0.3076923076923077,0.3733333333333333,0.0,0.35820895522388063,0
0.9696969696969697,1.0,1.0,1.0,1
0.30434782608695654,0.20560747663551404,0.0,0.35820895522388063,0
0.8666666666666667,1.0,1.0,1.0,1
0.8620689655172413,1.0,1.0,1.0,1
0.34042553191489366,0.26415094339622647,0.0,0.3597122302158273,0
0.38095238095238093,0.2807017543859649,0.0,0.25,0
0.303030303030303,0.32061068702290074,1.0,0.35820895522388063,0
0.25,0.0,0.0,1.0,0
0.9142857142857143,1.0,1.0,1.0,1
0.6923076923076923,1.0,1.0,1.0,1
0.7647058823529411,1.0,1.0,1.0,1
0.29166666666666663,0.30573248407643316,1.0,0.3783783783783784,0
0.2857142857142857,0.21052631578947367,0.0,0.36363636363636365,0
0.8095238095238095,1.0,1.0,1.0,1
0.33333333333333337,0.32352941176470584,0.0,0.25,0
0.2222222222222222,0.2295081967213115,0.0,0.3597122302158273,0
0.2978723404255319,0.27692307692307694,0.0,0.4,0
0.3076923076923077,0.3214285714285714,0.0,0.25,0
0.8333333333333335,1.0,1.0,1.0,1
0.4285714285714286,0.3142857142857143,0.0,0.48,0
0.8611111111111112,1.0,1.0,1.0,1
0.2777777777777778,0.4,0.0,1.0,0
0.3793103448275862,0.2941176470588235,0.0,0.36363636363636365,0
0.7142857142857143,1.0,1.0,1.0,1
0.9666666666666667,1.0,1.0,1.0,1
0.33333333333333337,0.37777777777777777,1.0,0.3597122302158273,0
0.19999999999999996,0.28985507246376807,0.0,0.25,0
0.8518518518518519,1.0,1.0,1.0,1
0.7419354838709676,1.0,1.0,1.0,1
0.3384615384615385,0.3366336633663366,0.0,0.36923076923076925,0
0.32258064516129037,0.32061068702290074,0.0,1.0,0
0.9523809523809522,1.0,1.0,1.0,1
0.38095238095238093,0.31775700934579443,0.0,1.0,0
0.8571428571428572,1.0,1.0,1.0,1
0.2857142857142857,0.2597402597402597,0.0,0.25,0
0.27586206896551724,0.21875,0.0,0.2702702702702703,0
0.967741935483871,1.0,1.0,1.0,1
0.75,1.0,1.0,1.0,1
0.36363636363636365,0.3768115942028986,0.0,0.35820895522388063,0
0.303030303030303,0.25531914893617025,0.0,0.2545454545454545,0
0.25806451612903225,0.2647058823529411,0.0,0.5154639175257731,0
0.8275862068965517,1.0,1.0,1.0,1
0.9375,1.0,1.0,1.0,1
0.9583333333333335,1.0,1.0,1.0,1
0.826086956521739,1.0,1.0,1.0,1
0.7894736842105263,1.0,1.0,1.0,1
0.3529411764705882,0.2909090909090909,1.0,0.3597122302158273,0
0.2142857142857143,0.24390243902439024,1.0,0.45569620253164556,0
0.303030303030303,0.32258064516129037,0.0,1.0,0
0.6428571428571428,1.0,1.0,1.0,1
0.7419354838709676,1.0,1.0,1.0,1
0.6666666666666667,1.0,1.0,1.0,1
0.5142857142857142,0.3308270676691729,0.0,1.0,0
0.2222222222222222,0.26865671641791045,0.0,0.4444444444444444,0
0.7037037037037037,1.0,1.0,1.0,1
0.7777777777777779,1.0,1.0,1.0,1
0.972972972972973,1.0,1.0,1.0,1
0.9375,1.0,1.0,1.0,1
0.3571428571428571,0.29166666666666663,0.0,0.14678899082568808,0
0.8666666666666667,1.0,1.0,1.0,1
0.2666666666666667,0.20779220779220775,0.0,0.36363636363636365,0
0.303030303030303,0.3008849557522124,0.0,0.41333333333333333,0
0.813953488372093,1.0,1.0,1.0,1
0.37209302325581395,0.34615384615384615,0.0,0.14678899082568808,0
0.84,1.0,1.0,1.0,1
0.36065573770491793,0.23931623931623935,0.0,0.3597122302158273,0
0.9454545454545454,1.0,1.0,1.0,1
0.38888888888888884,0.24285714285714288,0.0,0.3597122302158273,0
0.9565217391304348,1.0,1.0,1.0,1
0.37209302325581395,0.26262626262626265,1.0,0.14678899082568808,0
0.8387096774193549,1.0,1.0,1.0,1
0.5294117647058824,1.0,1.0,1.0,1
0.4705882352941176,0.3116883116883117,1.0,1.0,0
0.9565217391304348,1.0,1.0,1.0,1
0.8620689655172413,1.0,1.0,1.0,1
0.7916666666666665,1.0,1.0,1.0,1
0.9777777777777777,1.0,1.0,1.0,1
0.8620689655172413,1.0,1.0,1.0,1
0.18181818181818177,0.3098591549295775,0.0,0.3597122302158273,0
0.9333333333333332,1.0,1.0,1.0,1
0.2702702702702703,0.38834951456310685,0.0,1.0,0
0.8518518518518519,1.0,1.0,1.0,1
0.75,1.0,1.0,1.0,1
0.3589743589743589,0.41666666666666663,0.0,1.0,0
0.3783783783783784,0.41860465116279066,0.0,0.41860465116279066,0
0.8181818181818181,1.0,1.0,1.0,1
0.4390243902439024,0.2727272727272727,0.0,0.33333333333333337,0
0.8666666666666667,1.0,1.0,1.0,1
0.782608695652174,1.0,1.0,1.0,1
0.34782608695652173,0.2680412371134021,0.0,1.0,0
0.9615384615384616,1.0,1.0,1.0,1
0.96,1.0,1.0,1.0,1
0.36,0.4842105263157894,1.0,0.19047619047619047,0
0.8387096774193549,1.0,1.0,1.0,1
0.6923076923076923,1.0,1.0,1.0,1
0.4225352112676056,0.28,0.0,0.25,0
0.9666666666666667,1.0,1.0,1.0,1
0.2142857142857143,0.3055555555555556,0.0,0.2857142857142857,0
0.3076923076923077,0.31666666666666665,0.0,1.0,0
0.25,0.3851851851851852,0.0,0.25,0
0.33333333333333337,0.26530612244897955,0.0,0.5454545454545454,0
0.9189189189189189,1.0,1.0,1.0,1
0.7727272727272727,1.0,1.0,1.0,1
0.2777777777777778,0.2833333333333333,0.0,0.36923076923076925,0
0.2941176470588235,0.34615384615384615,0.0,0.25,0
0.7222222222222221,1.0,1.0,1.0,1
0.48484848484848486,0.32258064516129037,0.0,1.0,0
0.46808510638297873,0.30000000000000004,0.0,0.35820895522388063,0
0.8333333333333335,1.0,1.0,1.0,1
0.303030303030303,0.06666666666666665,0.0,0.42105263157894735,0
0.7142857142857143,1.0,1.0,1.0,1
0.5789473684210527,1.0,1.0,1.0,1
0.8888888888888888,1.0,1.0,1.0,1
0.9696969696969697,1.0,1.0,1.0,1
0.368421052631579,0.26315789473684215,0.0,0.25,0
0.3703703703703704,0.29850746268656714,0.0,0.25,0
0.9565217391304348,1.0,1.0,1.0,1
0.27586206896551724,0.23333333333333328,0.0,0.25,0
0.27118644067796616,0.28915662650602414,0.0,0.14678899082568808,0
0.9655172413793103,1.0,1.0,1.0,1
0.2807017543859649,0.3116883116883117,0.0,0.20895522388059706,0
0.8684210526315791,1.0,1.0,1.0,1
0.2962962962962963,0.3589743589743589,0.0,0.48,0
0.8918918918918919,0.0,1.0,1.0,1
0.2564102564102564,0.16666666666666663,0.0,0.25,0
0.2857142857142857,0.23529411764705888,0.0,1.0,0
0.9411764705882352,1.0,1.0,1.0,1
0.2962962962962963,0.24528301886792447,0.0,0.25,0
0.9696969696969697,1.0,1.0,1.0,1
0.9615384615384616,1.0,1.0,1.0,1
0.96,1.0,1.0,1.0,1
0.8,1.0,1.0,1.0,1
0.8,1.0,1.0,1.0,1
0.8,1.0,1.0,1.0,1
0.7142857142857143,1.0,1.0,1.0,1
0.36734693877551017,0.31818181818181823,0.0,0.24242424242424243,0
0.9565217391304348,1.0,1.0,1.0,1
0.3157894736842105,0.2654867256637168,0.0,0.48,0
0.2702702702702703,0.33684210526315794,0.0,0.25,0
0.21739130434782605,0.32258064516129037,0.0,0.30434782608695654,0
0.7777777777777779,1.0,1.0,1.0,1
0.35,0.28125,0.0,1.0,0
0.39130434782608686,0.3287671232876712,0.0,0.33333333333333337,0
0.9411764705882352,1.0,1.0,1.0,1
0.26315789473684215,0.28301886792452835,0.0,0.3597122302158273,0
0.39130434782608686,0.3561643835616438,0.0,1.0,0
0.9583333333333335,1.0,1.0,1.0,1
0.6190476190476191,1.0,1.0,1.0,1
0.41379310344827597,0.21276595744680848,0.0,1.0,0
0.33333333333333337,0.276595744680851,0.0,0.25,0
0.7647058823529411,1.0,1.0,1.0,1
0.7419354838709676,1.0,1.0,1.0,1
0.826086956521739,1.0,1.0,1.0,1
0.7142857142857143,1.0,1.0,1.0,1
0.8,1.0,1.0,1.0,1
0.9459459459459459,1.0,1.0,1.0,1
0.962962962962963,1.0,1.0,1.0,1
0.75,1.0,1.0,1.0,1
0.27586206896551724,0.3939393939393939,0.0,0.3597122302158273,0
0.42105263157894735,0.30000000000000004,0.0,0.34285714285714286,0
0.7333333333333334,1.0,1.0,1.0,1
0.9655172413793103,1.0,1.0,1.0,1
0.8095238095238095,1.0,1.0,1.0,1
0.4,0.34862385321100914,0.0,0.25,0
0.7619047619047619,1.0,1.0,1.0,1
0.75,1.0,1.0,1.0,1
0.96,1.0,1.0,1.0,1
0.39344262295081966,0.3157894736842105,0.0,0.4761904761904761,0
0.23809523809523814,0.34883720930232553,0.0,0.24137931034482762,0
0.9375,1.0,1.0,1.0,1
0.8461538461538461,1.0,1.0,1.0,1
0.6190476190476191,1.0,1.0,1.0,1
0.375,0.3584905660377359,1.0,0.25,0
0.5238095238095238,0.31818181818181823,0.0,0.24137931034482762,0
0.2962962962962963,0.32835820895522383,0.0,1.0,0
0.2857142857142857,0.32258064516129037,0.0,0.31746031746031744,0
0.7619047619047619,1.0,1.0,1.0,1
0.8181818181818181,1.0,1.0,1.0,1
0.31999999999999995,0.3132530120481928,0.0,1.0,0
0.24,0.326530612244898,0.0,0.23333333333333328,0
0.2777777777777778,0.28846153846153844,1.0,0.14814814814814814,0
0.9285714285714286,1.0,1.0,1.0,1
0.25,0.36144578313253023,0.0,0.35820895522388063,0
0.3137254901960784,0.4615384615384615,0.0,1.0,0
0.2222222222222222,0.37209302325581395,0.0,0.35820895522388063,0
0.8095238095238095,1.0,1.0,1.0,1
0.375,0.28985507246376807,0.0,0.3597122302158273,0
0.34042553191489366,0.3529411764705882,0.0,0.3783783783783784,0
0.9508196721311475,1.0,1.0,1.0,1
0.6428571428571428,1.0,1.0,1.0,1
0.3157894736842105,0.3893805309734514,1.0,1.0,0
0.7619047619047619,1.0,1.0,1.0,1
0.8214285714285714,1.0,1.0,1.0,1
0.8913043478260869,1.0,1.0,1.0,1
0.7916666666666665,1.0,1.0,1.0,1
0.41666666666666663,0.16000000000000003,0.0,0.45569620253164556,0
0.2222222222222222,0.3305785123966942,0.0,0.36363636363636365,0
0.25,0.26315789473684215,0.0,0.14678899082568808,0
0.2857142857142857,0.27350427350427353,0.0,1.0,0
0.33333333333333337,0.2696629213483146,0.0,0.5454545454545454,0
0.7619047619047619,1.0,1.0,1.0,1
0.23255813953488372,0.30000000000000004,0.0,0.4074074074074075,0
0.9259259259259259,1.0,1.0,1.0,1
0.2777777777777778,0.3146067415730337,1.0,1.0,0
0.826086956521739,1.0,1.0,1.0,1
0.9767441860465115,1.0,1.0,1.0,1
0.7777777777777779,0.0,1.0,1.0,1
0.4285714285714286,1.0,1.0,1.0,1
0.2857142857142857,0.26771653543307083,0.0,0.2545454545454545,0
0.8529411764705883,1.0,1.0,1.0,1
0.2222222222222222,0.2542372881355932,0.0,0.14678899082568808,0
0.8181818181818181,1.0,1.0,1.0,1
0.96,1.0,1.0,1.0,1
0.9767441860465115,1.0,1.0,1.0,1
0.22857142857142854,0.3076923076923077,1.0,1.0,0
0.7916666666666665,1.0,1.0,1.0,1
0.4285714285714286,0.37142857142857144,0.0,0.32258064516129037,0
0.3783783783783784,0.25,0.0,0.25,0
0.5555555555555556,1.0,1.0,1.0,1
0.33333333333333337,0.34782608695652173,0.0,0.2545454545454545,0
0.75,1.0,1.0,1.0,1
0.962962962962963,1.0,1.0,1.0,1
0.4242424242424242,0.3857142857142857,0.0,0.23333333333333328,0
0.6666666666666667,0.35,1.0,1.0,0
0.68,1.0,1.0,1.0,1
0.4782608695652174,0.4,0.0,1.0,0
0.7837837837837838,1.0,1.0,1.0,1
0.75,1.0,1.0,1.0,1
0.8571428571428572,1.0,1.0,1.0,1
0.8974358974358975,1.0,1.0,1.0,1
0.75,1.0,1.0,1.0,1
0.6363636363636364,1.0,1.0,1.0,1
0.8076923076923077,1.0,1.0,1.0,1
0.5128205128205128,0.2597402597402597,0.0,0.14678899082568808,0
0.5789473684210527,1.0,1.0,1.0,1
0.36734693877551017,0.4838709677419355,0.0,0.30508474576271183,0
0.967032967032967,1.0,1.0,1.0,1
0.368421052631579,0.3689320388349514,0.0,0.36363636363636365,0
0.9696969696969697,1.0,1.0,1.0,1
0.23255813953488372,0.29729729729729726,0.0,0.25,0
0.6521739130434783,1.0,1.0,1.0,1
0.3783783783783784,0.27450980392156865,0.0,0.36363636363636365,0
0.8823529411764706,1.0,1.0,1.0,1
0.84,1.0,1.0,1.0,1
0.84,1.0,1.0,1.0,1
0.9333333333333332,1.0,1.0,1.0,1
0.3157894736842105,0.3544303797468354,0.0,0.25,0
0.7647058823529411,1.0,1.0,1.0,1
0.9696969696969697,1.0,1.0,1.0,1
0.2857142857142857,0.3492063492063492,0.0,1.0,0
0.6666666666666667,1.0,1.0,1.0,1
0.9565217391304348,1.0,1.0,1.0,1
0.7714285714285716,1.0,1.0,1.0,1
0.32558139534883723,0.2465753424657534,1.0,0.23333333333333328,0
0.303030303030303,0.3111111111111111,0.0,0.48,0
0.2790697674418605,0.2471910112359551,0.0,0.2068965517241379,0
0.2592592592592593,0.10869565217391308,0.0,0.31746031746031744,0
0.3529411764705882,0.32592592592592595,0.0,0.48,0
0.32432432432432434,0.3076923076923077,0.0,0.22857142857142854,0
0.5789473684210527,1.0,1.0,1.0,1
0.2857142857142857,0.33333333333333337,0.0,0.14678899082568808,0
0.9589041095890412,1.0,1.0,1.0,1
0.3492063492063492,0.2692307692307693,0.0,0.2545454545454545,0
0.975609756097561,1.0,1.0,1.0,1
0.7037037037037037,1.0,1.0,1.0,1
0.34375,0.29508196721311475,0.0,1.0,0
0.9411764705882352,1.0,1.0,1.0,1
0.2857142857142857,0.34408602150537637,0.0,0.48,0
0.34042553191489366,0.32520325203252026,0.0,0.3597122302158273,0
0.9696969696969697,1.0,1.0,1.0,1
0.32432432432432434,0.29729729729729726,0.0,0.2545454545454545,0
0.84,1.0,1.0,1.0,1
0.34615384615384615,0.26415094339622647,0.0,1.0,0
0.23076923076923073,0.3220338983050848,0.0,0.33333333333333337,0
0.19999999999999996,0.3448275862068966,0.0,0.25,0
0.23255813953488372,0.39344262295081966,0.0,0.3597122302158273,0
0.9565217391304348,1.0,1.0,1.0,1
0.8571428571428572,1.0,1.0,1.0,1
0.32432432432432434,0.2417582417582418,0.0,0.14814814814814814,0
0.3414634146341463,0.34408602150537637,0.0,0.25,0
0.7894736842105263,1.0,1.0,1.0,1
0.34042553191489366,0.30508474576271183,0.0,0.3597122302158273,0
0.8857142857142857,1.0,1.0,1.0,1
0.9444444444444444,1.0,1.0,1.0,1
0.7727272727272727,1.0,1.0,1.0,1
0.17021276595744683,0.2823529411764706,0.0,0.35820895522388063,0
0.7619047619047619,1.0,1.0,1.0,1
0.7222222222222221,1.0,1.0,1.0,1
0.31818181818181823,0.1923076923076923,0.0,0.25,0
0.962962962962963,1.0,1.0,1.0,1
0.37209302325581395,0.2777777777777778,0.0,0.2222222222222222,0
0.34782608695652173,0.34375,0.0,0.25,0
0.6923076923076923,1.0,1.0,1.0,1
0.37209302325581395,0.2592592592592593,1.0,0.25,0
0.2666666666666667,0.3589743589743589,0.0,0.25,0
0.4516129032258065,0.26530612244897955,0.0,0.25,0
0.9696969696969697,1.0,1.0,1.0,1
0.7619047619047619,1.0,1.0,1.0,1
0.6666666666666667,1.0,1.0,1.0,1
0.826086956521739,1.0,1.0,1.0,1
0.96,1.0,1.0,1.0,1
0.32558139534883723,0.30927835051546393,0.0,0.42666666666666664,0
0.804878048780488,1.0,1.0,1.0,1
0.962962962962963,1.0,1.0,1.0,1
0.32258064516129037,0.40476190476190477,0.0,0.33333333333333337,0
0.35,0.31775700934579443,0.0,0.25,0
0.9411764705882352,1.0,1.0,1.0,1
0.30434782608695654,0.3709677419354838,0.0,1.0,0
0.3529411764705882,0.2682926829268293,0.0,0.3597122302158273,0
0.36363636363636365,0.22580645161290325,0.0,0.3783783783783784,0
0.8181818181818181,1.0,1.0,1.0,1
0.4285714285714286,0.33333333333333337,1.0,0.35820895522388063,0
0.9454545454545454,1.0,1.0,1.0,1
0.96,1.0,1.0,1.0,1
0.3846153846153846,0.2650602409638554,0.0,0.25,0
0.5833333333333333,0.14893617021276595,0.0,1.0,0
0.68,1.0,1.0,1.0,1
0.4,0.3362831858407079,1.0,1.0,0
0.32558139534883723,0.3063063063063063,0.0,1.0,0
0.42105263157894735,0.3220338983050848,0.0,0.2222222222222222,0
0.2222222222222222,0.30379746835443033,0.0,0.3597122302158273,0
0.6521739130434783,1.0,1.0,1.0,1
0.7222222222222221,1.0,1.0,1.0,1
0.8275862068965517,1.0,1.0,1.0,1
0.32432432432432434,0.27368421052631575,0.0,0.25,0
0.9259259259259259,1.0,1.0,1.0,1
0.7142857142857143,1.0,1.0,1.0,1
0.3137254901960784,0.4,1.0,0.25,0
0.3571428571428571,0.3058823529411765,0.0,0.23333333333333328,0
0.7222222222222221,1.0,1.0,1.0,1
0.23529411764705888,0.3218390804597702,0.0,0.3589743589743589,0
0.23255813953488372,0.25,0.0,0.25,0
0.782608695652174,1.0,1.0,1.0,1
0.3214285714285714,0.31818181818181823,0.0,0.23333333333333328,0
0.2962962962962963,0.27450980392156865,0.0,0.35820895522388063,0
0.9545454545454546,1.0,1.0,1.0,1
0.8484848484848484,1.0,1.0,1.0,1
0.736842105263158,1.0,1.0,1.0,1
0.48275862068965514,0.2068965517241379,0.0,0.31746031746031744,0
0.967741935483871,1.0,1.0,1.0,1
0.7837837837837838,1.0,1.0,1.0,1
0.75,1.0,1.0,1.0,1
0.4444444444444444,0.32592592592592595,1.0,1.0,0
0.967741935483871,1.0,1.0,1.0,1
0.34042553191489366,0.3703703703703704,0.0,0.25,0
0.33333333333333337,0.2945736434108527,1.0,0.36363636363636365,0
0.8181818181818181,1.0,1.0,1.0,1
0.24390243902439024,0.30000000000000004,0.0,0.2857142857142857,0
0.14634146341463417,0.34375,1.0,0.3597122302158273,0
0.7647058823529411,1.0,1.0,1.0,1
0.9743589743589743,1.0,1.0,1.0,1
0.3414634146341463,0.3188405797101449,0.0,0.45569620253164556,0
0.8,1.0,1.0,1.0,1
0.4,0.37209302325581395,0.0,1.0,0
0.75,1.0,1.0,1.0,1
0.8095238095238095,1.0,1.0,1.0,1
0.9583333333333335,1.0,1.0,1.0,1
0.8333333333333335,1.0,1.0,1.0,1
0.36363636363636365,0.3098591549295775,1.0,1.0,0
0.84,1.0,1.0,1.0,1
0.9523809523809522,1.0,1.0,1.0,1
0.33333333333333337,0.37606837606837606,0.0,1.0,0
0.5945945945945945,0.24,0.0,0.25,0
0.6875,1.0,1.0,1.0,1
0.8461538461538461,1.0,1.0,1.0,1
0.37735849056603776,0.367816091954023,1.0,0.3597122302158273,0
0.4,0.3551401869158879,0.0,0.3941605839416058,0
0.33333333333333337,0.34523809523809523,0.0,0.2545454545454545,0
0.9523809523809522,1.0,1.0,1.0,1
0.9642857142857143,1.0,1.0,1.0,1
0.3589743589743589,0.423728813559322,0.0,0.33333333333333337,0
0.8857142857142857,1.0,1.0,1.0,1
0.2857142857142857,0.36734693877551017,0.0,1.0,0
0.21818181818181814,0.29508196721311475,0.0,0.45569620253164556,0
0.8918918918918919,1.0,1.0,1.0,1
0.35820895522388063,0.2222222222222222,0.0,0.25,0
0.2962962962962963,0.34545454545454546,0.0,0.48,0
0.33333333333333337,0.33684210526315794,0.0,0.3597122302158273,0
0.6521739130434783,1.0,1.0,1.0,1
0.75,1.0,1.0,1.0,1
0.33333333333333337,0.26262626262626265,0.0,0.48,0
0.9655172413793103,1.0,1.0,1.0,1
0.3076923076923077,0.0,1.0,0.36923076923076925,0
0.8181818181818181,1.0,1.0,1.0,1
0.8823529411764706,1.0,1.0,1.0,1
0.967741935483871,1.0,1.0,1.0,1
0.9333333333333332,1.0,1.0,1.0,1
0.7894736842105263,1.0,1.0,1.0,1
0.2857142857142857,0.24137931034482762,0.0,0.3597122302158273,0
0.3529411764705882,0.32098765432098764,0.0,1.0,0
0.8620689655172413,1.0,1.0,1.0,1
0.2666666666666667,0.4285714285714286,0.0,1.0,0
0.9090909090909091,1.0,1.0,1.0,1
0.962962962962963,0.0,1.0,1.0,1
0.2941176470588235,0.3414634146341463,0.0,0.4761904761904761,0
0.38888888888888884,0.18666666666666665,0.0,0.36363636363636365,0
0.4516129032258065,0.30400000000000005,0.0,1.0,0
0.9615384615384616,1.0,1.0,1.0,1
0.2666666666666667,0.32608695652173914,0.0,0.20895522388059706,0
0.35,0.4444444444444444,0.0,0.2545454545454545,0
0.926829268292683,1.0,1.0,1.0,1
0.8333333333333335,1.0,1.0,1.0,1
0.9696969696969697,1.0,1.0,1.0,1
0.2564102564102564,0.25,0.0,0.4666666666666666,0
0.7727272727272727,1.0,1.0,1.0,1
0.8214285714285714,1.0,1.0,1.0,1
0.28125,0.0,0.0,0.3597122302158273,0
0.6190476190476191,1.0,1.0,1.0,1
0.9655172413793103,1.0,1.0,1.0,1
0.2142857142857143,0.2692307692307693,0.0,0.3597122302158273,0
0.2222222222222222,0.41025641025641024,0.0,0.3597122302158273,0
0.9,1.0,1.0,1.0,1
0.24242424242424243,0.33333333333333337,0.0,0.45569620253164556,0
0.2790697674418605,0.40540540540540543,0.0,1.0,0
0.967741935483871,1.0,1.0,1.0,1
0.2702702702702703,0.3088235294117647,0.0,0.42666666666666664,0
0.6923076923076923,1.0,1.0,1.0,1
0.23728813559322037,0.0,0.0,0.2857142857142857,0
0.8181818181818181,1.0,1.0,1.0,1
0.75,1.0,1.0,1.0,1
0.3529411764705882,0.30952380952380953,0.0,0.24137931034482762,0
0.75,1.0,1.0,1.0,1
0.875,1.0,1.0,1.0,1
0.3783783783783784,0.17647058823529416,0.0,0.31746031746031744,0
0.35,0.30400000000000005,0.0,0.2068965517241379,0
0.2666666666666667,0.2807017543859649,0.0,0.5154639175257731,0
0.8666666666666667,1.0,1.0,1.0,1
0.6190476190476191,1.0,1.0,1.0,1
0.9583333333333335,1.0,1.0,1.0,1
0.30434782608695654,0.35,0.0,1.0,0
0.32558139534883723,0.34782608695652173,0.0,0.25,0
0.7894736842105263,1.0,1.0,1.0,1
0.4516129032258065,0.27450980392156865,0.0,0.25,0
0.7916666666666665,1.0,1.0,1.0,1
0.3846153846153846,0.29333333333333333,0.0,0.35820895522388063,0
0.8611111111111112,1.0,1.0,1.0,1
0.19999999999999996,0.2857142857142857,0.0,0.5454545454545454,0
0.36363636363636365,0.2272727272727273,0.0,0.4545454545454546,0
0.7714285714285716,1.0,1.0,1.0,1
0.8275862068965517,1.0,1.0,1.0,1
0.2153846153846154,0.08510638297872342,0.0,0.35820895522388063,0
0.4390243902439024,0.30612244897959184,1.0,0.4,0
0.3793103448275862,0.3111111111111111,0.0,0.25,0
0.8518518518518519,1.0,1.0,1.0,1
0.3414634146341463,0.3565891472868217,0.0,0.22857142857142854,0
0.4444444444444444,0.23404255319148937,0.0,1.0,0
0.7407407407407408,0.21359223300970875,0.0,0.23076923076923073,0
0.24,0.28205128205128205,0.0,0.35820895522388063,0
0.782608695652174,1.0,1.0,1.0,1
0.9696969696969697,1.0,1.0,1.0,1
0.9647058823529412,1.0,1.0,1.0,1
0.9662921348314607,1.0,1.0,1.0,1
0.9767441860465115,1.0,1.0,1.0,1
0.39130434782608686,0.31007751937984496,0.0,0.4074074074074075,0
0.96,1.0,1.0,1.0,1
0.8,1.0,1.0,1.0,1
0.39130434782608686,0.28125,1.0,0.25,0
0.2272727272727273,0.3366336633663366,0.0,0.25,0
0.8571428571428572,1.0,1.0,1.0,1
0.3076923076923077,0.33333333333333337,0.0,0.31746031746031744,0
0.6923076923076923,1.0,1.0,1.0,1
0.9743589743589743,1.0,1.0,1.0,1
0.3870967741935484,0.3129251700680272,0.0,0.20895522388059706,0
0.6875,1.0,1.0,1.0,1
0.826086956521739,1.0,1.0,1.0,1
0.962962962962963,1.0,1.0,1.0,1
0.6190476190476191,0.3076923076923077,0.0,1.0,0
0.9565217391304348,1.0,1.0,1.0,1
0.2857142857142857,0.24242424242424243,0.0,0.3597122302158273,0
0.31818181818181823,0.3191489361702128,0.0,0.25,0
0.29268292682926833,0.29166666666666663,1.0,0.3597122302158273,0
0.2564102564102564,0.3298969072164949,0.0,1.0,0
0.9655172413793103,1.0,1.0,1.0,1
0.368421052631579,0.3898305084745763,0.0,0.25,0
0.26086956521739135,0.2857142857142857,0.0,0.2545454545454545,0
0.736842105263158,1.0,1.0,1.0,1
0.6923076923076923,1.0,1.0,1.0,1
0.8684210526315791,1.0,1.0,1.0,1
0.34285714285714286,0.31818181818181823,0.0,0.45569620253164556,0
0.84,1.0,1.0,1.0,1
0.68,1.0,1.0,1.0,1
0.7575757575757575,1.0,1.0,1.0,1
0.33333333333333337,0.33333333333333337,0.0,0.288135593220339,0
0.3829787234042554,0.24,0.0,0.3597122302158273,0
0.7419354838709676,1.0,1.0,1.0,1
0.7142857142857143,1.0,1.0,1.0,1
0.7333333333333334,1.0,1.0,1.0,1
0.3125,0.26890756302521013,0.0,1.0,0
0.56,0.34426229508196726,0.0,1.0,0
0.826086956521739,1.0,1.0,1.0,1
0.8461538461538461,1.0,1.0,1.0,1
0.6666666666666667,1.0,1.0,1.0,1
0.26415094339622647,0.2857142857142857,1.0,0.25,0
0.2222222222222222,0.302158273381295,0.0,0.25,0
0.9696969696969697,1.0,1.0,1.0,1
0.33333333333333337,0.3207547169811321,0.0,1.0,0
0.9444444444444444,1.0,1.0,1.0,1
0.4761904761904761,0.4271844660194175,0.0,0.3597122302158273,0
0.2647058823529411,0.34343434343434337,0.0,0.25,0
0.8,1.0,1.0,1.0,1
0.32258064516129037,0.3106796116504854,0.0,0.2857142857142857,0
0.2162162162162162,0.2564102564102564,0.0,0.33333333333333337,0
0.7241379310344827,1.0,1.0,1.0,1
0.4242424242424242,0.25287356321839083,0.0,0.14678899082568808,0
0.7647058823529411,1.0,1.0,1.0,1
0.7916666666666665,1.0,1.0,1.0,1
0.7727272727272727,1.0,1.0,1.0,1
0.25,0.40963855421686746,0.0,0.34285714285714286,0
0.8666666666666667,1.0,1.0,1.0,1
0.8181818181818181,1.0,1.0,1.0,1
0.826086956521739,1.0,1.0,1.0,1
0.8518518518518519,1.0,1.0,1.0,1
0.9056603773584907,1.0,1.0,1.0,1
0.8181818181818181,1.0,1.0,1.0,1
0.3157894736842105,0.19565217391304343,0.0,0.2545454545454545,0
0.4242424242424242,0.3298969072164949,0.0,0.25,0
0.4307692307692308,0.27522935779816515,0.0,1.0,0
0.34042553191489366,0.3373493975903614,0.0,0.2545454545454545,0
0.28,0.32835820895522383,0.0,0.25,0
0.23529411764705888,0.6440677966101696,1.0,0.3793103448275862,0
0.95,1.0,1.0,1.0,1
0.32258064516129037,0.3529411764705882,0.0,0.14678899082568808,0
0.9302325581395349,1.0,1.0,1.0,1
0.2978723404255319,0.34782608695652173,0.0,0.45569620253164556,0
0.36363636363636365,0.36065573770491793,0.0,0.2545454545454545,0
0.7222222222222221,1.0,1.0,1.0,1
0.24242424242424243,0.25,0.0,0.14678899082568808,0
0.3829787234042554,0.4444444444444444,0.0,0.23333333333333328,0
0.17391304347826086,0.33333333333333337,0.0,0.3783783783783784,0
0.9444444444444444,1.0,1.0,1.0,1
0.2727272727272727,0.17821782178217827,0.0,0.14678899082568808,0
0.9411764705882352,1.0,1.0,1.0,1
0.34285714285714286,0.24561403508771928,0.0,0.33333333333333337,0
0.6923076923076923,1.0,1.0,1.0,1
0.9714285714285714,1.0,1.0,1.0,1
0.9743589743589743,1.0,1.0,1.0,1
0.4444444444444444,0.23076923076923073,0.0,0.14814814814814814,0
0.33333333333333337,0.25,0.0,0.14678899082568808,0
0.18181818181818177,0.32758620689655177,0.0,0.23076923076923073,0
0.9655172413793103,1.0,1.0,1.0,1
0.3125,0.25742574257425743,0.0,0.25,0
0.33333333333333337,0.29059829059829057,0.0,0.23333333333333328,0
0.4,0.28888888888888886,0.0,0.25,0
0.2857142857142857,0.33333333333333337,0.0,1.0,0
0.84,1.0,1.0,1.0,1
0.3666666666666667,0.30400000000000005,0.0,1.0,0
0.75,1.0,1.0,1.0,1
0.7575757575757575,1.0,1.0,1.0,1
0.3508771929824561,0.3119266055045872,0.0,0.3783783783783784,0
0.368421052631579,0.3035714285714286,0.0,0.3597122302158273,0
0.9473684210526316,1.0,1.0,1.0,1
0.2857142857142857,0.3076923076923077,0.0,0.4,0
0.8095238095238095,1.0,1.0,1.0,1
0.96,1.0,1.0,1.0,1
0.41025641025641024,0.3972602739726028,0.0,0.25,0
0.30000000000000004,0.31081081081081086,0.0,0.41666666666666663,0
0.31034482758620685,0.2647058823529411,0.0,0.25,0
0.35,0.2592592592592593,0.0,0.3783783783783784,0
0.8709677419354839,1.0,1.0,1.0,1
0.26315789473684215,0.26086956521739135,0.0,0.2545454545454545,0
0.27586206896551724,0.2564102564102564,0.0,0.48,0
0.25806451612903225,0.21276595744680848,0.0,0.3597122302158273,0
0.6363636363636364,1.0,1.0,1.0,1
0.35,0.3287671232876712,0.0,0.25,0
0.8297872340425532,1.0,1.0,1.0,1
0.962962962962963,1.0,1.0,1.0,1
0.75,1.0,1.0,1.0,1
0.4324324324324324,0.28800000000000003,0.0,0.4444444444444444,0
0.4324324324324324,0.38636363636363635,0.0,0.2545454545454545,0
0.7419354838709676,1.0,1.0,1.0,1
0.7777777777777779,1.0,1.0,1.0,1
0.8571428571428572,1.0,1.0,1.0,1
0.2162162162162162,0.4,0.0,0.36363636363636365,0
0.962962962962963,1.0,1.0,1.0,1
0.84,1.0,1.0,1.0,1
0.5294117647058824,1.0,1.0,1.0,1
0.8888888888888888,1.0,1.0,1.0,1
0.3703703703703704,0.2465753424657534,0.0,0.3783783783783784,0
0.29268292682926833,0.19780219780219777,0.0,0.3597122302158273,0
0.23529411764705888,0.27368421052631575,0.0,1.0,0
0.6875,1.0,1.0,1.0,1
0.8888888888888888,1.0,1.0,1.0,1
0.826086956521739,1.0,1.0,1.0,1
0.7647058823529411,1.0,1.0,1.0,1
0.3589743589743589,0.11538461538461542,1.0,1.0,0
0.8529411764705883,1.0,1.0,1.0,1
0.36363636363636365,0.3529411764705882,0.0,0.2545454545454545,0
0.8095238095238095,1.0,1.0,1.0,1
0.8571428571428572,1.0,1.0,1.0,1
0.8095238095238095,1.0,1.0,1.0,1
0.2857142857142857,0.31404958677685946,0.0,0.3214285714285714,0
0.8809523809523809,1.0,1.0,1.0,1
0.967741935483871,1.0,1.0,1.0,1
0.7419354838709676,1.0,1.0,1.0,1
0.8518518518518519,1.0,1.0,1.0,1
0.9696969696969697,1.0,1.0,1.0,1
0.3076923076923077,0.3880597014925373,0.0,0.3783783783783784,0
0.9090909090909091,1.0,1.0,1.0,1
0.75,1.0,1.0,1.0,1
0.24242424242424243,0.3669724770642202,0.0,0.25,0
0.3589743589743589,0.31304347826086953,0.0,1.0,0
0.2857142857142857,0.3666666666666667,0.0,0.45569620253164556,0
0.9655172413793103,1.0,1.0,1.0,1
0.2702702702702703,0.2588235294117647,0.0,0.48,0
0.8181818181818181,1.0,1.0,1.0,1
0.8181818181818181,1.0,1.0,1.0,1
0.826086956521739,1.0,1.0,1.0,1
0.15094339622641506,0.33333333333333337,0.0,0.35820895522388063,0
0.7647058823529411,1.0,1.0,1.0,1
0.375,0.375,0.0,0.2068965517241379,0
0.3589743589743589,0.35820895522388063,0.0,0.25,0
0.30508474576271183,0.33043478260869563,0.0,1.0,0
0.7419354838709676,1.0,1.0,1.0,1
0.326530612244898,0.2912621359223301,0.0,0.4,0
0.38888888888888884,0.33333333333333337,0.0,0.3783783783783784,0
0.7619047619047619,1.0,1.0,1.0,1
0.2564102564102564,0.3695652173913043,0.0,0.2545454545454545,0
0.3076923076923077,0.3310344827586207,0.0,0.45569620253164556,0
0.826086956521739,1.0,1.0,1.0,1
0.3529411764705882,0.3738317757009347,0.0,0.3597122302158273,0
0.29268292682926833,0.2912621359223301,0.0,0.3597122302158273,0
0.8461538461538461,1.0,1.0,1.0,1
0.7419354838709676,1.0,1.0,1.0,1
0.8076923076923077,1.0,1.0,1.0,1
0.375,0.3063063063063063,1.0,0.31746031746031744,0
0.3137254901960784,0.29702970297029707,0.0,0.35820895522388063,0
0.9523809523809522,1.0,1.0,1.0,1
0.8571428571428572,1.0,1.0,1.0,1
0.68,1.0,1.0,1.0,1
0.410958904109589,0.2716049382716049,0.0,1.0,0
0.9393939393939393,1.0,1.0,1.0,1
0.8076923076923077,1.0,1.0,1.0,1
0.4242424242424242,0.19999999999999996,0.0,0.25,0
0.32432432432432434,0.34862385321100914,0.0,0.3597122302158273,0
0.875,1.0,1.0,1.0,1
0.7647058823529411,1.0,1.0,1.0,1
0.5,0.3695652173913043,0.0,0.25,0
0.25,0.3711340206185567,0.0,0.14814814814814814,0
0.8095238095238095,1.0,1.0,1.0,1
0.96,1.0,1.0,1.0,1
0.7142857142857143,1.0,1.0,1.0,1
0.9655172413793103,1.0,1.0,1.0,1
0.7241379310344827,1.0,1.0,1.0,1
0.9714285714285714,1.0,1.0,1.0,1
0.8461538461538461,1.0,1.0,1.0,1
0.2777777777777778,0.23529411764705888,0.0,0.2545454545454545,0
0.2666666666666667,0.33009708737864074,0.0,1.0,0
0.4705882352941176,0.3709677419354838,0.0,0.35820895522388063,0
0.9743589743589743,1.0,1.0,1.0,1
0.26315789473684215,0.3076923076923077,0.0,1.0,0
0.962962962962963,1.0,1.0,1.0,1
0.2941176470588235,0.345679012345679,0.0,0.25,0
0.26315789473684215,0.27522935779816515,0.0,0.25,0
0.8095238095238095,1.0,1.0,1.0,1
0.6363636363636364,1.0,1.0,1.0,1
0.3448275862068966,0.15384615384615385,0.0,0.36923076923076925,0
